candidate,protocol,phase,scene_token,sample_token,timestamp,batch_index,decoder_layer,query_index,query_source,action,previous_action,gap_age,base_positive_evidence,lost_strength,restoration_budget,actual_bonus,motion_gate,source_gate,reliability_gate,previous_source_vector,current_source_vector,previous_center,current_center,current_center_global,velocity_extrapolated_center,predicted_class,predicted_score,write_mask,memory_write,memory_slot,future_1_exists,future_3_exists,future_5_exists,gt_matched,gt_token,gt_class,class_correct,center_distance,velocity_error,tp,fp,first_correct_recovery_frame,false_recovery_duration,memory_pollution_duration,b0_already_matched_gt,improved_gt_match_vs_b0
b0,camera_crash_5,recovery_1_5,fcbccedd61424f1b85dcbf8f897f9754,fa65a298c01f44e7a182bbf9e5fe3697,1533151607.548824,8,5,655,propagated,keep,recover,1.0,0.4015122950077057,0.13503074645996094,0.03212098404765129,0.0,0.9031639695167542,0.0,0.7249476909637451,"[0.0, 0.0, 0.0, 0.0, 1.0, 0.0]","[0.0, 0.0, 0.0, 0.9998990297317505, 0.0, 0.0]","[-4.4727783203125, -17.782318115234375, -1.609182357788086]","[-2.9776039123535156, -20.643585205078125, -1.2705936431884766]","[615.0804443359375, 1642.7197265625, 1.624693751335144]","[-4.49532413482666, -22.27895736694336, -1.609182357788086]",barrier,0.0002472710039000958,True,False,-1,False,False,False,False,,,False,2.1051207313802487,,False,True,,0,0,False,False
b0,camera_crash_5,recovery_1_5,fcbccedd61424f1b85dcbf8f897f9754,fa65a298c01f44e7a182bbf9e5fe3697,1533151607.548824,8,5,741,propagated,keep,recover,2.0,0.5837610960006714,0.878535270690918,0.046543899923563004,0.0,0.9931914806365967,7.202864606842274e-13,0.7023642063140869,"[0.0, 0.21097926795482635, 0.0, 0.0, 0.0, 0.7890207171440125]","[0.0, 0.0, 0.0, 0.9998669624328613, 0.0, 7.454928059417998e-13]","[9.977294921875, -22.687835693359375, -1.760812759399414]","[9.625144958496094, -22.915246963500977, -1.353546380996704]","[605.2904663085938, 1634.4642333984375, 1.6020662784576416]","[9.977294921875, -22.687835693359375, -1.760812759399414]",traffic_cone,0.1287114918231964,True,True,92,False,False,False,False,,,False,3.4182350206919074,,False,True,,1,1,False,False
b0,camera_crash_5,recovery_1_5,fcbccedd61424f1b85dcbf8f897f9754,fa65a298c01f44e7a182bbf9e5fe3697,1533151607.548824,8,5,794,propagated,defer,defer,2.0,0.4808596670627594,0.0,0.0,0.0,0.9921633005142212,0.0,0.751109778881073,"[0.0, 0.0, 0.0, 0.0, 0.0, 0.0]","[0.0, 0.0, 0.0, 0.9997352957725525, 0.0, 7.921597134762787e-14]","[10.986328125, -27.05694580078125, -1.5927963256835938]","[10.62628173828125, -26.645729064941406, -1.1220324039459229]","[601.79052734375, 1636.06103515625, 2.017747402191162]","[10.978666305541992, -26.427589416503906, -1.5927963256835938]",pedestrian,0.14329835772514343,False,True,81,False,False,False,False,,,False,2.661060885650657,,False,True,,0,0,False,False
b0,camera_crash_5,recovery_1_5,325cef682f064c55a255f2625c533b75,5b7cb170eee6468aa1fdbd3abcf63c5a,1538984237.446737,48,5,845,propagated,defer,defer,4.0,0.4021035432815552,0.0,0.0,0.0,0.9051268696784973,0.0,0.707398533821106,"[0.0, 0.0, 0.0, 0.0, 0.0, 0.0]","[0.0, 0.0, 0.0, 0.9999837875366211, 0.0, 0.0]","[-3.741241455078125, -28.6231689453125, -2.0000572204589844]","[-3.021137237548828, -26.933744430541992, -1.701688289642334]","[728.7748413085938, 1813.5870361328125, 1.2373195886611938]","[-4.348969459533691, -28.703447341918945, -2.0000572204589844]",pedestrian,0.04718000069260597,False,True,214,False,False,False,False,,,False,5.249272978969507,,False,True,,0,0,False,False
b0,camera_crash_5,recovery_1_5,325cef682f064c55a255f2625c533b75,5b7cb170eee6468aa1fdbd3abcf63c5a,1538984237.446737,48,5,847,propagated,defer,defer,4.0,0.3730085790157318,0.0,0.0,0.0,0.9512810111045837,0.0,0.7337639927864075,"[0.0, 0.0, 0.0, 0.0, 0.0, 0.0]","[0.0, 0.0, 0.0, 0.9999858140945435, 0.0, 0.0]","[-0.79913330078125, -25.07421875, -1.8847236633300781]","[-2.1892127990722656, -23.832046508789062, -1.5966169834136963]","[726.2145385742188, 1811.6458740234375, 1.2116243839263916]","[-1.3860554695129395, -25.162166595458984, -1.8847236633300781]",pedestrian,0.07686594128608704,False,True,148,False,False,False,False,,,False,2.0540606791684795,,False,True,,0,0,False,False
b0,camera_crash_5,recovery_1_5,325cef682f064c55a255f2625c533b75,5b7cb170eee6468aa1fdbd3abcf63c5a,1538984237.446737,48,5,863,propagated,defer,defer,3.0,0.45389285683631897,0.0,0.0,0.0,0.9986007809638977,0.0,0.7944150567054749,"[0.0, 0.0, 0.0, 0.0, 0.0, 0.0]","[0.0, 0.0, 0.0, 0.9999858140945435, 2.469493343436282e-31, 0.0]","[-5.22808837890625, -23.45391845703125, -1.6957435607910156]","[-5.6976165771484375, -23.041431427001953, -1.5841505527496338]","[728.5009765625, 1808.869873046875, 1.2098486423492432]","[-5.8377861976623535, -23.236135482788086, -1.6957435607910156]",pedestrian,0.017517639324069023,False,False,-1,False,False,False,False,,,False,3.9069552654661805,,False,True,,0,0,False,False
b0,camera_crash_10,recovery_1_5,fcbccedd61424f1b85dcbf8f897f9754,de7593d76648450e947ba0c203dee1b0,1533151609.947025,13,5,667,propagated,defer,defer,2.0,0.534895122051239,0.0,0.0,0.0,0.955470621585846,0.0,0.7478633522987366,"[0.0, 0.0, 0.0, 0.0, 0.0, 0.0]","[0.0, 0.0, 0.0, 0.9999524354934692, 7.811714324349948e-31, 0.0]","[-11.931640625, -44.655426025390625, -3.388721466064453]","[-10.52054214477539, -45.53394317626953, -3.2358272075653076]","[614.6259765625, 1652.80322265625, 1.4406269788742065]","[-11.981163024902344, -45.18641662597656, -3.388721466064453]",pedestrian,0.3019450008869171,False,True,12,False,False,False,False,,,False,2.4103093833702816,,False,True,,0,0,False,False
b0,camera_crash_10,recovery_1_5,fcbccedd61424f1b85dcbf8f897f9754,de7593d76648450e947ba0c203dee1b0,1533151609.947025,13,5,707,propagated,defer,defer,5.0,0.5479990243911743,0.0,0.0,0.0,0.9726881980895996,0.0,0.7533442974090576,"[0.0, 0.0, 0.0, 0.0, 0.0, 0.0]","[0.0, 0.0, 0.0, 0.9999376535415649, 0.0, 2.4794039614970617e-22]","[9.70806884765625, -40.96099853515625, -2.8972816467285156]","[10.882118225097656, -41.02931213378906, -2.858245372772217]","[604.3899536132812, 1633.471435546875, 1.3197482824325562]","[9.708067893981934, -40.96099853515625, -2.8972816467285156]",traffic_cone,0.17872510850429535,False,True,39,False,False,False,False,,,False,3.4755792212663676,,False,True,,0,0,False,False
b0,camera_crash_10,recovery_1_5,fcbccedd61424f1b85dcbf8f897f9754,de7593d76648450e947ba0c203dee1b0,1533151609.947025,13,5,710,propagated,defer,defer,2.0,0.41833654046058655,0.0,0.0,0.0,0.9809073805809021,0.0,0.7290025353431702,"[0.0, 0.0, 0.0, 0.0, 0.0, 0.0]","[0.0, 0.0, 0.0, 0.9999170303344727, 0.0, 1.1970251755496889e-31]","[5.925537109375, -39.5775146484375, -2.454214096069336]","[6.656669616699219, -40.495361328125, -2.5323004722595215]","[607.518310546875, 1636.3602294921875, 1.6579536199569702]","[5.94167423248291, -39.82712173461914, -2.454214096069336]",pedestrian,0.1589176505804062,False,True,50,False,False,False,False,,,False,2.2143631179747394,,False,True,,0,0,False,False
b0,camera_crash_10,recovery_1_5,fcbccedd61424f1b85dcbf8f897f9754,de7593d76648450e947ba0c203dee1b0,1533151609.947025,13,5,732,propagated,defer,defer,1.0,0.35143932700157166,0.0,0.0,0.0,0.9199654459953308,0.0,0.7748769521713257,"[0.0, 0.0, 0.0, 0.0, 0.0, 0.0]","[0.0, 0.0, 0.0, 0.9999788999557495, 1.4643947165993154e-10, 0.0]","[-13.349609375, -21.133880615234375, -2.0805606842041016]","[-11.941108703613281, -22.612751007080078, -2.0852510929107666]","[633.1624145507812, 1639.1988525390625, 1.2287741899490356]","[-13.349610328674316, -21.133880615234375, -2.0805606842041016]",pedestrian,0.11187536269426346,False,True,91,False,False,False,False,,,False,2.05467598172712,,False,True,,0,0,False,False
b0,camera_crash_10,recovery_1_5,fcbccedd61424f1b85dcbf8f897f9754,de7593d76648450e947ba0c203dee1b0,1533151609.947025,13,5,753,propagated,defer,defer,1.0,0.3289138972759247,0.0,0.0,0.0,0.9893819093704224,0.0,0.754801869392395,"[0.0, 0.0, 0.0, 0.0, 0.0, 0.0]","[0.0, 0.0, 0.0, 0.9999734163284302, 7.775732228765264e-05, 0.0]","[-32.4794921875, -48.074951171875, -4.18267822265625]","[-31.804555892944336, -48.35363006591797, -4.2060394287109375]","[626.05517578125, 1670.9951171875, 0.8676110506057739]","[-32.4794921875, -48.074951171875, -4.18267822265625]",pedestrian,0.08882606029510498,False,True,125,False,False,False,False,,,False,22.606385854359715,,False,True,,0,0,False,False
b0,camera_crash_10,recovery_1_5,fcbccedd61424f1b85dcbf8f897f9754,de7593d76648450e947ba0c203dee1b0,1533151609.947025,13,5,769,propagated,keep,recover,1.0,0.47571316361427307,0.9273233413696289,0.038057051599025726,0.0,0.9912025928497314,2.7964244509348646e-05,0.6734443306922913,"[0.02162541076540947, 0.0, 0.3686997890472412, 0.0, 0.6096748113632202, 0.0]","[0.0, 0.0, 0.0, 0.9999756813049316, 3.2694402761990204e-05, 0.0]","[-18.08465576171875, -26.366912841796875, -2.5248031616210938]","[-17.502666473388672, -26.67456817626953, -2.6167283058166504]","[633.5875244140625, 1646.08935546875, 1.0011202096939087]","[-18.08465576171875, -26.366912841796875, -2.5248031616210938]",pedestrian,0.11955898255109787,True,True,85,False,False,False,False,,,False,2.145339593556357,,False,True,,5,5,False,False
b0,camera_crash_10,recovery_1_5,fcbccedd61424f1b85dcbf8f897f9754,de7593d76648450e947ba0c203dee1b0,1533151609.947025,13,5,780,propagated,keep,recover,1.0,0.3551958203315735,0.36919403076171875,0.02841566503047943,0.0,0.9770292043685913,0.00020848558051511645,0.6860455274581909,"[0.0, 0.0, 0.0, 0.0, 1.0, 0.0]","[0.0, 0.0, 0.0, 0.9999438524246216, 0.00020847388077527285, 0.0]","[-15.84613037109375, -21.257293701171875, -2.169321060180664]","[-14.95621109008789, -21.855361938476562, -2.280200958251953]","[635.6665649414062, 1641.0396728515625, 1.020782709121704]","[-15.84613037109375, -21.257293701171875, -2.169321060180664]",pedestrian,0.10375380516052246,True,True,105,False,False,False,False,,,False,2.9936083265691322,,False,True,,5,5,False,False
b0,camera_crash_10,recovery_1_5,fcbccedd61424f1b85dcbf8f897f9754,de7593d76648450e947ba0c203dee1b0,1533151609.947025,13,5,793,propagated,keep,recover,1.0,0.5489917993545532,0.7778482437133789,0.04391934350132942,0.0,0.9803204536437988,0.00022832756803836673,0.678406834602356,"[0.0, 0.0, 0.15095186233520508, 0.0, 0.8490481376647949, 0.0]","[0.0, 0.0, 0.0, 0.9999592304229736, 0.00023189863713923842, 0.0]","[-20.38836669921875, -28.280242919921875, -2.7093467712402344]","[-19.686017990112305, -28.98333168029785, -2.787844657897949]","[633.2081298828125, 1649.2489013671875, 0.9920631647109985]","[-20.38836669921875, -28.280242919921875, -2.7093467712402344]",pedestrian,0.10531780868768692,True,True,100,False,False,False,False,,,False,4.804352636220617,,False,True,,4,4,False,False
b0,camera_crash_10,recovery_1_5,fcbccedd61424f1b85dcbf8f897f9754,de7593d76648450e947ba0c203dee1b0,1533151609.947025,13,5,819,propagated,defer,defer,1.0,0.41558220982551575,0.0,0.0,0.0,0.9737456440925598,0.0,0.7547460198402405,"[0.0, 0.0, 0.0, 0.0, 0.0, 0.0]","[0.0, 0.0, 0.0, 0.9999525547027588, 2.052002746662258e-35, 0.0]","[-9.8804931640625, -45.540679931640625, -3.591329574584961]","[-8.847858428955078, -46.243125915527344, -3.300858974456787]","[613.00830078125, 1651.974609375, 1.4004942178726196]","[-9.954071998596191, -46.094207763671875, -3.591329574584961]",pedestrian,0.12972122430801392,False,True,75,False,False,False,False,,,False,2.201443134825381,,False,True,,0,0,False,False
b0,camera_crash_10,recovery_1_5,fcbccedd61424f1b85dcbf8f897f9754,de7593d76648450e947ba0c203dee1b0,1533151609.947025,13,5,848,propagated,keep,recover,1.0,0.4912019371986389,0.6324801445007324,0.03929615393280983,0.0,0.9701224565505981,0.00023911237076390535,0.673323929309845,"[0.0, 0.0, 0.003476035315543413, 0.0, 0.996523916721344, 0.0]","[0.0, 0.0, 0.0, 0.9999570846557617, 0.0002391035814071074, 0.0]","[-19.94085693359375, -27.259552001953125, -2.6177825927734375]","[-18.74658203125, -27.548131942749023, -2.7019011974334717]","[633.7107543945312, 1647.606689453125, 0.9817436933517456]","[-19.94085693359375, -27.259552001953125, -2.6177825927734375]",pedestrian,0.09472967684268951,True,True,112,False,False,False,False,,,False,3.4445528171137325,,False,True,,5,5,False,False
b0,camera_crash_10,recovery_1_5,fcbccedd61424f1b85dcbf8f897f9754,de7593d76648450e947ba0c203dee1b0,1533151609.947025,13,5,852,propagated,keep,recover,1.0,0.4438747763633728,0.6793460845947266,0.03550998121500015,0.0,0.9756314754486084,3.0184348815964768e-06,0.7146987318992615,"[0.0, 0.0, 0.16803978383541107, 0.0, 0.8319602012634277, 0.0]","[0.0, 0.0, 0.0, 0.9999802112579346, 3.0793287351116305e-06, 0.0]","[-19.42803955078125, -29.4344482421875, -2.708852767944336]","[-18.329002380371094, -29.276660919189453, -2.736009359359741]","[632.1161499023438, 1648.3917236328125, 1.046981692314148]","[-19.42803955078125, -29.4344482421875, -2.708852767944336]",pedestrian,0.07480888068675995,True,True,193,False,False,False,False,,,False,3.8081524884405913,,False,True,,4,4,False,False
b0,camera_crash_10,recovery_1_5,fcbccedd61424f1b85dcbf8f897f9754,de7593d76648450e947ba0c203dee1b0,1533151609.947025,13,5,855,propagated,keep,recover,1.0,0.44962969422340393,0.6947793960571289,0.03597037494182587,0.0,0.9800726771354675,1.1158546840306371e-05,0.7089340686798096,"[0.0, 0.0, 0.1706826537847519, 0.0, 0.8293173313140869, 0.0]","[0.0, 0.0, 0.0, 0.9999786615371704, 1.1392180567781907e-05, 0.0]","[-19.7484130859375, -29.05120849609375, -2.684326171875]","[-18.773468017578125, -29.276166915893555, -2.7571537494659424]","[632.4003295898438, 1648.733642578125, 1.0305705070495605]","[-19.7484130859375, -29.05120849609375, -2.684326171875]",pedestrian,0.0774056687951088,True,True,175,False,False,False,False,,,False,4.163656976155736,,False,True,,4,4,False,False
b0,camera_crash_10,recovery_1_5,fcbccedd61424f1b85dcbf8f897f9754,de7593d76648450e947ba0c203dee1b0,1533151609.947025,13,5,890,propagated,keep,recover,1.0,0.49415889382362366,0.6374764442443848,0.03953270986676216,0.0,0.9599435329437256,0.0007219919352792203,0.6916877627372742,"[0.0, 0.0, 3.4270948390258127e-07, 0.0, 0.9999996423721313, 0.0]","[0.0, 0.0, 0.0, 0.9999362230300903, 0.0007219460676424205, 0.0]","[-21.92474365234375, -29.559173583984375, -2.7761707305908203]","[-20.495725631713867, -29.55375862121582, -2.819962978363037]","[633.287841796875, 1650.236572265625, 1.002838134765625]","[-21.92474365234375, -29.559173583984375, -2.7761707305908203]",pedestrian,0.07091739773750305,True,True,210,False,False,False,False,,,False,5.784602439222537,,False,True,,4,4,False,False
b0,camera_crash_10,recovery_1_5,fcbccedd61424f1b85dcbf8f897f9754,de7593d76648450e947ba0c203dee1b0,1533151609.947025,13,5,892,propagated,keep,recover,1.0,0.39357230067253113,0.5133457183837891,0.03148578479886055,0.0,0.9864222407341003,1.9009410152648343e-06,0.6803586483001709,"[0.0, 0.0, 0.03890733793377876, 0.0, 0.9610927104949951, 0.0]","[0.0, 0.0, 0.0, 0.9999805688858032, 1.9024612356588477e-06, 0.0]","[-16.10150146484375, -24.071533203125, -2.2962398529052734]","[-15.352943420410156, -24.61188316345215, -2.351902723312378]","[633.803466796875, 1643.1085205078125, 1.1188358068466187]","[-16.16623306274414, -24.474031448364258, -2.2962398529052734]",pedestrian,0.04891287162899971,True,False,-1,False,False,False,False,,,False,2.2847766055493235,,False,True,,0,0,False,False
b0,camera_crash_10,recovery_1_5,fcbccedd61424f1b85dcbf8f897f9754,de7593d76648450e947ba0c203dee1b0,1533151609.947025,13,5,898,propagated,defer,defer,1.0,0.3851655423641205,0.0,0.0,0.0,0.9688519239425659,0.0,0.6921401619911194,"[0.0, 0.0, 0.0, 0.0, 0.0, 0.0]","[0.0, 0.0, 0.0, 0.999980092048645, 1.6859406315461456e-08, 0.0]","[-19.68182373046875, -32.2396240234375, -2.986356735229492]","[-18.466697692871094, -32.56098175048828, -2.9376635551452637]","[629.6771850585938, 1650.6048583984375, 1.0442415475845337]","[-19.68182373046875, -32.2396240234375, -2.986356735229492]",pedestrian,0.041386786848306656,False,False,-1,False,False,False,False,,,False,6.47485739373004,,False,True,,0,0,False,False
b0,camera_crash_10,recovery_1_5,fcbccedd61424f1b85dcbf8f897f9754,de7593d76648450e947ba0c203dee1b0,1533151609.947025,13,5,899,propagated,defer,defer,1.0,0.24111421406269073,0.0,0.0,0.0,0.9319183826446533,0.0,0.7195789813995361,"[0.0, 0.0, 0.0, 0.0, 0.0, 0.0]","[0.0, 0.0, 0.0, 0.9999332427978516, 0.00237745582126081, 0.0]","[-36.12847900390625, -53.06610107421875, -4.379732131958008]","[-35.931068420410156, -51.1989631652832, -4.361684799194336]","[626.5091552734375, 1675.989013671875, 0.9268437623977661]","[-36.12847900390625, -53.06610107421875, -4.379732131958008]",pedestrian,0.031115276739001274,False,False,-1,False,False,False,False,,,False,27.33653201752191,,False,True,,0,0,False,False
b0,camera_crash_10,recovery_1_5,325cef682f064c55a255f2625c533b75,61a7bd24f88a46c2963280d8b13ac675,1538984239.948316,53,5,733,propagated,defer,defer,4.0,0.36111047863960266,0.0,0.0,0.0,0.9885348677635193,0.0,0.6701985597610474,"[0.0, 0.0, 0.0, 0.0, 0.0, 0.0]","[0.0, 0.0, 0.0, 0.9999974966049194, 0.0, 0.0]","[4.25927734375, -42.25390625, -4.113719940185547]","[5.000835418701172, -42.093910217285156, -4.14628791809082]","[732.9566650390625, 1815.0250244140625, 0.37184321880340576]","[4.259276390075684, -42.25390625, -4.113719940185547]",car,0.002242696238681674,False,False,-1,False,False,False,False,,,False,7.290971762910628,,False,True,,0,0,False,False
b0,camera_crash_10,recovery_1_5,325cef682f064c55a255f2625c533b75,61a7bd24f88a46c2963280d8b13ac675,1538984239.948316,53,5,859,propagated,defer,defer,4.0,0.34027040004730225,0.0,0.0,0.0,0.9893749356269836,0.0,0.6702804565429688,"[0.0, 0.0, 0.0, 0.0, 0.0, 0.0]","[0.0, 0.0, 0.0, 0.9999973773956299, 0.0, 0.0]","[3.45050048828125, -41.66925048828125, -4.0281829833984375]","[3.640827178955078, -40.96365737915039, -4.031033039093018]","[732.8394165039062, 1813.2576904296875, 0.4284297227859497]","[3.4504995346069336, -41.66925048828125, -4.0281829833984375]",bicycle,0.0019981013610959053,False,False,-1,False,False,False,False,,,False,6.7288350803716375,,False,True,,0,0,False,False
b0,compound,recovery_1_5,fcbccedd61424f1b85dcbf8f897f9754,de7593d76648450e947ba0c203dee1b0,1533151609.947025,13,5,670,propagated,defer,defer,2.0,0.5520949959754944,0.0,0.0,0.0,0.9701281189918518,0.0,0.7532312273979187,"[0.0, 0.0, 0.0, 0.0, 0.0, 0.0]","[0.0, 0.0, 0.0, 0.9999501705169678, 4.76250360741299e-31, 0.0]","[-11.61163330078125, -45.040802001953125, -3.3781604766845703]","[-10.442527770996094, -45.58943176269531, -3.1959609985351562]","[614.5350341796875, 1652.77685546875, 1.4829195737838745]","[-11.660135269165039, -45.56511688232422, -3.3781604766845703]",pedestrian,0.29615309834480286,False,True,15,False,False,False,False,,,False,2.439290264146698,,False,True,,0,0,False,False
b0,compound,recovery_1_5,fcbccedd61424f1b85dcbf8f897f9754,de7593d76648450e947ba0c203dee1b0,1533151609.947025,13,5,685,propagated,defer,defer,2.0,0.43860846757888794,0.0,0.0,0.0,0.9718937873840332,0.0,0.7396298050880432,"[0.0, 0.0, 0.0, 0.0, 0.0, 0.0]","[0.0, 0.0, 0.0, 0.9999094009399414, 0.0, 1.7192152661143438e-31]","[5.9246826171875, -39.582122802734375, -2.377216339111328]","[6.740245819091797, -40.68365478515625, -2.4640281200408936]","[607.322998046875, 1636.4130859375, 1.7365096807479858]","[5.9312357902526855, -39.8099250793457, -2.377216339111328]",pedestrian,0.19301737844944,False,True,34,False,False,False,False,,,False,2.028350440948374,,False,True,,0,0,False,False
b0,compound,recovery_1_5,fcbccedd61424f1b85dcbf8f897f9754,de7593d76648450e947ba0c203dee1b0,1533151609.947025,13,5,709,propagated,defer,defer,5.0,0.5550536513328552,0.0,0.0,0.0,0.9743124842643738,0.0,0.744199275970459,"[0.0, 0.0, 0.0, 0.0, 0.0, 0.0]","[0.0, 0.0, 0.0, 0.9999347925186157, 0.0, 2.171428625130944e-22]","[9.70770263671875, -40.9630126953125, -2.8641433715820312]","[10.846141815185547, -41.01525115966797, -2.8153209686279297]","[604.4254760742188, 1633.488037109375, 1.3621312379837036]","[9.707701683044434, -40.9630126953125, -2.8641433715820312]",traffic_cone,0.16676877439022064,False,True,53,False,False,False,False,,,False,3.454204594457012,,False,True,,0,0,False,False
b0,compound,recovery_1_5,fcbccedd61424f1b85dcbf8f897f9754,de7593d76648450e947ba0c203dee1b0,1533151609.947025,13,5,720,propagated,defer,defer,1.0,0.3519538640975952,0.0,0.0,0.0,0.9533571004867554,0.0,0.7678280472755432,"[0.0, 0.0, 0.0, 0.0, 0.0, 0.0]","[0.0, 0.0, 0.0, 0.9999783039093018, 1.3123267750270173e-10, 0.0]","[-13.0294189453125, -21.51800537109375, -2.0904674530029297]","[-11.899974822998047, -22.572629928588867, -2.0702874660491943]","[633.16748046875, 1639.140869140625, 1.2408652305603027]","[-13.029419898986816, -21.51800537109375, -2.0904674530029297]",pedestrian,0.11520058661699295,False,True,85,False,False,False,False,,,False,2.096908243478554,,False,True,,0,0,False,False
b0,compound,recovery_1_5,fcbccedd61424f1b85dcbf8f897f9754,de7593d76648450e947ba0c203dee1b0,1533151609.947025,13,5,743,propagated,keep,recover,1.0,0.3640654981136322,0.37230873107910156,0.029125239700078964,0.0,0.9745264053344727,0.0001669404882704839,0.694543719291687,"[0.0, 0.0, 0.0, 0.0, 1.0, 0.0]","[0.0, 0.0, 0.0, 0.9999488592147827, 0.00016693194629624486, 0.0]","[-15.84613037109375, -21.257293701171875, -2.169321060180664]","[-14.863044738769531, -21.81760597229004, -2.2681896686553955]","[635.6363525390625, 1640.943359375, 1.0295159816741943]","[-15.84613037109375, -21.257293701171875, -2.169321060180664]",pedestrian,0.10983776301145554,True,True,94,False,False,False,False,,,False,3.074174110939733,,False,True,,5,5,False,False
b0,compound,recovery_1_5,fcbccedd61424f1b85dcbf8f897f9754,de7593d76648450e947ba0c203dee1b0,1533151609.947025,13,5,762,propagated,keep,recover,1.0,0.4570327699184418,0.925236701965332,0.03656262159347534,0.0,0.9915858507156372,2.9349645046750084e-05,0.6747554540634155,"[0.02167416550219059, 0.0, 0.36915111541748047, 0.0, 0.6091747879981995, 0.0]","[0.0, 0.0, 0.0, 0.9999750852584839, 3.433301390032284e-05, 0.0]","[-18.08477783203125, -26.36767578125, -2.5121326446533203]","[-17.515193939208984, -26.666526794433594, -2.605679750442505]","[633.6021728515625, 1646.0933837890625, 1.0117988586425781]","[-18.08477783203125, -26.36767578125, -2.5121326446533203]",pedestrian,0.11158111691474915,True,True,92,False,False,False,False,,,False,2.158615730620928,,False,True,,5,5,False,False
b0,compound,recovery_1_5,fcbccedd61424f1b85dcbf8f897f9754,de7593d76648450e947ba0c203dee1b0,1533151609.947025,13,5,767,propagated,keep,recover,1.0,0.5532970428466797,0.7829809188842773,0.04426376149058342,0.0,0.9843040108680725,0.00032280737650580704,0.6834456324577332,"[0.0, 0.0, 0.14973339438438416, 0.0, 0.8502666354179382, 0.0]","[0.0, 0.0, 0.0, 0.999953031539917, 0.00032775921863503754, 0.0]","[-20.38836669921875, -28.280487060546875, -2.7054481506347656]","[-19.758947372436523, -28.90557098388672, -2.769688606262207]","[633.315185546875, 1649.25439453125, 1.0062943696975708]","[-20.38836669921875, -28.280487060546875, -2.7054481506347656]",pedestrian,0.10322865098714828,True,True,107,False,False,False,False,,,False,4.8363816232496655,,False,True,,4,4,False,False
b0,compound,recovery_1_5,fcbccedd61424f1b85dcbf8f897f9754,de7593d76648450e947ba0c203dee1b0,1533151609.947025,13,5,779,propagated,defer,defer,1.0,0.44791465997695923,0.0,0.0,0.0,0.9759997725486755,0.0,0.757106602191925,"[0.0, 0.0, 0.0, 0.0, 0.0, 0.0]","[0.0, 0.0, 0.0, 0.9999493360519409, 2.8678503534587693e-35, 0.0]","[-9.88116455078125, -45.544281005859375, -3.5318756103515625]","[-8.900413513183594, -46.204505920410156, -3.23124361038208]","[613.0742797851562, 1651.987060546875, 1.4682210683822632]","[-9.953453063964844, -46.08052062988281, -3.5318756103515625]",pedestrian,0.15451547503471375,False,True,61,False,False,False,False,,,False,2.257235130959532,,False,True,,0,0,False,False
b0,compound,recovery_1_5,fcbccedd61424f1b85dcbf8f897f9754,de7593d76648450e947ba0c203dee1b0,1533151609.947025,13,5,785,propagated,keep,recover,1.0,0.3774983286857605,1.0597858428955078,0.030199864879250526,0.0,0.9803094863891602,0.00018872757209464908,0.6839641332626343,"[0.13235601782798767, 0.0, 0.35511383414268494, 0.0, 0.5125302076339722, 0.0]","[0.0, 0.0, 0.0, 0.9999432563781738, 0.0002347040717722848, 0.0]","[-16.29351806640625, -22.277587890625, -2.2677078247070312]","[-15.299312591552734, -22.326017379760742, -2.327343463897705]","[635.5234375, 1641.60595703125, 1.0056158304214478]","[-16.29351806640625, -22.277587890625, -2.2677078247070312]",pedestrian,0.0941835269331932,True,True,123,False,False,False,False,,,False,2.839443001794602,,False,True,,5,5,False,False
b0,compound,recovery_1_5,fcbccedd61424f1b85dcbf8f897f9754,de7593d76648450e947ba0c203dee1b0,1533151609.947025,13,5,809,propagated,keep,recover,1.0,0.3584691882133484,1.0184288024902344,0.02867753431200981,0.0,0.9826908707618713,0.0001752732932800427,0.6878241300582886,"[0.09328312426805496, 0.0, 0.35853490233421326, 0.0, 0.54818195104599, 0.0]","[0.0, 0.0, 0.0, 0.9999468326568604, 0.00021153500711079687, 0.0]","[-16.29345703125, -22.27728271484375, -2.272581100463867]","[-15.392074584960938, -22.511871337890625, -2.346825361251831]","[635.4395141601562, 1641.796875, 0.9983081817626953]","[-16.29345703125, -22.27728271484375, -2.272581100463867]",pedestrian,0.07958593964576721,True,True,168,False,False,False,False,,,False,2.846578271052473,,False,True,,5,5,False,False
b0,compound,recovery_1_5,fcbccedd61424f1b85dcbf8f897f9754,de7593d76648450e947ba0c203dee1b0,1533151609.947025,13,5,813,propagated,keep,recover,1.0,0.45395299792289734,0.6932687759399414,0.03631623834371567,0.0,0.9817526936531067,1.3638536984217353e-05,0.7055051922798157,"[0.0, 0.0, 0.1713368147611618, 0.0, 0.828663170337677, 0.0]","[0.0, 0.0, 0.0, 0.9999778270721436, 1.3926706742495298e-05, 0.0]","[-19.74859619140625, -29.05224609375, -2.6667823791503906]","[-18.80602264404297, -29.215768814086914, -2.741644859313965]","[632.4680786132812, 1648.7193603515625, 1.0427722930908203]","[-19.74859619140625, -29.05224609375, -2.6667823791503906]",pedestrian,0.0771917775273323,True,True,178,False,False,False,False,,,False,4.155544555063604,,False,True,,4,4,False,False
b0,compound,recovery_1_5,fcbccedd61424f1b85dcbf8f897f9754,de7593d76648450e947ba0c203dee1b0,1533151609.947025,13,5,814,propagated,keep,recover,1.0,0.48587650060653687,0.63055419921875,0.03887011855840683,0.0,0.9710110425949097,0.00025029134121723473,0.6764797568321228,"[0.0, 0.0, 0.0034290009643882513, 0.0, 0.9965709447860718, 0.0]","[0.0, 0.0, 0.0, 0.9999558925628662, 0.0002502817951608449, 0.0]","[-19.94097900390625, -27.26031494140625, -2.605112075805664]","[-18.763263702392578, -27.53913688659668, -2.683331251144409]","[633.7290649414062, 1647.61279296875, 0.9999165534973145]","[-19.94097900390625, -27.26031494140625, -2.605112075805664]",pedestrian,0.09033199399709702,True,True,134,False,False,False,False,,,False,3.4587141766939116,,False,True,,5,5,False,False
b0,compound,recovery_1_5,fcbccedd61424f1b85dcbf8f897f9754,de7593d76648450e947ba0c203dee1b0,1533151609.947025,13,5,818,propagated,defer,defer,1.0,0.41662541031837463,0.0,0.0,0.0,0.894273042678833,0.0,0.7504861354827881,"[0.0, 0.0, 0.0, 0.0, 0.0, 0.0]","[0.0, 0.0, 0.0, 0.9999423027038574, 0.0, 0.0]","[-4.7581787109375, -36.06219482421875, -3.3577804565429688]","[-3.251361846923828, -38.926815032958984, -2.6838176250457764]","[615.0604858398438, 1642.974365234375, 1.5178955793380737]","[-4.94999361038208, -40.426025390625, -3.3577804565429688]",traffic_cone,0.0007420137990266085,False,False,-1,False,False,False,True,cf11445013d14ce98d71c50b898e0744,car,False,1.0618109941085399,1.2786898176248471,False,True,,0,0,False,False
b0,compound,recovery_1_5,fcbccedd61424f1b85dcbf8f897f9754,de7593d76648450e947ba0c203dee1b0,1533151609.947025,13,5,832,propagated,keep,recover,1.0,0.43065905570983887,0.6755084991455078,0.03445272520184517,0.0,0.9926257729530334,2.540871491873986e-06,0.7136846780776978,"[0.0, 0.0, 0.16723188757896423, 0.0, 0.8327680826187134, 0.0]","[0.0, 0.0, 0.0, 0.9999799728393555, 2.5915453534253174e-06, 0.0]","[-18.66021728515625, -28.797027587890625, -2.641815185546875]","[-18.257164001464844, -29.246440887451172, -2.716996908187866]","[632.0940551757812, 1648.3162841796875, 1.0633819103240967]","[-18.66021728515625, -28.797027587890625, -2.641815185546875]",pedestrian,0.07012967765331268,True,True,206,False,False,False,False,,,False,3.732448802501409,,False,True,,4,4,False,False
b0,compound,recovery_1_5,fcbccedd61424f1b85dcbf8f897f9754,de7593d76648450e947ba0c203dee1b0,1533151609.947025,13,5,844,propagated,defer,defer,1.0,0.39963680505752563,0.0,0.0,0.0,0.9808704853057861,0.0,0.7439164519309998,"[0.0, 0.0, 0.0, 0.0, 0.0, 0.0]","[0.0, 0.0, 0.0, 0.9999781847000122, 1.9585115751397097e-06, 0.0]","[-29.08685302734375, -45.90350341796875, -4.020925521850586]","[-28.732755661010742, -46.81968688964844, -4.051937580108643]","[625.2706298828125, 1667.6490478515625, 0.8967362642288208]","[-29.08685302734375, -45.90350341796875, -4.020925521850586]",pedestrian,0.050542090088129044,False,False,-1,False,False,False,False,,,False,19.27952516187579,,False,True,,0,0,False,False
b0,compound,recovery_1_5,fcbccedd61424f1b85dcbf8f897f9754,de7593d76648450e947ba0c203dee1b0,1533151609.947025,13,5,850,propagated,defer,defer,1.0,0.32030072808265686,0.0,0.0,0.0,0.9841479063034058,0.0,0.7124527096748352,"[0.0, 0.0, 0.0, 0.0, 0.0, 0.0]","[0.0, 0.0, 0.0, 0.9999761581420898, 2.47030152422667e-06, 0.0]","[-31.967041015625, -50.252044677734375, -4.237199783325195]","[-31.12366485595703, -50.54778289794922, -4.2516632080078125]","[623.934326171875, 1671.8759765625, 0.9464958906173706]","[-31.967041015625, -50.252044677734375, -4.237199783325195]",pedestrian,0.04531757906079292,False,False,-1,False,False,False,False,,,False,22.56132639445763,,False,True,,0,0,False,False
b0,compound,recovery_1_5,fcbccedd61424f1b85dcbf8f897f9754,de7593d76648450e947ba0c203dee1b0,1533151609.947025,13,5,851,propagated,defer,defer,1.0,0.21416454017162323,0.0,0.0,0.0,0.9816396236419678,0.0,0.7584825158119202,"[0.0, 0.0, 0.0, 0.0, 0.0, 0.0]","[0.0, 0.0, 0.0, 0.9999737739562988, 0.00011490657925605774, 0.0]","[-32.47955322265625, -48.075164794921875, -4.178779602050781]","[-31.53274917602539, -47.563411712646484, -4.262197494506836]","[626.4850463867188, 1670.2841796875, 0.7612513303756714]","[-32.42082595825195, -47.925228118896484, -4.178779602050781]",traffic_cone,0.006640899460762739,False,False,-1,False,False,False,False,,,False,22.174205847142122,,False,True,,0,0,False,False
b0,compound,recovery_1_5,fcbccedd61424f1b85dcbf8f897f9754,de7593d76648450e947ba0c203dee1b0,1533151609.947025,13,5,867,propagated,defer,defer,4.0,0.38259321451187134,0.0,0.0,0.0,0.9994649887084961,0.0,0.6722702383995056,"[0.0, 0.0, 0.0, 0.0, 0.0, 0.0]","[0.0, 0.0, 0.0, 0.9999517202377319, 3.979727930623556e-24, 0.0]","[-12.19171142578125, -39.68084716796875, -2.929018020629883]","[-12.076377868652344, -39.87417984008789, -2.829185724258423]","[619.9796142578125, 1650.3636474609375, 1.5234330892562866]","[-12.204913139343262, -39.8906135559082, -2.929018020629883]",pedestrian,0.10117309540510178,False,True,109,False,False,False,False,,,False,4.064992706360987,,False,True,,0,0,False,False
b0,compound,recovery_1_5,fcbccedd61424f1b85dcbf8f897f9754,de7593d76648450e947ba0c203dee1b0,1533151609.947025,13,5,872,propagated,keep,recover,1.0,0.4405752718448639,0.14578771591186523,0.035246022045612335,0.0,0.9756979942321777,0.00013237111852504313,0.7596692442893982,"[0.0, 0.0, 0.0, 0.0, 1.0, 0.0]","[0.0, 0.0, 0.0, 0.9999728202819824, 0.00013236752420198172, 0.0]","[-32.350830078125, -46.662506103515625, -4.207912445068359]","[-31.451061248779297, -47.31062316894531, -4.22960090637207]","[626.6278686523438, 1670.0584716796875, 0.7777506113052368]","[-32.350830078125, -46.662506103515625, -4.207912445068359]",pedestrian,0.057948559522628784,True,False,-1,False,False,False,False,,,False,22.04485258702095,,False,True,,0,0,False,False
b0,compound,recovery_1_5,fcbccedd61424f1b85dcbf8f897f9754,de7593d76648450e947ba0c203dee1b0,1533151609.947025,13,5,879,propagated,defer,defer,3.0,0.4599442780017853,0.0,0.0,0.0,0.9043924808502197,0.0,0.7431285977363586,"[0.0, 0.0, 0.0, 0.0, 0.0, 0.0]","[0.0, 0.0, 0.0, 0.9999434947967529, 0.0, 0.0]","[-6.4886474609375, -35.5582275390625, -3.2128372192382812]","[-4.8408966064453125, -39.37528991699219, -2.716487407684326]","[615.733154296875, 1644.483154296875, 1.5290902853012085]","[-6.991093158721924, -39.76884460449219, -3.2128372192382812]",bicycle,0.001572981127537787,False,False,-1,False,False,False,False,,,False,2.4224414169817257,,False,True,,0,0,False,False
b0,compound,recovery_1_5,fcbccedd61424f1b85dcbf8f897f9754,de7593d76648450e947ba0c203dee1b0,1533151609.947025,13,5,895,propagated,defer,defer,1.0,0.3819344937801361,0.0,0.0,0.0,0.9671435356140137,0.0,0.6983861923217773,"[0.0, 0.0, 0.0, 0.0, 0.0, 0.0]","[0.0, 0.0, 0.0, 0.9999798536300659, 1.5365602124006728e-08, 0.0]","[-19.68182373046875, -32.239715576171875, -2.984893798828125]","[-18.43376922607422, -32.570987701416016, -2.9297940731048584]","[629.6487426757812, 1650.5855712890625, 1.0523465871810913]","[-19.68182373046875, -32.239715576171875, -2.984893798828125]",pedestrian,0.038329459726810455,False,False,-1,False,False,False,False,,,False,6.467472327474511,,False,True,,0,0,False,False
b0,compound,recovery_1_5,325cef682f064c55a255f2625c533b75,61a7bd24f88a46c2963280d8b13ac675,1538984239.948316,53,5,734,propagated,defer,defer,4.0,0.3592148423194885,0.0,0.0,0.0,0.9890705347061157,0.0,0.6719799041748047,"[0.0, 0.0, 0.0, 0.0, 0.0, 0.0]","[0.0, 0.0, 0.0, 0.9999973773956299, 0.0, 0.0]","[4.25897216796875, -42.255615234375, -4.0883941650390625]","[4.978290557861328, -42.07924270629883, -4.1192522048950195]","[732.9564819335938, 1814.997314453125, 0.39811766147613525]","[4.258971214294434, -42.255615234375, -4.0883941650390625]",car,0.002064612228423357,False,False,-1,False,False,False,False,,,False,7.280710532194045,,False,True,,0,0,False,False
b0,compound,recovery_1_5,325cef682f064c55a255f2625c533b75,61a7bd24f88a46c2963280d8b13ac675,1538984239.948316,53,5,839,propagated,defer,defer,1.0,0.33942317962646484,0.0,0.0,0.0,0.9845809936523438,0.0,0.7781499624252319,"[0.0, 0.0, 0.0, 0.0, 0.0, 0.0]","[0.0, 0.0, 0.0, 0.9999957084655762, 4.451407165507841e-15, 0.0]","[-12.05364990234375, -27.3321533203125, -2.7439613342285156]","[-12.077186584472656, -26.476722717285156, -2.5326759815216064]","[730.3267211914062, 1791.9896240234375, 1.154712200164795]","[-12.053650856018066, -27.3321533203125, -2.7439613342285156]",pedestrian,0.10873696208000183,False,True,66,False,False,False,False,,,False,3.457534814927602,,False,True,,0,0,False,False
b0,compound,recovery_1_5,325cef682f064c55a255f2625c533b75,61a7bd24f88a46c2963280d8b13ac675,1538984239.948316,53,5,856,propagated,defer,defer,4.0,0.3411481976509094,0.0,0.0,0.0,0.9897509813308716,0.0,0.6739739179611206,"[0.0, 0.0, 0.0, 0.0, 0.0, 0.0]","[0.0, 0.0, 0.0, 0.9999973773956299, 0.0, 0.0]","[3.45025634765625, -41.6705322265625, -4.008697509765625]","[3.628875732421875, -40.97541427612305, -4.009803295135498]","[732.8546752929688, 1813.2542724609375, 0.4505249261856079]","[3.4502553939819336, -41.6705322265625, -4.008697509765625]",bicycle,0.001918744295835495,False,False,-1,False,False,False,False,,,False,6.743502038709213,,False,True,,0,0,False,False
b4_zero,camera_crash_5,recovery_1_5,fcbccedd61424f1b85dcbf8f897f9754,fa65a298c01f44e7a182bbf9e5fe3697,1533151607.548824,8,5,655,propagated,keep,recover,1.0,0.4015122950077057,0.13503074645996094,0.03212098404765129,0.0,0.9031639695167542,1.0,0.7249476909637451,"[0.0, 0.0, 0.0, 0.0, 1.0, 0.0]","[0.0, 0.0, 0.0, 0.9998990297317505, 0.0, 0.0]","[-4.4727783203125, -17.782318115234375, -1.609182357788086]","[-2.9776039123535156, -20.643585205078125, -1.2705936431884766]","[615.0804443359375, 1642.7197265625, 1.624693751335144]","[-4.49532413482666, -22.27895736694336, -1.609182357788086]",barrier,0.0002472710039000958,True,False,-1,False,False,False,False,,,False,2.1051207313802487,,False,True,,0,0,False,False
b4_zero,camera_crash_5,recovery_1_5,fcbccedd61424f1b85dcbf8f897f9754,fa65a298c01f44e7a182bbf9e5fe3697,1533151607.548824,8,5,741,propagated,keep,recover,2.0,0.5837610960006714,0.878535270690918,0.046543899923563004,0.0037735069636255503,0.9931914806365967,1.0,0.7023642063140869,"[0.0, 0.21097926795482635, 0.0, 0.0, 0.0, 0.7890207171440125]","[0.0, 0.0, 0.0, 0.9998669624328613, 0.0, 7.454928059417998e-13]","[9.977294921875, -22.687835693359375, -1.760812759399414]","[9.625144958496094, -22.915246963500977, -1.353546380996704]","[605.2904663085938, 1634.4642333984375, 1.6020662784576416]","[9.977294921875, -22.687835693359375, -1.760812759399414]",traffic_cone,0.12881110608577728,True,True,92,False,False,False,False,,,False,3.4182350206919074,,False,True,,1,1,False,False
b4_zero,camera_crash_5,recovery_1_5,fcbccedd61424f1b85dcbf8f897f9754,fa65a298c01f44e7a182bbf9e5fe3697,1533151607.548824,8,5,794,propagated,defer,defer,2.0,0.4808596670627594,0.0,0.0,0.0,0.9921633005142212,1.0,0.751109778881073,"[0.0, 0.0, 0.0, 0.0, 0.0, 0.0]","[0.0, 0.0, 0.0, 0.9997352957725525, 0.0, 7.921597134762787e-14]","[10.986328125, -27.05694580078125, -1.5927963256835938]","[10.62628173828125, -26.645729064941406, -1.1220324039459229]","[601.79052734375, 1636.06103515625, 2.017747402191162]","[10.978666305541992, -26.427589416503906, -1.5927963256835938]",pedestrian,0.14329835772514343,False,True,81,False,False,False,False,,,False,2.661060885650657,,False,True,,0,0,False,False
b4_zero,camera_crash_5,recovery_1_5,325cef682f064c55a255f2625c533b75,5b7cb170eee6468aa1fdbd3abcf63c5a,1538984237.446737,48,5,845,propagated,defer,defer,4.0,0.4021035432815552,0.0,0.0,0.0,0.9051268696784973,1.0,0.707398533821106,"[0.0, 0.0, 0.0, 0.0, 0.0, 0.0]","[0.0, 0.0, 0.0, 0.9999837875366211, 0.0, 0.0]","[-3.741241455078125, -28.6231689453125, -2.0000572204589844]","[-3.021137237548828, -26.933744430541992, -1.701688289642334]","[728.7748413085938, 1813.5870361328125, 1.2373195886611938]","[-4.348969459533691, -28.703447341918945, -2.0000572204589844]",pedestrian,0.04718000069260597,False,True,214,False,False,False,False,,,False,5.249272978969507,,False,True,,0,0,False,False
b4_zero,camera_crash_5,recovery_1_5,325cef682f064c55a255f2625c533b75,5b7cb170eee6468aa1fdbd3abcf63c5a,1538984237.446737,48,5,847,propagated,defer,defer,4.0,0.3730085790157318,0.0,0.0,0.0,0.9512810111045837,1.0,0.7337639927864075,"[0.0, 0.0, 0.0, 0.0, 0.0, 0.0]","[0.0, 0.0, 0.0, 0.9999858140945435, 0.0, 0.0]","[-0.79913330078125, -25.07421875, -1.8847236633300781]","[-2.1892127990722656, -23.832046508789062, -1.5966169834136963]","[726.2145385742188, 1811.6458740234375, 1.2116243839263916]","[-1.3860554695129395, -25.162166595458984, -1.8847236633300781]",pedestrian,0.07686594128608704,False,True,148,False,False,False,False,,,False,2.0540606791684795,,False,True,,0,0,False,False
b4_zero,camera_crash_5,recovery_1_5,325cef682f064c55a255f2625c533b75,5b7cb170eee6468aa1fdbd3abcf63c5a,1538984237.446737,48,5,863,propagated,defer,defer,3.0,0.45389285683631897,0.0,0.0,0.0,0.9986007809638977,1.0,0.7944150567054749,"[0.0, 0.0, 0.0, 0.0, 0.0, 0.0]","[0.0, 0.0, 0.0, 0.9999858140945435, 2.469493343436282e-31, 0.0]","[-5.22808837890625, -23.45391845703125, -1.6957435607910156]","[-5.6976165771484375, -23.041431427001953, -1.5841505527496338]","[728.5009765625, 1808.869873046875, 1.2098486423492432]","[-5.8377861976623535, -23.236135482788086, -1.6957435607910156]",pedestrian,0.017517639324069023,False,False,-1,False,False,False,False,,,False,3.9069552654661805,,False,True,,0,0,False,False
b4_zero,camera_crash_10,recovery_1_5,fcbccedd61424f1b85dcbf8f897f9754,de7593d76648450e947ba0c203dee1b0,1533151609.947025,13,5,667,propagated,defer,defer,2.0,0.534895122051239,0.0,0.0,0.0,0.955470621585846,1.0,0.7478633522987366,"[0.0, 0.0, 0.0, 0.0, 0.0, 0.0]","[0.0, 0.0, 0.0, 0.9999524354934692, 7.811714324349948e-31, 0.0]","[-11.931640625, -44.655426025390625, -3.388721466064453]","[-10.52054214477539, -45.53394317626953, -3.2358272075653076]","[614.6259765625, 1652.80322265625, 1.4406269788742065]","[-11.981163024902344, -45.18641662597656, -3.388721466064453]",pedestrian,0.3019450008869171,False,True,12,False,False,False,False,,,False,2.4103093833702816,,False,True,,0,0,False,False
b4_zero,camera_crash_10,recovery_1_5,fcbccedd61424f1b85dcbf8f897f9754,de7593d76648450e947ba0c203dee1b0,1533151609.947025,13,5,707,propagated,defer,defer,5.0,0.5479990243911743,0.0,0.0,0.0,0.9726881980895996,1.0,0.7533442974090576,"[0.0, 0.0, 0.0, 0.0, 0.0, 0.0]","[0.0, 0.0, 0.0, 0.9999376535415649, 0.0, 2.4794039614970617e-22]","[9.70806884765625, -40.96099853515625, -2.8972816467285156]","[10.882118225097656, -41.02931213378906, -2.858245372772217]","[604.3899536132812, 1633.471435546875, 1.3197482824325562]","[9.708067893981934, -40.96099853515625, -2.8972816467285156]",traffic_cone,0.17872510850429535,False,True,39,False,False,False,False,,,False,3.4755792212663676,,False,True,,0,0,False,False
b4_zero,camera_crash_10,recovery_1_5,fcbccedd61424f1b85dcbf8f897f9754,de7593d76648450e947ba0c203dee1b0,1533151609.947025,13,5,710,propagated,defer,defer,2.0,0.41833654046058655,0.0,0.0,0.0,0.9809073805809021,1.0,0.7290025353431702,"[0.0, 0.0, 0.0, 0.0, 0.0, 0.0]","[0.0, 0.0, 0.0, 0.9999170303344727, 0.0, 1.1970251755496889e-31]","[5.925537109375, -39.5775146484375, -2.454214096069336]","[6.656669616699219, -40.495361328125, -2.5323004722595215]","[607.518310546875, 1636.3602294921875, 1.6579536199569702]","[5.94167423248291, -39.82712173461914, -2.454214096069336]",pedestrian,0.1589176505804062,False,True,50,False,False,False,False,,,False,2.2143631179747394,,False,True,,0,0,False,False
b4_zero,camera_crash_10,recovery_1_5,fcbccedd61424f1b85dcbf8f897f9754,de7593d76648450e947ba0c203dee1b0,1533151609.947025,13,5,732,propagated,defer,defer,1.0,0.35143932700157166,0.0,0.0,0.0,0.9199654459953308,1.0,0.7748769521713257,"[0.0, 0.0, 0.0, 0.0, 0.0, 0.0]","[0.0, 0.0, 0.0, 0.9999788999557495, 1.4643947165993154e-10, 0.0]","[-13.349609375, -21.133880615234375, -2.0805606842041016]","[-11.941108703613281, -22.612751007080078, -2.0852510929107666]","[633.1624145507812, 1639.1988525390625, 1.2287741899490356]","[-13.349610328674316, -21.133880615234375, -2.0805606842041016]",pedestrian,0.11187536269426346,False,True,91,False,False,False,False,,,False,2.05467598172712,,False,True,,0,0,False,False
b4_zero,camera_crash_10,recovery_1_5,fcbccedd61424f1b85dcbf8f897f9754,de7593d76648450e947ba0c203dee1b0,1533151609.947025,13,5,753,propagated,defer,defer,1.0,0.3289138972759247,0.0,0.0,0.0,0.9893819093704224,1.0,0.754801869392395,"[0.0, 0.0, 0.0, 0.0, 0.0, 0.0]","[0.0, 0.0, 0.0, 0.9999734163284302, 7.775732228765264e-05, 0.0]","[-32.4794921875, -48.074951171875, -4.18267822265625]","[-31.804555892944336, -48.35363006591797, -4.2060394287109375]","[626.05517578125, 1670.9951171875, 0.8676110506057739]","[-32.4794921875, -48.074951171875, -4.18267822265625]",pedestrian,0.08882606029510498,False,True,125,False,False,False,False,,,False,22.606385854359715,,False,True,,0,0,False,False
b4_zero,camera_crash_10,recovery_1_5,fcbccedd61424f1b85dcbf8f897f9754,de7593d76648450e947ba0c203dee1b0,1533151609.947025,13,5,769,propagated,keep,recover,1.0,0.47571316361427307,0.9273233413696289,0.038057051599025726,0.0,0.9912025928497314,1.0,0.6734443306922913,"[0.02162541076540947, 0.0, 0.3686997890472412, 0.0, 0.6096748113632202, 0.0]","[0.0, 0.0, 0.0, 0.9999756813049316, 3.2694402761990204e-05, 0.0]","[-18.08465576171875, -26.366912841796875, -2.5248031616210938]","[-17.502666473388672, -26.67456817626953, -2.6167283058166504]","[633.5875244140625, 1646.08935546875, 1.0011202096939087]","[-18.08465576171875, -26.366912841796875, -2.5248031616210938]",pedestrian,0.11955898255109787,True,True,85,False,False,False,False,,,False,2.145339593556357,,False,True,,5,5,False,False
b4_zero,camera_crash_10,recovery_1_5,fcbccedd61424f1b85dcbf8f897f9754,de7593d76648450e947ba0c203dee1b0,1533151609.947025,13,5,780,propagated,keep,recover,1.0,0.3551958203315735,0.36919403076171875,0.02841566503047943,0.0,0.9770292043685913,1.0,0.6860455274581909,"[0.0, 0.0, 0.0, 0.0, 1.0, 0.0]","[0.0, 0.0, 0.0, 0.9999438524246216, 0.00020847388077527285, 0.0]","[-15.84613037109375, -21.257293701171875, -2.169321060180664]","[-14.95621109008789, -21.855361938476562, -2.280200958251953]","[635.6665649414062, 1641.0396728515625, 1.020782709121704]","[-15.84613037109375, -21.257293701171875, -2.169321060180664]",pedestrian,0.10375380516052246,True,True,105,False,False,False,False,,,False,2.9936083265691322,,False,True,,5,5,False,False
b4_zero,camera_crash_10,recovery_1_5,fcbccedd61424f1b85dcbf8f897f9754,de7593d76648450e947ba0c203dee1b0,1533151609.947025,13,5,793,propagated,keep,recover,1.0,0.5489917993545532,0.7778482437133789,0.04391934350132942,0.0,0.9803204536437988,1.0,0.678406834602356,"[0.0, 0.0, 0.15095186233520508, 0.0, 0.8490481376647949, 0.0]","[0.0, 0.0, 0.0, 0.9999592304229736, 0.00023189863713923842, 0.0]","[-20.38836669921875, -28.280242919921875, -2.7093467712402344]","[-19.686017990112305, -28.98333168029785, -2.787844657897949]","[633.2081298828125, 1649.2489013671875, 0.9920631647109985]","[-20.38836669921875, -28.280242919921875, -2.7093467712402344]",pedestrian,0.10531780868768692,True,True,100,False,False,False,False,,,False,4.804352636220617,,False,True,,4,4,False,False
b4_zero,camera_crash_10,recovery_1_5,fcbccedd61424f1b85dcbf8f897f9754,de7593d76648450e947ba0c203dee1b0,1533151609.947025,13,5,819,propagated,defer,defer,1.0,0.41558220982551575,0.0,0.0,0.0,0.9737456440925598,1.0,0.7547460198402405,"[0.0, 0.0, 0.0, 0.0, 0.0, 0.0]","[0.0, 0.0, 0.0, 0.9999525547027588, 2.052002746662258e-35, 0.0]","[-9.8804931640625, -45.540679931640625, -3.591329574584961]","[-8.847858428955078, -46.243125915527344, -3.300858974456787]","[613.00830078125, 1651.974609375, 1.4004942178726196]","[-9.954071998596191, -46.094207763671875, -3.591329574584961]",pedestrian,0.12972122430801392,False,True,75,False,False,False,False,,,False,2.201443134825381,,False,True,,0,0,False,False
b4_zero,camera_crash_10,recovery_1_5,fcbccedd61424f1b85dcbf8f897f9754,de7593d76648450e947ba0c203dee1b0,1533151609.947025,13,5,848,propagated,keep,recover,1.0,0.4912019371986389,0.6324801445007324,0.03929615393280983,0.0,0.9701224565505981,1.0,0.673323929309845,"[0.0, 0.0, 0.003476035315543413, 0.0, 0.996523916721344, 0.0]","[0.0, 0.0, 0.0, 0.9999570846557617, 0.0002391035814071074, 0.0]","[-19.94085693359375, -27.259552001953125, -2.6177825927734375]","[-18.74658203125, -27.548131942749023, -2.7019011974334717]","[633.7107543945312, 1647.606689453125, 0.9817436933517456]","[-19.94085693359375, -27.259552001953125, -2.6177825927734375]",pedestrian,0.09472967684268951,True,True,112,False,False,False,False,,,False,3.4445528171137325,,False,True,,5,5,False,False
b4_zero,camera_crash_10,recovery_1_5,fcbccedd61424f1b85dcbf8f897f9754,de7593d76648450e947ba0c203dee1b0,1533151609.947025,13,5,852,propagated,keep,recover,1.0,0.4438747763633728,0.6793460845947266,0.03550998121500015,0.0,0.9756314754486084,1.0,0.7146987318992615,"[0.0, 0.0, 0.16803978383541107, 0.0, 0.8319602012634277, 0.0]","[0.0, 0.0, 0.0, 0.9999802112579346, 3.0793287351116305e-06, 0.0]","[-19.42803955078125, -29.4344482421875, -2.708852767944336]","[-18.329002380371094, -29.276660919189453, -2.736009359359741]","[632.1161499023438, 1648.3917236328125, 1.046981692314148]","[-19.42803955078125, -29.4344482421875, -2.708852767944336]",pedestrian,0.07480888068675995,True,True,193,False,False,False,False,,,False,3.8081524884405913,,False,True,,4,4,False,False
b4_zero,camera_crash_10,recovery_1_5,fcbccedd61424f1b85dcbf8f897f9754,de7593d76648450e947ba0c203dee1b0,1533151609.947025,13,5,855,propagated,keep,recover,1.0,0.44962969422340393,0.6947793960571289,0.03597037494182587,0.0,0.9800726771354675,1.0,0.7089340686798096,"[0.0, 0.0, 0.1706826537847519, 0.0, 0.8293173313140869, 0.0]","[0.0, 0.0, 0.0, 0.9999786615371704, 1.1392180567781907e-05, 0.0]","[-19.7484130859375, -29.05120849609375, -2.684326171875]","[-18.773468017578125, -29.276166915893555, -2.7571537494659424]","[632.4003295898438, 1648.733642578125, 1.0305705070495605]","[-19.7484130859375, -29.05120849609375, -2.684326171875]",pedestrian,0.0774056687951088,True,True,175,False,False,False,False,,,False,4.163656976155736,,False,True,,4,4,False,False
b4_zero,camera_crash_10,recovery_1_5,fcbccedd61424f1b85dcbf8f897f9754,de7593d76648450e947ba0c203dee1b0,1533151609.947025,13,5,890,propagated,keep,recover,1.0,0.49415889382362366,0.6374764442443848,0.03953270986676216,0.0,0.9599435329437256,1.0,0.6916877627372742,"[0.0, 0.0, 3.4270948390258127e-07, 0.0, 0.9999996423721313, 0.0]","[0.0, 0.0, 0.0, 0.9999362230300903, 0.0007219460676424205, 0.0]","[-21.92474365234375, -29.559173583984375, -2.7761707305908203]","[-20.495725631713867, -29.55375862121582, -2.819962978363037]","[633.287841796875, 1650.236572265625, 1.002838134765625]","[-21.92474365234375, -29.559173583984375, -2.7761707305908203]",pedestrian,0.07091739773750305,True,True,210,False,False,False,False,,,False,5.784602439222537,,False,True,,4,4,False,False
b4_zero,camera_crash_10,recovery_1_5,fcbccedd61424f1b85dcbf8f897f9754,de7593d76648450e947ba0c203dee1b0,1533151609.947025,13,5,892,propagated,keep,recover,1.0,0.39357230067253113,0.5133457183837891,0.03148578479886055,0.0,0.9864222407341003,1.0,0.6803586483001709,"[0.0, 0.0, 0.03890733793377876, 0.0, 0.9610927104949951, 0.0]","[0.0, 0.0, 0.0, 0.9999805688858032, 1.9024612356588477e-06, 0.0]","[-16.10150146484375, -24.071533203125, -2.2962398529052734]","[-15.352943420410156, -24.61188316345215, -2.351902723312378]","[633.803466796875, 1643.1085205078125, 1.1188358068466187]","[-16.16623306274414, -24.474031448364258, -2.2962398529052734]",pedestrian,0.04891287162899971,True,False,-1,False,False,False,False,,,False,2.2847766055493235,,False,True,,0,0,False,False
b4_zero,camera_crash_10,recovery_1_5,fcbccedd61424f1b85dcbf8f897f9754,de7593d76648450e947ba0c203dee1b0,1533151609.947025,13,5,898,propagated,defer,defer,1.0,0.3851655423641205,0.0,0.0,0.0,0.9688519239425659,1.0,0.6921401619911194,"[0.0, 0.0, 0.0, 0.0, 0.0, 0.0]","[0.0, 0.0, 0.0, 0.999980092048645, 1.6859406315461456e-08, 0.0]","[-19.68182373046875, -32.2396240234375, -2.986356735229492]","[-18.466697692871094, -32.56098175048828, -2.9376635551452637]","[629.6771850585938, 1650.6048583984375, 1.0442415475845337]","[-19.68182373046875, -32.2396240234375, -2.986356735229492]",pedestrian,0.041386786848306656,False,False,-1,False,False,False,False,,,False,6.47485739373004,,False,True,,0,0,False,False
b4_zero,camera_crash_10,recovery_1_5,fcbccedd61424f1b85dcbf8f897f9754,de7593d76648450e947ba0c203dee1b0,1533151609.947025,13,5,899,propagated,defer,defer,1.0,0.24111421406269073,0.0,0.0,0.0,0.9319183826446533,1.0,0.7195789813995361,"[0.0, 0.0, 0.0, 0.0, 0.0, 0.0]","[0.0, 0.0, 0.0, 0.9999332427978516, 0.00237745582126081, 0.0]","[-36.12847900390625, -53.06610107421875, -4.379732131958008]","[-35.931068420410156, -51.1989631652832, -4.361684799194336]","[626.5091552734375, 1675.989013671875, 0.9268437623977661]","[-36.12847900390625, -53.06610107421875, -4.379732131958008]",pedestrian,0.031115276739001274,False,False,-1,False,False,False,False,,,False,27.33653201752191,,False,True,,0,0,False,False
b4_zero,camera_crash_10,recovery_1_5,325cef682f064c55a255f2625c533b75,61a7bd24f88a46c2963280d8b13ac675,1538984239.948316,53,5,733,propagated,defer,defer,4.0,0.36111047863960266,0.0,0.0,0.0,0.9885348677635193,1.0,0.6701985597610474,"[0.0, 0.0, 0.0, 0.0, 0.0, 0.0]","[0.0, 0.0, 0.0, 0.9999974966049194, 0.0, 0.0]","[4.25927734375, -42.25390625, -4.113719940185547]","[5.000835418701172, -42.093910217285156, -4.14628791809082]","[732.9566650390625, 1815.0250244140625, 0.37184321880340576]","[4.259276390075684, -42.25390625, -4.113719940185547]",car,0.002242696238681674,False,False,-1,False,False,False,False,,,False,7.290971762910628,,False,True,,0,0,False,False
b4_zero,camera_crash_10,recovery_1_5,325cef682f064c55a255f2625c533b75,61a7bd24f88a46c2963280d8b13ac675,1538984239.948316,53,5,859,propagated,defer,defer,4.0,0.34027040004730225,0.0,0.0,0.0,0.9893749356269836,1.0,0.6702804565429688,"[0.0, 0.0, 0.0, 0.0, 0.0, 0.0]","[0.0, 0.0, 0.0, 0.9999973773956299, 0.0, 0.0]","[3.45050048828125, -41.66925048828125, -4.0281829833984375]","[3.640827178955078, -40.96365737915039, -4.031033039093018]","[732.8394165039062, 1813.2576904296875, 0.4284297227859497]","[3.4504995346069336, -41.66925048828125, -4.0281829833984375]",bicycle,0.0019981013610959053,False,False,-1,False,False,False,False,,,False,6.7288350803716375,,False,True,,0,0,False,False
b4_zero,compound,recovery_1_5,fcbccedd61424f1b85dcbf8f897f9754,de7593d76648450e947ba0c203dee1b0,1533151609.947025,13,5,670,propagated,defer,defer,2.0,0.5520949959754944,0.0,0.0,0.0,0.9701281189918518,1.0,0.7532312273979187,"[0.0, 0.0, 0.0, 0.0, 0.0, 0.0]","[0.0, 0.0, 0.0, 0.9999501705169678, 4.76250360741299e-31, 0.0]","[-11.61163330078125, -45.040802001953125, -3.3781604766845703]","[-10.442527770996094, -45.58943176269531, -3.1959609985351562]","[614.5350341796875, 1652.77685546875, 1.4829195737838745]","[-11.660135269165039, -45.56511688232422, -3.3781604766845703]",pedestrian,0.29615309834480286,False,True,15,False,False,False,False,,,False,2.439290264146698,,False,True,,0,0,False,False
b4_zero,compound,recovery_1_5,fcbccedd61424f1b85dcbf8f897f9754,de7593d76648450e947ba0c203dee1b0,1533151609.947025,13,5,685,propagated,defer,defer,2.0,0.43860846757888794,0.0,0.0,0.0,0.9718937873840332,1.0,0.7396298050880432,"[0.0, 0.0, 0.0, 0.0, 0.0, 0.0]","[0.0, 0.0, 0.0, 0.9999094009399414, 0.0, 1.7192152661143438e-31]","[5.9246826171875, -39.582122802734375, -2.377216339111328]","[6.740245819091797, -40.68365478515625, -2.4640281200408936]","[607.322998046875, 1636.4130859375, 1.7365096807479858]","[5.9312357902526855, -39.8099250793457, -2.377216339111328]",pedestrian,0.19301737844944,False,True,34,False,False,False,False,,,False,2.028350440948374,,False,True,,0,0,False,False
b4_zero,compound,recovery_1_5,fcbccedd61424f1b85dcbf8f897f9754,de7593d76648450e947ba0c203dee1b0,1533151609.947025,13,5,709,propagated,defer,defer,5.0,0.5550536513328552,0.0,0.0,0.0,0.9743124842643738,1.0,0.744199275970459,"[0.0, 0.0, 0.0, 0.0, 0.0, 0.0]","[0.0, 0.0, 0.0, 0.9999347925186157, 0.0, 2.171428625130944e-22]","[9.70770263671875, -40.9630126953125, -2.8641433715820312]","[10.846141815185547, -41.01525115966797, -2.8153209686279297]","[604.4254760742188, 1633.488037109375, 1.3621312379837036]","[9.707701683044434, -40.9630126953125, -2.8641433715820312]",traffic_cone,0.16676877439022064,False,True,53,False,False,False,False,,,False,3.454204594457012,,False,True,,0,0,False,False
b4_zero,compound,recovery_1_5,fcbccedd61424f1b85dcbf8f897f9754,de7593d76648450e947ba0c203dee1b0,1533151609.947025,13,5,720,propagated,defer,defer,1.0,0.3519538640975952,0.0,0.0,0.0,0.9533571004867554,1.0,0.7678280472755432,"[0.0, 0.0, 0.0, 0.0, 0.0, 0.0]","[0.0, 0.0, 0.0, 0.9999783039093018, 1.3123267750270173e-10, 0.0]","[-13.0294189453125, -21.51800537109375, -2.0904674530029297]","[-11.899974822998047, -22.572629928588867, -2.0702874660491943]","[633.16748046875, 1639.140869140625, 1.2408652305603027]","[-13.029419898986816, -21.51800537109375, -2.0904674530029297]",pedestrian,0.11520058661699295,False,True,85,False,False,False,False,,,False,2.096908243478554,,False,True,,0,0,False,False
b4_zero,compound,recovery_1_5,fcbccedd61424f1b85dcbf8f897f9754,de7593d76648450e947ba0c203dee1b0,1533151609.947025,13,5,743,propagated,keep,recover,1.0,0.3640654981136322,0.37230873107910156,0.029125239700078964,0.0,0.9745264053344727,1.0,0.694543719291687,"[0.0, 0.0, 0.0, 0.0, 1.0, 0.0]","[0.0, 0.0, 0.0, 0.9999488592147827, 0.00016693194629624486, 0.0]","[-15.84613037109375, -21.257293701171875, -2.169321060180664]","[-14.863044738769531, -21.81760597229004, -2.2681896686553955]","[635.6363525390625, 1640.943359375, 1.0295159816741943]","[-15.84613037109375, -21.257293701171875, -2.169321060180664]",pedestrian,0.10983776301145554,True,True,94,False,False,False,False,,,False,3.074174110939733,,False,True,,5,5,False,False
b4_zero,compound,recovery_1_5,fcbccedd61424f1b85dcbf8f897f9754,de7593d76648450e947ba0c203dee1b0,1533151609.947025,13,5,762,propagated,keep,recover,1.0,0.4570327699184418,0.925236701965332,0.03656262159347534,0.0,0.9915858507156372,1.0,0.6747554540634155,"[0.02167416550219059, 0.0, 0.36915111541748047, 0.0, 0.6091747879981995, 0.0]","[0.0, 0.0, 0.0, 0.9999750852584839, 3.433301390032284e-05, 0.0]","[-18.08477783203125, -26.36767578125, -2.5121326446533203]","[-17.515193939208984, -26.666526794433594, -2.605679750442505]","[633.6021728515625, 1646.0933837890625, 1.0117988586425781]","[-18.08477783203125, -26.36767578125, -2.5121326446533203]",pedestrian,0.11158111691474915,True,True,92,False,False,False,False,,,False,2.158615730620928,,False,True,,5,5,False,False
b4_zero,compound,recovery_1_5,fcbccedd61424f1b85dcbf8f897f9754,de7593d76648450e947ba0c203dee1b0,1533151609.947025,13,5,767,propagated,keep,recover,1.0,0.5532970428466797,0.7829809188842773,0.04426376149058342,0.0,0.9843040108680725,1.0,0.6834456324577332,"[0.0, 0.0, 0.14973339438438416, 0.0, 0.8502666354179382, 0.0]","[0.0, 0.0, 0.0, 0.999953031539917, 0.00032775921863503754, 0.0]","[-20.38836669921875, -28.280487060546875, -2.7054481506347656]","[-19.758947372436523, -28.90557098388672, -2.769688606262207]","[633.315185546875, 1649.25439453125, 1.0062943696975708]","[-20.38836669921875, -28.280487060546875, -2.7054481506347656]",pedestrian,0.10322865098714828,True,True,107,False,False,False,False,,,False,4.8363816232496655,,False,True,,4,4,False,False
b4_zero,compound,recovery_1_5,fcbccedd61424f1b85dcbf8f897f9754,de7593d76648450e947ba0c203dee1b0,1533151609.947025,13,5,779,propagated,defer,defer,1.0,0.44791465997695923,0.0,0.0,0.0,0.9759997725486755,1.0,0.757106602191925,"[0.0, 0.0, 0.0, 0.0, 0.0, 0.0]","[0.0, 0.0, 0.0, 0.9999493360519409, 2.8678503534587693e-35, 0.0]","[-9.88116455078125, -45.544281005859375, -3.5318756103515625]","[-8.900413513183594, -46.204505920410156, -3.23124361038208]","[613.0742797851562, 1651.987060546875, 1.4682210683822632]","[-9.953453063964844, -46.08052062988281, -3.5318756103515625]",pedestrian,0.15451547503471375,False,True,61,False,False,False,False,,,False,2.257235130959532,,False,True,,0,0,False,False
b4_zero,compound,recovery_1_5,fcbccedd61424f1b85dcbf8f897f9754,de7593d76648450e947ba0c203dee1b0,1533151609.947025,13,5,785,propagated,keep,recover,1.0,0.3774983286857605,1.0597858428955078,0.030199864879250526,0.0,0.9803094863891602,1.0,0.6839641332626343,"[0.13235601782798767, 0.0, 0.35511383414268494, 0.0, 0.5125302076339722, 0.0]","[0.0, 0.0, 0.0, 0.9999432563781738, 0.0002347040717722848, 0.0]","[-16.29351806640625, -22.277587890625, -2.2677078247070312]","[-15.299312591552734, -22.326017379760742, -2.327343463897705]","[635.5234375, 1641.60595703125, 1.0056158304214478]","[-16.29351806640625, -22.277587890625, -2.2677078247070312]",pedestrian,0.0941835269331932,True,True,123,False,False,False,False,,,False,2.839443001794602,,False,True,,5,5,False,False
b4_zero,compound,recovery_1_5,fcbccedd61424f1b85dcbf8f897f9754,de7593d76648450e947ba0c203dee1b0,1533151609.947025,13,5,809,propagated,keep,recover,1.0,0.3584691882133484,1.0184288024902344,0.02867753431200981,0.0,0.9826908707618713,1.0,0.6878241300582886,"[0.09328312426805496, 0.0, 0.35853490233421326, 0.0, 0.54818195104599, 0.0]","[0.0, 0.0, 0.0, 0.9999468326568604, 0.00021153500711079687, 0.0]","[-16.29345703125, -22.27728271484375, -2.272581100463867]","[-15.392074584960938, -22.511871337890625, -2.346825361251831]","[635.4395141601562, 1641.796875, 0.9983081817626953]","[-16.29345703125, -22.27728271484375, -2.272581100463867]",pedestrian,0.07958593964576721,True,True,168,False,False,False,False,,,False,2.846578271052473,,False,True,,5,5,False,False
b4_zero,compound,recovery_1_5,fcbccedd61424f1b85dcbf8f897f9754,de7593d76648450e947ba0c203dee1b0,1533151609.947025,13,5,813,propagated,keep,recover,1.0,0.45395299792289734,0.6932687759399414,0.03631623834371567,0.0,0.9817526936531067,1.0,0.7055051922798157,"[0.0, 0.0, 0.1713368147611618, 0.0, 0.828663170337677, 0.0]","[0.0, 0.0, 0.0, 0.9999778270721436, 1.3926706742495298e-05, 0.0]","[-19.74859619140625, -29.05224609375, -2.6667823791503906]","[-18.80602264404297, -29.215768814086914, -2.741644859313965]","[632.4680786132812, 1648.7193603515625, 1.0427722930908203]","[-19.74859619140625, -29.05224609375, -2.6667823791503906]",pedestrian,0.0771917775273323,True,True,178,False,False,False,False,,,False,4.155544555063604,,False,True,,4,4,False,False
b4_zero,compound,recovery_1_5,fcbccedd61424f1b85dcbf8f897f9754,de7593d76648450e947ba0c203dee1b0,1533151609.947025,13,5,814,propagated,keep,recover,1.0,0.48587650060653687,0.63055419921875,0.03887011855840683,0.0,0.9710110425949097,1.0,0.6764797568321228,"[0.0, 0.0, 0.0034290009643882513, 0.0, 0.9965709447860718, 0.0]","[0.0, 0.0, 0.0, 0.9999558925628662, 0.0002502817951608449, 0.0]","[-19.94097900390625, -27.26031494140625, -2.605112075805664]","[-18.763263702392578, -27.53913688659668, -2.683331251144409]","[633.7290649414062, 1647.61279296875, 0.9999165534973145]","[-19.94097900390625, -27.26031494140625, -2.605112075805664]",pedestrian,0.09033199399709702,True,True,134,False,False,False,False,,,False,3.4587141766939116,,False,True,,5,5,False,False
b4_zero,compound,recovery_1_5,fcbccedd61424f1b85dcbf8f897f9754,de7593d76648450e947ba0c203dee1b0,1533151609.947025,13,5,818,propagated,defer,defer,1.0,0.41662541031837463,0.0,0.0,0.0,0.894273042678833,1.0,0.7504861354827881,"[0.0, 0.0, 0.0, 0.0, 0.0, 0.0]","[0.0, 0.0, 0.0, 0.9999423027038574, 0.0, 0.0]","[-4.7581787109375, -36.06219482421875, -3.3577804565429688]","[-3.251361846923828, -38.926815032958984, -2.6838176250457764]","[615.0604858398438, 1642.974365234375, 1.5178955793380737]","[-4.94999361038208, -40.426025390625, -3.3577804565429688]",traffic_cone,0.0007420137990266085,False,False,-1,False,False,False,True,cf11445013d14ce98d71c50b898e0744,car,False,1.0618109941085399,1.2786898176248471,False,True,,0,0,False,False
b4_zero,compound,recovery_1_5,fcbccedd61424f1b85dcbf8f897f9754,de7593d76648450e947ba0c203dee1b0,1533151609.947025,13,5,832,propagated,keep,recover,1.0,0.43065905570983887,0.6755084991455078,0.03445272520184517,0.0,0.9926257729530334,1.0,0.7136846780776978,"[0.0, 0.0, 0.16723188757896423, 0.0, 0.8327680826187134, 0.0]","[0.0, 0.0, 0.0, 0.9999799728393555, 2.5915453534253174e-06, 0.0]","[-18.66021728515625, -28.797027587890625, -2.641815185546875]","[-18.257164001464844, -29.246440887451172, -2.716996908187866]","[632.0940551757812, 1648.3162841796875, 1.0633819103240967]","[-18.66021728515625, -28.797027587890625, -2.641815185546875]",pedestrian,0.07012967765331268,True,True,206,False,False,False,False,,,False,3.732448802501409,,False,True,,4,4,False,False
b4_zero,compound,recovery_1_5,fcbccedd61424f1b85dcbf8f897f9754,de7593d76648450e947ba0c203dee1b0,1533151609.947025,13,5,844,propagated,defer,defer,1.0,0.39963680505752563,0.0,0.0,0.0,0.9808704853057861,1.0,0.7439164519309998,"[0.0, 0.0, 0.0, 0.0, 0.0, 0.0]","[0.0, 0.0, 0.0, 0.9999781847000122, 1.9585115751397097e-06, 0.0]","[-29.08685302734375, -45.90350341796875, -4.020925521850586]","[-28.732755661010742, -46.81968688964844, -4.051937580108643]","[625.2706298828125, 1667.6490478515625, 0.8967362642288208]","[-29.08685302734375, -45.90350341796875, -4.020925521850586]",pedestrian,0.050542090088129044,False,False,-1,False,False,False,False,,,False,19.27952516187579,,False,True,,0,0,False,False
b4_zero,compound,recovery_1_5,fcbccedd61424f1b85dcbf8f897f9754,de7593d76648450e947ba0c203dee1b0,1533151609.947025,13,5,850,propagated,defer,defer,1.0,0.32030072808265686,0.0,0.0,0.0,0.9841479063034058,1.0,0.7124527096748352,"[0.0, 0.0, 0.0, 0.0, 0.0, 0.0]","[0.0, 0.0, 0.0, 0.9999761581420898, 2.47030152422667e-06, 0.0]","[-31.967041015625, -50.252044677734375, -4.237199783325195]","[-31.12366485595703, -50.54778289794922, -4.2516632080078125]","[623.934326171875, 1671.8759765625, 0.9464958906173706]","[-31.967041015625, -50.252044677734375, -4.237199783325195]",pedestrian,0.04531757906079292,False,False,-1,False,False,False,False,,,False,22.56132639445763,,False,True,,0,0,False,False
b4_zero,compound,recovery_1_5,fcbccedd61424f1b85dcbf8f897f9754,de7593d76648450e947ba0c203dee1b0,1533151609.947025,13,5,851,propagated,defer,defer,1.0,0.21416454017162323,0.0,0.0,0.0,0.9816396236419678,1.0,0.7584825158119202,"[0.0, 0.0, 0.0, 0.0, 0.0, 0.0]","[0.0, 0.0, 0.0, 0.9999737739562988, 0.00011490657925605774, 0.0]","[-32.47955322265625, -48.075164794921875, -4.178779602050781]","[-31.53274917602539, -47.563411712646484, -4.262197494506836]","[626.4850463867188, 1670.2841796875, 0.7612513303756714]","[-32.42082595825195, -47.925228118896484, -4.178779602050781]",traffic_cone,0.006640899460762739,False,False,-1,False,False,False,False,,,False,22.174205847142122,,False,True,,0,0,False,False
b4_zero,compound,recovery_1_5,fcbccedd61424f1b85dcbf8f897f9754,de7593d76648450e947ba0c203dee1b0,1533151609.947025,13,5,867,propagated,defer,defer,4.0,0.38259321451187134,0.0,0.0,0.0,0.9994649887084961,1.0,0.6722702383995056,"[0.0, 0.0, 0.0, 0.0, 0.0, 0.0]","[0.0, 0.0, 0.0, 0.9999517202377319, 3.979727930623556e-24, 0.0]","[-12.19171142578125, -39.68084716796875, -2.929018020629883]","[-12.076377868652344, -39.87417984008789, -2.829185724258423]","[619.9796142578125, 1650.3636474609375, 1.5234330892562866]","[-12.204913139343262, -39.8906135559082, -2.929018020629883]",pedestrian,0.10117309540510178,False,True,109,False,False,False,False,,,False,4.064992706360987,,False,True,,0,0,False,False
b4_zero,compound,recovery_1_5,fcbccedd61424f1b85dcbf8f897f9754,de7593d76648450e947ba0c203dee1b0,1533151609.947025,13,5,872,propagated,keep,recover,1.0,0.4405752718448639,0.14578771591186523,0.035246022045612335,0.0,0.9756979942321777,1.0,0.7596692442893982,"[0.0, 0.0, 0.0, 0.0, 1.0, 0.0]","[0.0, 0.0, 0.0, 0.9999728202819824, 0.00013236752420198172, 0.0]","[-32.350830078125, -46.662506103515625, -4.207912445068359]","[-31.451061248779297, -47.31062316894531, -4.22960090637207]","[626.6278686523438, 1670.0584716796875, 0.7777506113052368]","[-32.350830078125, -46.662506103515625, -4.207912445068359]",pedestrian,0.057948559522628784,True,False,-1,False,False,False,False,,,False,22.04485258702095,,False,True,,0,0,False,False
b4_zero,compound,recovery_1_5,fcbccedd61424f1b85dcbf8f897f9754,de7593d76648450e947ba0c203dee1b0,1533151609.947025,13,5,879,propagated,defer,defer,3.0,0.4599442780017853,0.0,0.0,0.0,0.9043924808502197,1.0,0.7431285977363586,"[0.0, 0.0, 0.0, 0.0, 0.0, 0.0]","[0.0, 0.0, 0.0, 0.9999434947967529, 0.0, 0.0]","[-6.4886474609375, -35.5582275390625, -3.2128372192382812]","[-4.8408966064453125, -39.37528991699219, -2.716487407684326]","[615.733154296875, 1644.483154296875, 1.5290902853012085]","[-6.991093158721924, -39.76884460449219, -3.2128372192382812]",bicycle,0.001572981127537787,False,False,-1,False,False,False,False,,,False,2.4224414169817257,,False,True,,0,0,False,False
b4_zero,compound,recovery_1_5,fcbccedd61424f1b85dcbf8f897f9754,de7593d76648450e947ba0c203dee1b0,1533151609.947025,13,5,895,propagated,defer,defer,1.0,0.3819344937801361,0.0,0.0,0.0,0.9671435356140137,1.0,0.6983861923217773,"[0.0, 0.0, 0.0, 0.0, 0.0, 0.0]","[0.0, 0.0, 0.0, 0.9999798536300659, 1.5365602124006728e-08, 0.0]","[-19.68182373046875, -32.239715576171875, -2.984893798828125]","[-18.43376922607422, -32.570987701416016, -2.9297940731048584]","[629.6487426757812, 1650.5855712890625, 1.0523465871810913]","[-19.68182373046875, -32.239715576171875, -2.984893798828125]",pedestrian,0.038329459726810455,False,False,-1,False,False,False,False,,,False,6.467472327474511,,False,True,,0,0,False,False
b4_zero,compound,recovery_1_5,325cef682f064c55a255f2625c533b75,61a7bd24f88a46c2963280d8b13ac675,1538984239.948316,53,5,734,propagated,defer,defer,4.0,0.3592148423194885,0.0,0.0,0.0,0.9890705347061157,1.0,0.6719799041748047,"[0.0, 0.0, 0.0, 0.0, 0.0, 0.0]","[0.0, 0.0, 0.0, 0.9999973773956299, 0.0, 0.0]","[4.25897216796875, -42.255615234375, -4.0883941650390625]","[4.978290557861328, -42.07924270629883, -4.1192522048950195]","[732.9564819335938, 1814.997314453125, 0.39811766147613525]","[4.258971214294434, -42.255615234375, -4.0883941650390625]",car,0.002064612228423357,False,False,-1,False,False,False,False,,,False,7.280710532194045,,False,True,,0,0,False,False
b4_zero,compound,recovery_1_5,325cef682f064c55a255f2625c533b75,61a7bd24f88a46c2963280d8b13ac675,1538984239.948316,53,5,839,propagated,defer,defer,1.0,0.33942317962646484,0.0,0.0,0.0,0.9845809936523438,1.0,0.7781499624252319,"[0.0, 0.0, 0.0, 0.0, 0.0, 0.0]","[0.0, 0.0, 0.0, 0.9999957084655762, 4.451407165507841e-15, 0.0]","[-12.05364990234375, -27.3321533203125, -2.7439613342285156]","[-12.077186584472656, -26.476722717285156, -2.5326759815216064]","[730.3267211914062, 1791.9896240234375, 1.154712200164795]","[-12.053650856018066, -27.3321533203125, -2.7439613342285156]",pedestrian,0.10873696208000183,False,True,66,False,False,False,False,,,False,3.457534814927602,,False,True,,0,0,False,False
b4_zero,compound,recovery_1_5,325cef682f064c55a255f2625c533b75,61a7bd24f88a46c2963280d8b13ac675,1538984239.948316,53,5,856,propagated,defer,defer,4.0,0.3411481976509094,0.0,0.0,0.0,0.9897509813308716,1.0,0.6739739179611206,"[0.0, 0.0, 0.0, 0.0, 0.0, 0.0]","[0.0, 0.0, 0.0, 0.9999973773956299, 0.0, 0.0]","[3.45025634765625, -41.6705322265625, -4.008697509765625]","[3.628875732421875, -40.97541427612305, -4.009803295135498]","[732.8546752929688, 1813.2542724609375, 0.4505249261856079]","[3.4502553939819336, -41.6705322265625, -4.008697509765625]",bicycle,0.001918744295835495,False,False,-1,False,False,False,False,,,False,6.743502038709213,,False,True,,0,0,False,False
b6_zero,camera_crash_5,recovery_1_5,fcbccedd61424f1b85dcbf8f897f9754,fa65a298c01f44e7a182bbf9e5fe3697,1533151607.548824,8,5,655,propagated,keep,recover,1.0,0.39999401569366455,0.1342625617980957,0.03199952095746994,0.0,0.9021583795547485,0.0,0.7246978282928467,"[0.0, 0.0, 0.0, 0.0, 1.0, 0.0]","[0.0, 0.0, 0.0, 0.9998987913131714, 0.0, 0.0]","[-4.4727783203125, -17.782318115234375, -1.609182357788086]","[-2.9723854064941406, -20.62300682067871, -1.2681334018707275]","[615.093017578125, 1642.7025146484375, 1.626086711883545]","[-4.494548797607422, -22.270721435546875, -1.609182357788086]",barrier,0.00024844001745805144,True,False,-1,False,False,False,False,,,False,2.1255089954600117,,False,True,,0,0,False,False
b6_zero,camera_crash_5,recovery_1_5,fcbccedd61424f1b85dcbf8f897f9754,fa65a298c01f44e7a182bbf9e5fe3697,1533151607.548824,8,5,739,propagated,keep,recover,2.0,0.5848299264907837,0.8698291778564453,0.046543899923563004,0.0,0.9932065010070801,7.200566098236605e-13,0.703005313873291,"[0.0, 0.21177327632904053, 0.0, 0.0, 0.0, 0.7882267236709595]","[0.0, 0.0, 0.0, 0.9998669624328613, 0.0, 7.454928059417998e-13]","[9.977294921875, -22.68780517578125, -1.7617874145507812]","[9.626686096191406, -22.914945602416992, -1.353968858718872]","[605.2896728515625, 1634.462890625, 1.601622462272644]","[9.977294921875, -22.68780517578125, -1.7617874145507812]",traffic_cone,0.1276024878025055,True,True,92,False,False,False,False,,,False,3.4194631103053936,,False,True,,1,1,False,False
b6_zero,camera_crash_5,recovery_1_5,fcbccedd61424f1b85dcbf8f897f9754,fa65a298c01f44e7a182bbf9e5fe3697,1533151607.548824,8,5,791,propagated,defer,defer,2.0,0.48117539286613464,0.0,0.0,0.0,0.9918581247329712,0.0,0.7521753907203674,"[0.0, 0.0, 0.0, 0.0, 0.0, 0.0]","[0.0, 0.0, 0.0, 0.9997342228889465, 0.0, 7.701237108963255e-14]","[10.986328125, -27.056793212890625, -1.5957221984863281]","[10.622138977050781, -26.662412643432617, -1.119680643081665]","[601.7803955078125, 1636.0748291015625, 2.020958662033081]","[10.97863483428955, -26.427780151367188, -1.5957221984863281]",pedestrian,0.1431163251399994,False,True,80,False,False,False,False,,,False,2.649228712213622,,False,True,,0,0,False,False
b6_zero,camera_crash_5,recovery_1_5,325cef682f064c55a255f2625c533b75,5b7cb170eee6468aa1fdbd3abcf63c5a,1538984237.446737,48,5,839,propagated,defer,defer,4.0,0.37376487255096436,0.0,0.0,0.0,0.9518104195594788,0.0,0.7341686487197876,"[0.0, 0.0, 0.0, 0.0, 0.0, 0.0]","[0.0, 0.0, 0.0, 0.9999858140945435, 0.0, 0.0]","[-0.79913330078125, -25.07421875, -1.8852119445800781]","[-2.1991615295410156, -23.84590721130371, -1.5955729484558105]","[726.2308959960938, 1811.6507568359375, 1.2132834196090698]","[-1.388089895248413, -25.160343170166016, -1.8852119445800781]",pedestrian,0.07680036127567291,False,True,147,False,False,False,False,,,False,2.0688321178057634,,False,True,,0,0,False,False
b6_zero,camera_crash_5,recovery_1_5,325cef682f064c55a255f2625c533b75,5b7cb170eee6468aa1fdbd3abcf63c5a,1538984237.446737,48,5,841,propagated,defer,defer,4.0,0.402838796377182,0.0,0.0,0.0,0.9050626158714294,0.0,0.707520067691803,"[0.0, 0.0, 0.0, 0.0, 0.0, 0.0]","[0.0, 0.0, 0.0, 0.9999837875366211, 0.0, 0.0]","[-3.741241455078125, -28.62310791015625, -2.0010337829589844]","[-3.0199508666992188, -26.933984756469727, -1.7022895812988281]","[728.7740478515625, 1813.5880126953125, 1.236722469329834]","[-4.349804878234863, -28.703107833862305, -2.0010337829589844]",pedestrian,0.04690750688314438,False,True,212,False,False,False,False,,,False,5.249313460738692,,False,True,,0,0,False,False
b6_zero,camera_crash_5,recovery_1_5,325cef682f064c55a255f2625c533b75,5b7cb170eee6468aa1fdbd3abcf63c5a,1538984237.446737,48,5,860,propagated,defer,defer,3.0,0.454184353351593,0.0,0.0,0.0,0.9986445903778076,0.0,0.7948402762413025,"[0.0, 0.0, 0.0, 0.0, 0.0, 0.0]","[0.0, 0.0, 0.0, 0.9999858140945435, 2.4698140182951863e-31, 0.0]","[-5.22808837890625, -23.4539794921875, -1.6947669982910156]","[-5.700294494628906, -23.04355812072754, -1.585303544998169]","[728.50439453125, 1808.8699951171875, 1.2087969779968262]","[-5.837892532348633, -23.235660552978516, -1.6947669982910156]",pedestrian,0.017591997981071472,False,False,-1,False,False,False,False,,,False,3.910145422114758,,False,True,,0,0,False,False
b6_zero,camera_crash_10,recovery_1_5,fcbccedd61424f1b85dcbf8f897f9754,de7593d76648450e947ba0c203dee1b0,1533151609.947025,13,5,665,propagated,defer,defer,2.0,0.5353086590766907,0.0,0.0,0.0,0.9546973705291748,0.0,0.7477715015411377,"[0.0, 0.0, 0.0, 0.0, 0.0, 0.0]","[0.0, 0.0, 0.0, 0.9999521970748901, 6.879731151464343e-31, 0.0]","[-11.931640625, -44.655548095703125, -3.3867721557617188]","[-10.502754211425781, -45.521644592285156, -3.2327303886413574]","[614.6241455078125, 1652.781494140625, 1.4427911043167114]","[-11.979914665222168, -45.18651580810547, -3.3867721557617188]",pedestrian,0.3028365671634674,False,True,12,False,False,False,False,,,False,2.393102798383081,,False,True,,0,0,False,False
b6_zero,camera_crash_10,recovery_1_5,fcbccedd61424f1b85dcbf8f897f9754,de7593d76648450e947ba0c203dee1b0,1533151609.947025,13,5,707,propagated,defer,defer,5.0,0.5474086403846741,0.0,0.0,0.0,0.9732089638710022,0.0,0.753998339176178,"[0.0, 0.0, 0.0, 0.0, 0.0, 0.0]","[0.0, 0.0, 0.0, 0.9999377727508545, 0.0, 2.3140228699232043e-22]","[9.70806884765625, -40.96087646484375, -2.89923095703125]","[10.870277404785156, -41.03517150878906, -2.859607458114624]","[604.3930053710938, 1633.4842529296875, 1.3188656568527222]","[9.708067893981934, -40.96087646484375, -2.89923095703125]",traffic_cone,0.17772743105888367,False,True,39,False,False,False,False,,,False,3.462456664826227,,False,True,,0,0,False,False
b6_zero,camera_crash_10,recovery_1_5,fcbccedd61424f1b85dcbf8f897f9754,de7593d76648450e947ba0c203dee1b0,1533151609.947025,13,5,708,propagated,defer,defer,2.0,0.4179113209247589,0.0,0.0,0.0,0.9826470017433167,0.0,0.7296864986419678,"[0.0, 0.0, 0.0, 0.0, 0.0, 0.0]","[0.0, 0.0, 0.0, 0.999916672706604, 0.0, 1.2106724298638654e-31]","[5.92547607421875, -39.577728271484375, -2.450315475463867]","[6.650367736816406, -40.42625427246094, -2.52455997467041]","[607.5756225585938, 1636.320556640625, 1.6615999937057495]","[5.941959381103516, -39.819698333740234, -2.450315475463867]",pedestrian,0.15899044275283813,False,True,49,False,False,False,False,,,False,2.283998713700593,,False,True,,0,0,False,False
b6_zero,camera_crash_10,recovery_1_5,fcbccedd61424f1b85dcbf8f897f9754,de7593d76648450e947ba0c203dee1b0,1533151609.947025,13,5,732,propagated,defer,defer,1.0,0.35172465443611145,0.0,0.0,0.0,0.9208345413208008,0.0,0.7761549949645996,"[0.0, 0.0, 0.0, 0.0, 0.0, 0.0]","[0.0, 0.0, 0.0, 0.99997878074646, 1.4655851532374697e-10, 0.0]","[-13.34967041015625, -21.134002685546875, -2.078611373901367]","[-11.932144165039062, -22.58807945251465, -2.0829873085021973]","[633.1757202148438, 1639.1761474609375, 1.229457974433899]","[-13.349671363830566, -21.134002685546875, -2.078611373901367]",pedestrian,0.11020032316446304,False,True,93,False,False,False,False,,,False,2.079626247554309,,False,True,,0,0,False,False
b6_zero,camera_crash_10,recovery_1_5,fcbccedd61424f1b85dcbf8f897f9754,de7593d76648450e947ba0c203dee1b0,1533151609.947025,13,5,744,propagated,defer,defer,1.0,0.3375532329082489,0.0,0.0,0.0,0.9860559105873108,0.0,0.7485935091972351,"[0.0, 0.0, 0.0, 0.0, 0.0, 0.0]","[0.0, 0.0, 0.0, 0.9999741315841675, 6.191440479597077e-05, 0.0]","[-32.4794921875, -48.07513427734375, -4.179754257202148]","[-31.723373413085938, -48.435340881347656, -4.205211162567139]","[625.9405517578125, 1670.9849853515625, 0.872477650642395]","[-32.4794921875, -48.07513427734375, -4.179754257202148]",pedestrian,0.09060671180486679,False,True,119,False,False,False,False,,,False,22.546230038115127,,False,True,,0,0,False,False
b6_zero,camera_crash_10,recovery_1_5,fcbccedd61424f1b85dcbf8f897f9754,de7593d76648450e947ba0c203dee1b0,1533151609.947025,13,5,779,propagated,keep,recover,1.0,0.47308188676834106,0.9185924530029297,0.03784655034542084,0.0,0.9912773370742798,2.80057211057283e-05,0.6745173335075378,"[0.021728891879320145, 0.0, 0.36738163232803345, 0.0, 0.6108894348144531, 0.0]","[0.0, 0.0, 0.0, 0.9999756813049316, 3.2694402761990204e-05, 0.0]","[-18.0845947265625, -26.3668212890625, -2.526752471923828]","[-17.503856658935547, -26.671234130859375, -2.616877555847168]","[633.5908813476562, 1646.088134765625, 1.0007838010787964]","[-18.0845947265625, -26.3668212890625, -2.526752471923828]",pedestrian,0.1161067932844162,True,True,87,False,False,False,False,,,False,2.146877233671925,,False,True,,5,5,False,False
b6_zero,camera_crash_10,recovery_1_5,fcbccedd61424f1b85dcbf8f897f9754,de7593d76648450e947ba0c203dee1b0,1533151609.947025,13,5,783,propagated,keep,recover,1.0,0.35586947202682495,0.36588144302368164,0.02846955694258213,0.0,0.9770482778549194,0.00021618310711346567,0.6849855780601501,"[0.0, 0.0, 0.0, 0.0, 1.0, 0.0]","[0.0, 0.0, 0.0, 0.9999428987503052, 0.000216170767089352, 0.0]","[-15.84613037109375, -21.257415771484375, -2.1673717498779297]","[-14.953666687011719, -21.850723266601562, -2.278975248336792]","[635.6685791015625, 1641.03466796875, 1.0217007398605347]","[-15.84613037109375, -21.257415771484375, -2.1673717498779297]",pedestrian,0.1037369817495346,True,True,104,False,False,False,False,,,False,2.9948299983540414,,False,True,,5,5,False,False
b6_zero,camera_crash_10,recovery_1_5,fcbccedd61424f1b85dcbf8f897f9754,de7593d76648450e947ba0c203dee1b0,1533151609.947025,13,5,796,propagated,keep,recover,1.0,0.550968587398529,0.7677593231201172,0.04407748579978943,0.0,0.980168879032135,0.0002189882507082075,0.679263174533844,"[0.0, 0.0, 0.15154118835926056, 0.0, 0.8484587669372559, 0.0]","[0.0, 0.0, 0.0, 0.9999598264694214, 0.0002224448398919776, 0.0]","[-20.38836669921875, -28.280303955078125, -2.708372116088867]","[-19.676666259765625, -28.979455947875977, -2.7870237827301025]","[633.2051391601562, 1649.2391357421875, 0.9925507307052612]","[-20.38836669921875, -28.280303955078125, -2.708372116088867]",pedestrian,0.10433037579059601,True,True,103,False,False,False,False,,,False,4.794155165681932,,False,True,,5,5,False,False
b6_zero,camera_crash_10,recovery_1_5,fcbccedd61424f1b85dcbf8f897f9754,de7593d76648450e947ba0c203dee1b0,1533151609.947025,13,5,818,propagated,defer,defer,1.0,0.41683846712112427,0.0,0.0,0.0,0.9735888242721558,0.0,0.7548237442970276,"[0.0, 0.0, 0.0, 0.0, 0.0, 0.0]","[0.0, 0.0, 0.0, 0.9999523162841797, 1.9559891659079664e-35, 0.0]","[-9.88055419921875, -45.540924072265625, -3.587430953979492]","[-8.841690063476562, -46.23759078979492, -3.297524929046631]","[613.0087280273438, 1651.9661865234375, 1.4034243822097778]","[-9.952534675598145, -46.09515380859375, -3.587430953979492]",pedestrian,0.13161468505859375,False,True,74,False,False,False,False,,,False,2.205219811130127,,False,True,,0,0,False,False
b6_zero,camera_crash_10,recovery_1_5,fcbccedd61424f1b85dcbf8f897f9754,de7593d76648450e947ba0c203dee1b0,1533151609.947025,13,5,849,propagated,keep,recover,1.0,0.49346548318862915,0.625676155090332,0.039477236568927765,0.0,0.9710395932197571,0.00024266140826512128,0.6741551756858826,"[0.0, 0.0, 0.0032671752851456404, 0.0, 0.9967328310012817, 0.0]","[0.0, 0.0, 0.0, 0.9999568462371826, 0.00024265226966235787, 0.0]","[-19.94085693359375, -27.259490966796875, -2.6187572479248047]","[-18.76931381225586, -27.559186935424805, -2.702848434448242]","[633.716796875, 1647.6312255859375, 0.9817031621932983]","[-19.94085693359375, -27.259490966796875, -2.6187572479248047]",pedestrian,0.09324952960014343,True,True,114,False,False,False,False,,,False,3.468987496424806,,False,True,,5,5,False,False
b6_zero,camera_crash_10,recovery_1_5,fcbccedd61424f1b85dcbf8f897f9754,de7593d76648450e947ba0c203dee1b0,1533151609.947025,13,5,852,propagated,keep,recover,1.0,0.44281870126724243,0.671076774597168,0.035425495356321335,0.0,0.9930290579795837,3.018584266101243e-06,0.7148858308792114,"[0.0, 0.0, 0.16864092648029327, 0.0, 0.8313590884208679, 0.0]","[0.0, 0.0, 0.0, 0.9999802112579346, 3.080001533817267e-06, 0.0]","[-18.65997314453125, -28.7957763671875, -2.662282943725586]","[-18.323261260986328, -29.276491165161133, -2.7351129055023193]","[632.1126098632812, 1648.3870849609375, 1.0478051900863647]","[-18.65997314453125, -28.7957763671875, -2.662282943725586]",pedestrian,0.07355833053588867,True,True,199,False,False,False,False,,,False,3.803462795604758,,False,True,,5,5,False,False
b6_zero,camera_crash_10,recovery_1_5,fcbccedd61424f1b85dcbf8f897f9754,de7593d76648450e947ba0c203dee1b0,1533151609.947025,13,5,855,propagated,keep,recover,1.0,0.44891929626464844,0.686640739440918,0.03591354191303253,0.0,0.9800228476524353,1.0671295967767946e-05,0.7090529203414917,"[0.0, 0.0, 0.17122429609298706, 0.0, 0.8287757039070129, 0.0]","[0.0, 0.0, 0.0, 0.99997878074646, 1.0896426829276606e-05, 0.0]","[-19.7484130859375, -29.05120849609375, -2.684326171875]","[-18.772506713867188, -29.277585983276367, -2.757327079772949]","[632.3986206054688, 1648.73388671875, 1.0304722785949707]","[-19.7484130859375, -29.05120849609375, -2.684326171875]",pedestrian,0.07577759027481079,True,True,185,False,False,False,False,,,False,4.163760551966951,,False,True,,5,5,False,False
b6_zero,camera_crash_10,recovery_1_5,fcbccedd61424f1b85dcbf8f897f9754,de7593d76648450e947ba0c203dee1b0,1533151609.947025,13,5,891,propagated,keep,recover,1.0,0.4928719699382782,0.6308469772338867,0.03942975774407387,0.0,0.95987868309021,0.0007219919934868813,0.6929169297218323,"[0.0, 0.0, 3.3938400179067685e-07, 0.0, 0.9999996423721313, 0.0]","[0.0, 0.0, 0.0, 0.9999362230300903, 0.0007219460676424205, 0.0]","[-21.92474365234375, -29.559173583984375, -2.7761707305908203]","[-20.494586944580078, -29.551937103271484, -2.821086883544922]","[633.2884521484375, 1650.234619140625, 1.001595139503479]","[-21.92474365234375, -29.559173583984375, -2.7761707305908203]",pedestrian,0.06926275789737701,True,True,215,False,False,False,False,,,False,5.782823640549191,,False,True,,5,5,False,False
b6_zero,camera_crash_10,recovery_1_5,fcbccedd61424f1b85dcbf8f897f9754,de7593d76648450e947ba0c203dee1b0,1533151609.947025,13,5,892,propagated,defer,defer,1.0,0.23316563665866852,0.0,0.0,0.0,0.9319823980331421,0.0,0.7214362025260925,"[0.0, 0.0, 0.0, 0.0, 0.0, 0.0]","[0.0, 0.0, 0.0, 0.9999332427978516, 0.0023780043702572584, 0.0]","[-36.12841796875, -53.0660400390625, -4.380706787109375]","[-35.939697265625, -51.19895553588867, -4.359488487243652]","[626.5147705078125, 1675.9954833984375, 0.9291278123855591]","[-36.12841796875, -53.0660400390625, -4.380706787109375]",pedestrian,0.03229980915784836,False,False,-1,False,False,False,False,,,False,27.34467020232355,,False,True,,0,0,False,False
b6_zero,camera_crash_10,recovery_1_5,fcbccedd61424f1b85dcbf8f897f9754,de7593d76648450e947ba0c203dee1b0,1533151609.947025,13,5,893,propagated,keep,recover,1.0,0.3946523070335388,0.5045666694641113,0.03157218545675278,0.0,0.9846510887145996,1.4576201010640943e-06,0.6800638437271118,"[0.0, 0.0, 0.03971315175294876, 0.0, 0.9602868556976318, 0.0]","[0.0, 0.0, 0.0, 0.9999806880950928, 1.458838028156606e-06, 0.0]","[-16.10150146484375, -24.0716552734375, -2.294290542602539]","[-15.306446075439453, -24.65445327758789, -2.3524818420410156]","[633.7410278320312, 1643.0999755859375, 1.1203179359436035]","[-16.163616180419922, -24.466655731201172, -2.294290542602539]",pedestrian,0.04803696647286415,True,False,-1,False,False,False,False,,,False,2.2431108062825555,,False,True,,0,0,False,False
b6_zero,camera_crash_10,recovery_1_5,fcbccedd61424f1b85dcbf8f897f9754,de7593d76648450e947ba0c203dee1b0,1533151609.947025,13,5,897,propagated,defer,defer,1.0,0.3812140226364136,0.0,0.0,0.0,0.970443069934845,0.0,0.6927341818809509,"[0.0, 0.0, 0.0, 0.0, 0.0, 0.0]","[0.0, 0.0, 0.0, 0.9999799728393555, 1.8518303335213204e-08, 0.0]","[-19.68182373046875, -32.23968505859375, -2.985382080078125]","[-18.499168395996094, -32.554039001464844, -2.9340686798095703]","[629.7034301757812, 1650.6251220703125, 1.0477582216262817]","[-19.68182373046875, -32.23968505859375, -2.985382080078125]",pedestrian,0.04010622575879097,False,False,-1,False,False,False,False,,,False,6.484124078484762,,False,True,,0,0,False,False
b6_zero,camera_crash_10,recovery_1_5,325cef682f064c55a255f2625c533b75,61a7bd24f88a46c2963280d8b13ac675,1538984239.948316,53,5,736,propagated,defer,defer,4.0,0.36128073930740356,0.0,0.0,0.0,0.9884344339370728,0.0,0.6705384254455566,"[0.0, 0.0, 0.0, 0.0, 0.0, 0.0]","[0.0, 0.0, 0.0, 0.9999974966049194, 0.0, 0.0]","[4.25921630859375, -42.25421142578125, -4.109825134277344]","[5.003986358642578, -42.09407043457031, -4.146131992340088]","[732.9548950195312, 1815.027587890625, 0.3719724416732788]","[4.259215354919434, -42.25421142578125, -4.109825134277344]",car,0.0022088198456913233,False,False,-1,False,False,False,False,,,False,7.290262762191233,,False,True,,0,0,False,False
b6_zero,camera_crash_10,recovery_1_5,325cef682f064c55a255f2625c533b75,61a7bd24f88a46c2963280d8b13ac675,1538984239.948316,53,5,863,propagated,defer,defer,4.0,0.3399253785610199,0.0,0.0,0.0,0.9893154501914978,0.0,0.6706326007843018,"[0.0, 0.0, 0.0, 0.0, 0.0, 0.0]","[0.0, 0.0, 0.0, 0.9999973773956299, 0.0, 0.0]","[3.450439453125, -41.66949462890625, -4.024284362792969]","[3.638599395751953, -40.961212158203125, -4.030341148376465]","[732.8387451171875, 1813.25439453125, 0.42898547649383545]","[3.4504384994506836, -41.66949462890625, -4.024284362792969]",bicycle,0.0020373680163174868,False,False,-1,False,False,False,False,,,False,6.727729788229615,,False,True,,0,0,False,False
b6_zero,compound,recovery_1_5,fcbccedd61424f1b85dcbf8f897f9754,de7593d76648450e947ba0c203dee1b0,1533151609.947025,13,5,669,propagated,defer,defer,2.0,0.5535051822662354,0.0,0.0,0.0,0.9707152843475342,0.0,0.75272536277771,"[0.0, 0.0, 0.0, 0.0, 0.0, 0.0]","[0.0, 0.0, 0.0, 0.9999504089355469, 5.156611128215438e-31, 0.0]","[-11.61163330078125, -45.040679931640625, -3.3801097869873047]","[-10.454551696777344, -45.57778549194336, -3.1965978145599365]","[614.5516357421875, 1652.7786865234375, 1.4817126989364624]","[-11.659660339355469, -45.56586837768555, -3.3801097869873047]",pedestrian,0.2979349195957184,False,True,14,False,False,False,False,,,False,2.4312984632248753,,False,True,,0,0,False,False
b6_zero,compound,recovery_1_5,fcbccedd61424f1b85dcbf8f897f9754,de7593d76648450e947ba0c203dee1b0,1533151609.947025,13,5,682,propagated,defer,defer,2.0,0.4415425956249237,0.0,0.0,0.0,0.9736984968185425,0.0,0.7405331134796143,"[0.0, 0.0, 0.0, 0.0, 0.0, 0.0]","[0.0, 0.0, 0.0, 0.9999098777770996, 0.0, 1.5328644993267918e-31]","[5.92474365234375, -39.581787109375, -2.3830642700195312]","[6.717784881591797, -40.65967559814453, -2.46679949760437]","[607.355712890625, 1636.4151611328125, 1.7325431108474731]","[5.930764675140381, -39.819278717041016, -2.3830642700195312]",pedestrian,0.1973196268081665,False,True,35,False,False,False,False,,,False,2.0524285431658695,,False,True,,0,0,False,False
b6_zero,compound,recovery_1_5,fcbccedd61424f1b85dcbf8f897f9754,de7593d76648450e947ba0c203dee1b0,1533151609.947025,13,5,706,propagated,defer,defer,5.0,0.5602072477340698,0.0,0.0,0.0,0.9757360816001892,0.0,0.7474740743637085,"[0.0, 0.0, 0.0, 0.0, 0.0, 0.0]","[0.0, 0.0, 0.0, 0.9999357461929321, 0.0, 1.8237358461265035e-22]","[9.7078857421875, -40.962066650390625, -2.8797378540039062]","[10.813041687011719, -41.02814483642578, -2.830570697784424]","[604.4361572265625, 1633.5224609375, 1.348035454750061]","[9.707884788513184, -40.962066650390625, -2.8797378540039062]",traffic_cone,0.17594406008720398,False,True,47,False,False,False,False,,,False,3.4186640015572385,,False,True,,0,0,False,False
b6_zero,compound,recovery_1_5,fcbccedd61424f1b85dcbf8f897f9754,de7593d76648450e947ba0c203dee1b0,1533151609.947025,13,5,718,propagated,defer,defer,1.0,0.35226476192474365,0.0,0.0,0.0,0.9533740282058716,0.0,0.7673951983451843,"[0.0, 0.0, 0.0, 0.0, 0.0, 0.0]","[0.0, 0.0, 0.0, 0.9999781847000122, 1.3127549047808884e-10, 0.0]","[-13.02947998046875, -21.51824951171875, -2.086568832397461]","[-11.901657104492188, -22.57423973083496, -2.0692670345306396]","[633.1673583984375, 1639.1431884765625, 1.241998314857483]","[-13.02947998046875, -21.51824951171875, -2.086568832397461]",pedestrian,0.1148492693901062,False,True,88,False,False,False,False,,,False,2.095264096641793,,False,True,,0,0,False,False
b6_zero,compound,recovery_1_5,fcbccedd61424f1b85dcbf8f897f9754,de7593d76648450e947ba0c203dee1b0,1533151609.947025,13,5,738,propagated,defer,defer,1.0,0.19735044240951538,0.0,0.0,0.0,0.9817712903022766,0.0,0.767384946346283,"[0.0, 0.0, 0.0, 0.0, 0.0, 0.0]","[0.0, 0.0, 0.0, 0.9999760389328003, 5.884735946892761e-05, 0.0]","[-32.47955322265625, -48.07525634765625, -4.177318572998047]","[-31.534772872924805, -48.196266174316406, -4.287725448608398]","[625.9998779296875, 1670.691162109375, 0.7737668752670288]","[-32.47967529296875, -48.07455825805664, -4.177318572998047]",pedestrian,0.020502446219325066,False,False,-1,False,False,False,False,,,False,22.309998106890603,,False,True,,0,0,False,False
b6_zero,compound,recovery_1_5,fcbccedd61424f1b85dcbf8f897f9754,de7593d76648450e947ba0c203dee1b0,1533151609.947025,13,5,746,propagated,keep,recover,1.0,0.36339640617370605,0.36957836151123047,0.029071711003780365,0.0,0.9746139049530029,0.00016694047371856868,0.6967328786849976,"[0.0, 0.0, 0.0, 0.0, 1.0, 0.0]","[0.0, 0.0, 0.0, 0.9999488592147827, 0.00016693194629624486, 0.0]","[-15.84613037109375, -21.257293701171875, -2.169321060180664]","[-14.859729766845703, -21.807815551757812, -2.267465591430664]","[635.6417846679688, 1640.9345703125, 1.029615879058838]","[-15.84613037109375, -21.257293701171875, -2.169321060180664]",pedestrian,0.10709720849990845,True,True,102,False,False,False,False,,,False,3.0749821916633153,,False,True,,5,5,False,False
b6_zero,compound,recovery_1_5,fcbccedd61424f1b85dcbf8f897f9754,de7593d76648450e947ba0c203dee1b0,1533151609.947025,13,5,764,propagated,keep,recover,1.0,0.45918065309524536,0.9139871597290039,0.0367344506084919,0.0,0.991466224193573,2.9354405342019163e-05,0.6758009195327759,"[0.021838374435901642, 0.0, 0.3689441382884979, 0.0, 0.6092175245285034, 0.0]","[0.0, 0.0, 0.0, 0.9999750852584839, 3.433301390032284e-05, 0.0]","[-18.08477783203125, -26.36767578125, -2.5121326446533203]","[-17.510456085205078, -26.667877197265625, -2.604614734649658]","[633.59814453125, 1646.0904541015625, 1.012892723083496]","[-18.08477783203125, -26.36767578125, -2.5121326446533203]",pedestrian,0.11054208874702454,True,True,97,False,False,False,False,,,False,2.1536875001241884,,False,True,,5,5,False,False
b6_zero,compound,recovery_1_5,fcbccedd61424f1b85dcbf8f897f9754,de7593d76648450e947ba0c203dee1b0,1533151609.947025,13,5,769,propagated,keep,recover,1.0,0.5542972087860107,0.7727489471435547,0.04434377700090408,0.0,0.9842230081558228,0.00032276270212605596,0.6831759810447693,"[0.0, 0.0, 0.15031790733337402, 0.0, 0.849682092666626, 0.0]","[0.0, 0.0, 0.0, 0.999953031539917, 0.00032775921863503754, 0.0]","[-20.388427734375, -28.280609130859375, -2.7034988403320312]","[-19.758670806884766, -28.90851402282715, -2.7689428329467773]","[633.312744140625, 1649.2559814453125, 1.0072126388549805]","[-20.388427734375, -28.280609130859375, -2.7034988403320312]",pedestrian,0.10202589631080627,True,True,109,False,False,False,False,,,False,4.837280743919595,,False,True,,5,5,False,False
b6_zero,compound,recovery_1_5,fcbccedd61424f1b85dcbf8f897f9754,de7593d76648450e947ba0c203dee1b0,1533151609.947025,13,5,780,propagated,defer,defer,1.0,0.44923266768455505,0.0,0.0,0.0,0.9756015539169312,0.0,0.7572256326675415,"[0.0, 0.0, 0.0, 0.0, 0.0, 0.0]","[0.0, 0.0, 0.0, 0.99994957447052, 2.7304535457412457e-35, 0.0]","[-9.88104248046875, -45.543792724609375, -3.5396728515625]","[-8.892688751220703, -46.20636749267578, -3.2365217208862305]","[613.0677490234375, 1651.9825439453125, 1.4629822969436646]","[-9.954627990722656, -46.082122802734375, -3.5396728515625]",pedestrian,0.15362638235092163,False,True,60,False,False,False,False,,,False,2.252956276943455,,False,True,,0,0,False,False
b6_zero,compound,recovery_1_5,fcbccedd61424f1b85dcbf8f897f9754,de7593d76648450e947ba0c203dee1b0,1533151609.947025,13,5,786,propagated,keep,recover,1.0,0.37944790720939636,1.0518312454223633,0.03035583160817623,0.0,0.98072350025177,0.00019921589409932494,0.6843453049659729,"[0.1322985291481018, 0.0, 0.35502856969833374, 0.0, 0.5126729011535645, 0.0]","[0.0, 0.0, 0.0, 0.9999418258666992, 0.0002476996451150626, 0.0]","[-16.29351806640625, -22.27764892578125, -2.266733169555664]","[-15.310279846191406, -22.329755783081055, -2.328070640563965]","[635.527587890625, 1641.6168212890625, 1.0052310228347778]","[-16.29351806640625, -22.27764892578125, -2.266733169555664]",pedestrian,0.09404934197664261,True,True,125,False,False,False,False,,,False,2.831263202682816,,False,True,,5,5,False,False
b6_zero,compound,recovery_1_5,fcbccedd61424f1b85dcbf8f897f9754,de7593d76648450e947ba0c203dee1b0,1533151609.947025,13,5,808,propagated,defer,defer,1.0,0.4163150191307068,0.0,0.0,0.0,0.8960710167884827,0.0,0.7496907711029053,"[0.0, 0.0, 0.0, 0.0, 0.0, 0.0]","[0.0, 0.0, 0.0, 0.9999426603317261, 0.0, 0.0]","[-4.7581787109375, -36.06219482421875, -3.3577804565429688]","[-3.2760086059570312, -38.935916900634766, -2.6871695518493652]","[615.0691528320312, 1642.999267578125, 1.5153580904006958]","[-4.950390815734863, -40.4304084777832, -3.3577804565429688]",bicycle,0.0007393125561065972,False,False,-1,False,False,False,True,cf11445013d14ce98d71c50b898e0744,car,False,1.0788906426434655,1.2851310112245686,False,True,,0,0,False,False
b6_zero,compound,recovery_1_5,fcbccedd61424f1b85dcbf8f897f9754,de7593d76648450e947ba0c203dee1b0,1533151609.947025,13,5,814,propagated,keep,recover,1.0,0.3562121093273163,1.011399269104004,0.028496967628598213,0.0,0.9826745986938477,0.0001754249824443832,0.6884856820106506,"[0.09338286519050598, 0.0, 0.35785573720932007, 0.0, 0.5487613677978516, 0.0]","[0.0, 0.0, 0.0, 0.9999468326568604, 0.00021153500711079687, 0.0]","[-16.29351806640625, -22.27734375, -2.2716064453125]","[-15.394142150878906, -22.520841598510742, -2.3470489978790283]","[635.4339599609375, 1641.80419921875, 0.9986451864242554]","[-16.29351806640625, -22.27734375, -2.2716064453125]",pedestrian,0.07752887904644012,True,True,171,False,False,False,False,,,False,2.8493566321316677,,False,True,,5,5,False,False
b6_zero,compound,recovery_1_5,fcbccedd61424f1b85dcbf8f897f9754,de7593d76648450e947ba0c203dee1b0,1533151609.947025,13,5,817,propagated,keep,recover,1.0,0.4562012553215027,0.6857662200927734,0.03649609908461571,0.0,0.9818415641784668,1.363950468658004e-05,0.705885112285614,"[0.0, 0.0, 0.17184020578861237, 0.0, 0.828159749507904, 0.0]","[0.0, 0.0, 0.0, 0.999977707862854, 1.392972353642108e-05, 0.0]","[-19.74859619140625, -29.0523681640625, -2.6648330688476562]","[-18.808265686035156, -29.214351654052734, -2.741036891937256]","[632.4706420898438, 1648.72021484375, 1.0433179140090942]","[-19.74859619140625, -29.0523681640625, -2.6648330688476562]",pedestrian,0.07660213112831116,True,True,177,False,False,False,False,,,False,4.156647981702118,,False,True,,5,5,False,False
b6_zero,compound,recovery_1_5,fcbccedd61424f1b85dcbf8f897f9754,de7593d76648450e947ba0c203dee1b0,1533151609.947025,13,5,819,propagated,keep,recover,1.0,0.4855310618877411,0.6240687370300293,0.03884248435497284,0.0,0.9708703756332397,0.00025765085592865944,0.6771324276924133,"[0.0, 0.0, 0.0034961614292114973, 0.0, 0.9965038299560547, 0.0]","[0.0, 0.0, 0.0, 0.999955415725708, 0.00025764096062630415, 0.0]","[-19.94097900390625, -27.26031494140625, -2.605112075805664]","[-18.75933074951172, -27.535669326782227, -2.682573080062866]","[633.729248046875, 1647.6075439453125, 1.000423550605774]","[-19.94097900390625, -27.26031494140625, -2.605112075805664]",pedestrian,0.08901805430650711,True,True,136,False,False,False,False,,,False,3.454207076497495,,False,True,,5,5,False,False
b6_zero,compound,recovery_1_5,fcbccedd61424f1b85dcbf8f897f9754,de7593d76648450e947ba0c203dee1b0,1533151609.947025,13,5,832,propagated,keep,recover,1.0,0.43220528960227966,0.667698860168457,0.0345764234662056,0.0,0.9926865100860596,2.660533027665224e-06,0.7141996026039124,"[0.0, 0.0, 0.16770051419734955, 0.0, 0.832299530506134, 0.0]","[0.0, 0.0, 0.0, 0.9999798536300659, 2.7139478788740234e-06, 0.0]","[-18.66021728515625, -28.79718017578125, -2.6388912200927734]","[-18.261341094970703, -29.246564865112305, -2.7161450386047363]","[632.0966796875, 1648.319580078125, 1.0642839670181274]","[-18.66021728515625, -28.79718017578125, -2.6388912200927734]",pedestrian,0.0695502907037735,True,True,208,False,False,False,False,,,False,3.7357701052037497,,False,True,,5,5,False,False
b6_zero,compound,recovery_1_5,fcbccedd61424f1b85dcbf8f897f9754,de7593d76648450e947ba0c203dee1b0,1533151609.947025,13,5,844,propagated,defer,defer,1.0,0.4043506681919098,0.0,0.0,0.0,0.9811869263648987,0.0,0.7455055713653564,"[0.0, 0.0, 0.0, 0.0, 0.0, 0.0]","[0.0, 0.0, 0.0, 0.9999780654907227, 1.9039417793464963e-06, 0.0]","[-29.0870361328125, -45.904693603515625, -4.001432418823242]","[-28.7252254486084, -46.80870819091797, -4.039713382720947]","[625.2747192382812, 1667.6356201171875, 0.9081987142562866]","[-29.0870361328125, -45.904693603515625, -4.001432418823242]",pedestrian,0.049717504531145096,False,False,-1,False,False,False,False,,,False,19.269758860618378,,False,True,,0,0,False,False
b6_zero,compound,recovery_1_5,fcbccedd61424f1b85dcbf8f897f9754,de7593d76648450e947ba0c203dee1b0,1533151609.947025,13,5,852,propagated,defer,defer,1.0,0.32594695687294006,0.0,0.0,0.0,0.9869439601898193,0.0,0.7130274176597595,"[0.0, 0.0, 0.0, 0.0, 0.0, 0.0]","[0.0, 0.0, 0.0, 0.9999760389328003, 2.996466719196178e-06, 0.0]","[-31.96722412109375, -50.25311279296875, -4.219167709350586]","[-31.210962295532227, -50.54401397705078, -4.2425761222839355]","[623.9934692382812, 1671.940185546875, 0.9562677145004272]","[-31.96722412109375, -50.25311279296875, -4.219167709350586]",pedestrian,0.04316915199160576,False,False,-1,False,False,False,False,,,False,22.64235550697027,,False,True,,0,0,False,False
b6_zero,compound,recovery_1_5,fcbccedd61424f1b85dcbf8f897f9754,de7593d76648450e947ba0c203dee1b0,1533151609.947025,13,5,856,propagated,defer,defer,4.0,0.3837340772151947,0.0,0.0,0.0,0.9995165467262268,0.0,0.6712875366210938,"[0.0, 0.0, 0.0, 0.0, 0.0, 0.0]","[0.0, 0.0, 0.0, 0.9999518394470215, 3.9543202985881976e-24, 0.0]","[-12.19171142578125, -39.68084716796875, -2.929018020629883]","[-12.084037780761719, -39.90399169921875, -2.8346383571624756]","[619.96142578125, 1650.388916015625, 1.519860863685608]","[-12.207059860229492, -39.89214324951172, -2.929018020629883]",pedestrian,0.1010931208729744,False,True,112,False,False,False,False,,,False,4.044378741313244,,False,True,,0,0,False,False
b6_zero,compound,recovery_1_5,fcbccedd61424f1b85dcbf8f897f9754,de7593d76648450e947ba0c203dee1b0,1533151609.947025,13,5,870,propagated,keep,recover,1.0,0.43497583270072937,0.14489030838012695,0.034798067063093185,0.0,0.9764639139175415,0.0001359472662443295,0.7592163681983948,"[0.0, 0.0, 0.0, 0.0, 1.0, 0.0]","[0.0, 0.0, 0.0, 0.9999725818634033, 0.00013594354095403105, 0.0]","[-32.35101318359375, -46.6632080078125, -4.196216583251953]","[-31.467573165893555, -47.303409576416016, -4.219674587249756]","[626.6444091796875, 1670.0660400390625, 0.7874013185501099]","[-32.35101318359375, -46.6632080078125, -4.196216583251953]",pedestrian,0.05466044321656227,True,False,-1,False,False,False,False,,,False,22.059496085539617,,False,True,,0,0,False,False
b6_zero,compound,recovery_1_5,fcbccedd61424f1b85dcbf8f897f9754,de7593d76648450e947ba0c203dee1b0,1533151609.947025,13,5,873,propagated,defer,defer,3.0,0.460948646068573,0.0,0.0,0.0,0.9084398150444031,0.0,0.742826521396637,"[0.0, 0.0, 0.0, 0.0, 0.0, 0.0]","[0.0, 0.0, 0.0, 0.9999442100524902, 0.0, 0.0]","[-6.4886474609375, -35.5584716796875, -3.2084503173828125]","[-4.8899993896484375, -39.38948059082031, -2.7269787788391113]","[615.7532958984375, 1644.5303955078125, 1.5199917554855347]","[-6.9926886558532715, -39.77446746826172, -3.2084503173828125]",bicycle,0.0016535879112780094,False,False,-1,False,False,False,False,,,False,2.4707305176520036,,False,True,,0,0,False,False
b6_zero,compound,recovery_1_5,fcbccedd61424f1b85dcbf8f897f9754,de7593d76648450e947ba0c203dee1b0,1533151609.947025,13,5,889,propagated,defer,defer,1.0,0.38390615582466125,0.0,0.0,0.0,0.9669670462608337,0.0,0.6965980529785156,"[0.0, 0.0, 0.0, 0.0, 0.0, 0.0]","[0.0, 0.0, 0.0, 0.9999798536300659, 1.4594604635931319e-08, 0.0]","[-19.68182373046875, -32.239654541015625, -2.985868453979492]","[-18.437942504882812, -32.599281311035156, -2.9313337802886963]","[629.629638671875, 1650.60693359375, 1.0525518655776978]","[-19.68182373046875, -32.239654541015625, -2.985868453979492]",pedestrian,0.03902920335531235,False,False,-1,False,False,False,False,,,False,6.494422648496992,,False,True,,0,0,False,False
b6_zero,compound,recovery_1_5,325cef682f064c55a255f2625c533b75,61a7bd24f88a46c2963280d8b13ac675,1538984239.948316,53,5,734,propagated,defer,defer,4.0,0.3611370027065277,0.0,0.0,0.0,0.9889336228370667,0.0,0.6722558736801147,"[0.0, 0.0, 0.0, 0.0, 0.0, 0.0]","[0.0, 0.0, 0.0, 0.9999973773956299, 0.0, 0.0]","[4.25897216796875, -42.255615234375, -4.0883941650390625]","[4.983264923095703, -42.07996368408203, -4.119140625]","[732.9541015625, 1815.0018310546875, 0.398218035697937]","[4.258971214294434, -42.255615234375, -4.0883941650390625]",car,0.0020301472395658493,False,False,-1,False,False,False,False,,,False,7.280131142563269,,False,True,,0,0,False,False
b6_zero,compound,recovery_1_5,325cef682f064c55a255f2625c533b75,61a7bd24f88a46c2963280d8b13ac675,1538984239.948316,53,5,834,propagated,defer,defer,1.0,0.33461952209472656,0.0,0.0,0.0,0.9844058156013489,0.0,0.7797605395317078,"[0.0, 0.0, 0.0, 0.0, 0.0, 0.0]","[0.0, 0.0, 0.0, 0.9999957084655762, 4.778997157858442e-15, 0.0]","[-12.05352783203125, -27.33160400390625, -2.7517547607421875]","[-12.082412719726562, -26.47329330444336, -2.531935453414917]","[730.3269653320312, 1791.9832763671875, 1.1552866697311401]","[-12.053528785705566, -27.33160400390625, -2.7517547607421875]",pedestrian,0.10565636307001114,False,True,70,False,False,False,False,,,False,3.458470719864332,,False,True,,0,0,False,False
b6_zero,compound,recovery_1_5,325cef682f064c55a255f2625c533b75,61a7bd24f88a46c2963280d8b13ac675,1538984239.948316,53,5,853,propagated,defer,defer,4.0,0.34285637736320496,0.0,0.0,0.0,0.9909973740577698,0.0,0.6759341955184937,"[0.0, 0.0, 0.0, 0.0, 0.0, 0.0]","[0.0, 0.0, 0.0, 0.9999973773956299, 0.0, 0.0]","[3.4501953125, -41.6707763671875, -4.004802703857422]","[3.520130157470703, -41.00199890136719, -4.008511543273926]","[732.9400634765625, 1813.1820068359375, 0.45483434200286865]","[3.4501943588256836, -41.6707763671875, -4.004802703857422]",bicycle,0.0018953571561723948,False,False,-1,False,False,False,False,,,False,6.819032747787881,,False,True,,0,0,False,False
b4_50iter,camera_crash_5,recovery_1_5,fcbccedd61424f1b85dcbf8f897f9754,fa65a298c01f44e7a182bbf9e5fe3697,1533151607.548824,8,5,655,propagated,keep,recover,1.0,0.38005876541137695,0.1360764503479004,0.030404699966311455,0.0,0.9007888436317444,1.0,0.7339829802513123,"[0.0, 0.0, 0.0, 0.0, 1.0, 0.0]","[0.0, 0.0, 0.0, 0.9998984336853027, 0.0, 0.0]","[-4.4727783203125, -17.782318115234375, -1.609182357788086]","[-2.9838409423828125, -20.58694839477539, -1.2653999328613281]","[615.128173828125, 1642.688232421875, 1.6270413398742676]","[-4.495535850524902, -22.266475677490234, -1.609182357788086]",barrier,0.00024351397587452084,True,False,-1,False,False,False,False,,,False,2.162207096822294,,False,True,,0,0,False,False
b4_50iter,camera_crash_5,recovery_1_5,fcbccedd61424f1b85dcbf8f897f9754,fa65a298c01f44e7a182bbf9e5fe3697,1533151607.548824,8,5,738,propagated,keep,recover,2.0,0.5735405087471008,0.8872995376586914,0.045883238315582275,0.0036792922765016556,0.9932031035423279,1.0,0.7078057527542114,"[0.0, 0.2113250344991684, 0.0, 0.0, 0.0, 0.7886749505996704]","[0.0, 0.0, 0.0, 0.9998672008514404, 0.0, 7.453737605432609e-13]","[9.977294921875, -22.687835693359375, -1.760812759399414]","[9.624591827392578, -22.914840698242188, -1.3545234203338623]","[605.2910766601562, 1634.46435546875, 1.6010723114013672]","[9.977294921875, -22.687835693359375, -1.760812759399414]",traffic_cone,0.12675701081752777,True,True,93,False,False,False,False,,,False,3.417622126053884,,False,True,,1,1,False,False
b4_50iter,camera_crash_5,recovery_1_5,fcbccedd61424f1b85dcbf8f897f9754,fa65a298c01f44e7a182bbf9e5fe3697,1533151607.548824,8,5,789,propagated,defer,defer,2.0,0.4673977196216583,0.0,0.0,0.0,0.9920124411582947,1.0,0.7580641508102417,"[0.0, 0.0, 0.0, 0.0, 0.0, 0.0]","[0.0, 0.0, 0.0, 0.9997339844703674, 0.0, 7.634420439578404e-14]","[10.986328125, -27.056732177734375, -1.5966968536376953]","[10.620677947998047, -26.637968063354492, -1.119231939315796]","[601.8001708984375, 1636.060302734375, 2.0201759338378906]","[10.978763580322266, -26.426347732543945, -1.5966968536376953]",pedestrian,0.14463479816913605,False,True,79,False,False,False,False,,,False,2.660152979945649,,False,True,,0,0,False,False
b4_50iter,camera_crash_5,recovery_1_5,325cef682f064c55a255f2625c533b75,5b7cb170eee6468aa1fdbd3abcf63c5a,1538984237.446737,48,5,838,propagated,defer,defer,4.0,0.38825610280036926,0.0,0.0,0.0,0.9047374129295349,1.0,0.7163583636283875,"[0.0, 0.0, 0.0, 0.0, 0.0, 0.0]","[0.0, 0.0, 0.0, 0.9999839067459106, 0.0, 0.0]","[-3.7412109375, -28.62298583984375, -2.0044479370117188]","[-3.00634765625, -26.94057273864746, -1.7027902603149414]","[728.7673950195312, 1813.6015625, 1.2364211082458496]","[-4.350846290588379, -28.70319938659668, -2.0044479370117188]",pedestrian,0.04620262607932091,False,True,215,False,False,False,False,,,False,5.253188086491566,,False,True,,0,0,False,False
b4_50iter,camera_crash_5,recovery_1_5,325cef682f064c55a255f2625c533b75,5b7cb170eee6468aa1fdbd3abcf63c5a,1538984237.446737,48,5,842,propagated,defer,defer,4.0,0.35940954089164734,0.0,0.0,0.0,0.9512593150138855,1.0,0.7407428622245789,"[0.0, 0.0, 0.0, 0.0, 0.0, 0.0]","[0.0, 0.0, 0.0, 0.999985933303833, 0.0, 0.0]","[-0.799102783203125, -25.07415771484375, -1.8866767883300781]","[-2.1780776977539062, -23.823347091674805, -1.5993385314941406]","[726.2005004882812, 1811.64599609375, 1.2084934711456299]","[-1.3884685039520264, -25.162145614624023, -1.8866767883300781]",pedestrian,0.07348912209272385,False,True,154,False,False,False,False,,,False,2.0445698583754894,,False,True,,0,0,False,False
b4_50iter,camera_crash_5,recovery_1_5,325cef682f064c55a255f2625c533b75,5b7cb170eee6468aa1fdbd3abcf63c5a,1538984237.446737,48,5,863,propagated,defer,defer,3.0,0.43881943821907043,0.0,0.0,0.0,0.9988550543785095,1.0,0.7987156510353088,"[0.0, 0.0, 0.0, 0.0, 0.0, 0.0]","[0.0, 0.0, 0.0, 0.999985933303833, 3.164174769743989e-31, 0.0]","[-5.22808837890625, -23.45391845703125, -1.69671630859375]","[-5.721000671386719, -23.05366325378418, -1.58967924118042]","[728.527099609375, 1808.8653564453125, 1.2049431800842285]","[-5.83823299407959, -23.232772827148438, -1.69671630859375]",pedestrian,0.01745235174894333,False,False,-1,False,False,False,False,,,False,3.933120795706117,,False,True,,0,0,False,False
b4_50iter,camera_crash_10,recovery_1_5,fcbccedd61424f1b85dcbf8f897f9754,de7593d76648450e947ba0c203dee1b0,1533151609.947025,13,5,666,propagated,defer,defer,2.0,0.521325409412384,0.0,0.0,0.0,0.9555304050445557,1.0,0.7512932419776917,"[0.0, 0.0, 0.0, 0.0, 0.0, 0.0]","[0.0, 0.0, 0.0, 0.9999521970748901, 7.815707713758562e-31, 0.0]","[-11.93170166015625, -44.655792236328125, -3.38287353515625]","[-10.523269653320312, -45.53386306762695, -3.232881546020508]","[614.6279296875, 1652.8050537109375, 1.4435914754867554]","[-11.983570098876953, -45.188228607177734, -3.38287353515625]",pedestrian,0.30231449007987976,False,True,12,False,False,False,False,,,False,2.4107862772601374,,False,True,,0,0,False,False
b4_50iter,camera_crash_10,recovery_1_5,fcbccedd61424f1b85dcbf8f897f9754,de7593d76648450e947ba0c203dee1b0,1533151609.947025,13,5,685,propagated,defer,defer,2.0,0.5116502046585083,0.0,0.0,0.0,0.9583817720413208,1.0,0.7517074942588806,"[0.0, 0.0, 0.0, 0.0, 0.0, 0.0]","[0.0, 0.0, 0.0, 0.9999514818191528, 6.0133912271611416e-33, 0.0]","[-11.41815185546875, -46.826416015625, -3.545093536376953]","[-10.05389404296875, -47.486183166503906, -3.351027250289917]","[612.8251953125, 1653.697265625, 1.4378260374069214]","[-11.495372772216797, -47.38652038574219, -3.545093536376953]",pedestrian,0.2398587018251419,False,True,20,False,False,False,False,,,False,2.017919794294034,,False,True,,0,0,False,False
b4_50iter,camera_crash_10,recovery_1_5,fcbccedd61424f1b85dcbf8f897f9754,de7593d76648450e947ba0c203dee1b0,1533151609.947025,13,5,705,propagated,defer,defer,2.0,0.40730020403862,0.0,0.0,0.0,0.9823969602584839,1.0,0.7347144484519958,"[0.0, 0.0, 0.0, 0.0, 0.0, 0.0]","[0.0, 0.0, 0.0, 0.9999165534973145, 0.0, 1.2471226288919033e-31]","[5.9254150390625, -39.577850341796875, -2.448366165161133]","[6.650123596191406, -40.421836853027344, -2.5242936611175537]","[607.5791625976562, 1636.31787109375, 1.661603569984436]","[5.93954610824585, -39.807586669921875, -2.448366165161133]",pedestrian,0.1618763506412506,False,True,48,False,False,False,False,,,False,2.2884421401462545,,False,True,,0,0,False,False
b4_50iter,camera_crash_10,recovery_1_5,fcbccedd61424f1b85dcbf8f897f9754,de7593d76648450e947ba0c203dee1b0,1533151609.947025,13,5,707,propagated,defer,defer,5.0,0.529299795627594,0.0,0.0,0.0,0.9726251363754272,1.0,0.7597848773002625,"[0.0, 0.0, 0.0, 0.0, 0.0, 0.0]","[0.0, 0.0, 0.0, 0.999937891960144, 0.0, 2.5663583951400185e-22]","[9.7081298828125, -40.960784912109375, -2.9011802673339844]","[10.884239196777344, -41.014801025390625, -2.8602921962738037]","[604.399658203125, 1633.4605712890625, 1.3168119192123413]","[9.708128929138184, -40.960784912109375, -2.9011802673339844]",traffic_cone,0.17771071195602417,False,True,39,False,False,False,False,,,False,3.4849553344958504,,False,True,,0,0,False,False
b4_50iter,camera_crash_10,recovery_1_5,fcbccedd61424f1b85dcbf8f897f9754,de7593d76648450e947ba0c203dee1b0,1533151609.947025,13,5,732,propagated,defer,defer,1.0,0.3369077146053314,0.0,0.0,0.0,0.920281708240509,1.0,0.7810371518135071,"[0.0, 0.0, 0.0, 0.0, 0.0, 0.0]","[0.0, 0.0, 0.0, 0.99997878074646, 1.5207066161870841e-10, 0.0]","[-13.349609375, -21.133880615234375, -2.0805606842041016]","[-11.941577911376953, -22.60738182067871, -2.0841548442840576]","[633.1669311523438, 1639.1956787109375, 1.2295513153076172]","[-13.349609375, -21.133880615234375, -2.0805606842041016]",pedestrian,0.11171119660139084,False,True,92,False,False,False,False,,,False,2.060167307412028,,False,True,,0,0,False,False
b4_50iter,camera_crash_10,recovery_1_5,fcbccedd61424f1b85dcbf8f897f9754,de7593d76648450e947ba0c203dee1b0,1533151609.947025,13,5,753,propagated,defer,defer,1.0,0.31223180890083313,0.0,0.0,0.0,0.9871081709861755,1.0,0.7604796290397644,"[0.0, 0.0, 0.0, 0.0, 0.0, 0.0]","[0.0, 0.0, 0.0, 0.9999738931655884, 6.785526784369722e-05, 0.0]","[-32.4793701171875, -48.07440185546875, -4.191450119018555]","[-31.733877182006836, -48.37874221801758, -4.21143102645874]","[625.9904174804688, 1670.9571533203125, 0.8629852533340454]","[-32.4793701171875, -48.07440185546875, -4.191450119018555]",pedestrian,0.0844089686870575,False,True,141,False,False,False,False,,,False,22.543487462745283,,False,True,,0,0,False,False
b4_50iter,camera_crash_10,recovery_1_5,fcbccedd61424f1b85dcbf8f897f9754,de7593d76648450e947ba0c203dee1b0,1533151609.947025,13,5,781,propagated,keep,recover,1.0,0.4639551043510437,0.9389429092407227,0.037116408348083496,0.0,0.9913442134857178,1.0,0.6802361011505127,"[0.021672362461686134, 0.0, 0.36816129088401794, 0.0, 0.6101663708686829, 0.0]","[0.0, 0.0, 0.0, 0.999975323677063, 3.427668707445264e-05, 0.0]","[-18.0845947265625, -26.366851806640625, -2.525777816772461]","[-17.51171112060547, -26.67959213256836, -2.618886709213257]","[633.5894165039062, 1646.099609375, 0.9993635416030884]","[-18.0845947265625, -26.366851806640625, -2.525777816772461]",pedestrian,0.11366624385118484,True,True,88,False,False,False,False,,,False,2.1538910030492335,,False,True,,5,5,False,False
b4_50iter,camera_crash_10,recovery_1_5,fcbccedd61424f1b85dcbf8f897f9754,de7593d76648450e947ba0c203dee1b0,1533151609.947025,13,5,783,propagated,keep,recover,1.0,0.3481689989566803,0.37265539169311523,0.02785351872444153,0.0,0.9769219160079956,1.0,0.6940059065818787,"[0.0, 0.0, 0.0, 0.0, 1.0, 0.0]","[0.0, 0.0, 0.0, 0.9999439716339111, 0.00020841565856244415, 0.0]","[-15.84613037109375, -21.257354736328125, -2.168346405029297]","[-14.95596694946289, -21.85943031311035, -2.280334234237671]","[635.6632690429688, 1641.0419921875, 1.0208913087844849]","[-15.84613037109375, -21.257354736328125, -2.168346405029297]",pedestrian,0.10184565931558609,True,True,103,False,False,False,False,,,False,2.9949829316578938,,False,True,,5,5,False,False
b4_50iter,camera_crash_10,recovery_1_5,fcbccedd61424f1b85dcbf8f897f9754,de7593d76648450e947ba0c203dee1b0,1533151609.947025,13,5,795,propagated,keep,recover,1.0,0.5381796360015869,0.7822675704956055,0.04305436834692955,0.0,0.9793953895568848,1.0,0.686244547367096,"[0.0, 0.0, 0.15177473425865173, 0.0, 0.8482252955436707, 0.0]","[0.0, 0.0, 0.0, 0.9999604225158691, 0.0002133218222297728, 0.0]","[-20.38836669921875, -28.280303955078125, -2.708372116088867]","[-19.657180786132812, -28.98732566833496, -2.788851022720337]","[633.1865234375, 1649.2293701171875, 0.9909918308258057]","[-20.38836669921875, -28.280303955078125, -2.708372116088867]",pedestrian,0.10337936878204346,True,True,100,False,False,False,False,,,False,4.780248176378496,,False,True,,5,5,False,False
b4_50iter,camera_crash_10,recovery_1_5,fcbccedd61424f1b85dcbf8f897f9754,de7593d76648450e947ba0c203dee1b0,1533151609.947025,13,5,822,propagated,defer,defer,1.0,0.4026743471622467,0.0,0.0,0.0,0.9734113812446594,1.0,0.7593675851821899,"[0.0, 0.0, 0.0, 0.0, 0.0, 0.0]","[0.0, 0.0, 0.0, 0.9999524354934692, 2.0251120219505334e-35, 0.0]","[-9.8804931640625, -45.540679931640625, -3.591329574584961]","[-8.842185974121094, -46.22691345214844, -3.2973504066467285]","[613.0172119140625, 1651.959716796875, 1.4029630422592163]","[-9.957242012023926, -46.094058990478516, -3.591329574584961]",pedestrian,0.12965594232082367,False,True,77,False,False,False,False,,,False,2.215594344841329,,False,True,,0,0,False,False
b4_50iter,camera_crash_10,recovery_1_5,fcbccedd61424f1b85dcbf8f897f9754,de7593d76648450e947ba0c203dee1b0,1533151609.947025,13,5,850,propagated,keep,recover,1.0,0.48242858052253723,0.6396708488464355,0.038594286888837814,0.0,0.9714017510414124,1.0,0.6817440390586853,"[0.0, 0.0, 0.003275026101619005, 0.0, 0.9967249631881714, 0.0]","[0.0, 0.0, 0.0, 0.9999562501907349, 0.0002534255327191204, 0.0]","[-19.94085693359375, -27.259368896484375, -2.620706558227539]","[-18.779136657714844, -27.56608772277832, -2.704878807067871]","[633.7177124023438, 1647.6431884765625, 0.9801949262619019]","[-19.94085693359375, -27.259368896484375, -2.620706558227539]",pedestrian,0.09170503914356232,True,True,114,False,False,False,False,,,False,3.4799369202359833,,False,True,,5,5,False,False
b4_50iter,camera_crash_10,recovery_1_5,fcbccedd61424f1b85dcbf8f897f9754,de7593d76648450e947ba0c203dee1b0,1533151609.947025,13,5,857,propagated,keep,recover,1.0,0.4257025122642517,0.6859216690063477,0.034056201577186584,0.0,0.9928651452064514,1.0,0.7234875559806824,"[0.0, 0.0, 0.1684371680021286, 0.0, 0.8315628170967102, 0.0]","[0.0, 0.0, 0.0, 0.9999804496765137, 2.940362946901587e-06, 0.0]","[-18.65997314453125, -28.795654296875, -2.6642322540283203]","[-18.314353942871094, -29.278579711914062, -2.737380266189575]","[632.105224609375, 1648.3817138671875, 1.0455728769302368]","[-18.65997314453125, -28.795654296875, -2.6642322540283203]",pedestrian,0.07189574837684631,True,True,199,False,False,False,False,,,False,3.797995172658814,,False,True,,5,5,False,False
b4_50iter,camera_crash_10,recovery_1_5,fcbccedd61424f1b85dcbf8f897f9754,de7593d76648450e947ba0c203dee1b0,1533151609.947025,13,5,860,propagated,keep,recover,1.0,0.4308795630931854,0.7002897262573242,0.034470364451408386,0.0,0.9786404967308044,1.0,0.7183871269226074,"[0.0, 0.0, 0.17112945020198822, 0.0, 0.8288705945014954, 0.0]","[0.0, 0.0, 0.0, 0.9999788999557495, 9.967209734895732e-06, 0.0]","[-19.74835205078125, -29.051025390625, -2.6872501373291016]","[-18.73733901977539, -29.279916763305664, -2.7580065727233887]","[632.374267578125, 1648.7083740234375, 1.0295602083206177]","[-19.74835205078125, -29.051025390625, -2.6872501373291016]",pedestrian,0.07420080155134201,True,True,193,False,False,False,False,,,False,4.136406016220163,,False,True,,5,5,False,False
b4_50iter,camera_crash_10,recovery_1_5,fcbccedd61424f1b85dcbf8f897f9754,de7593d76648450e947ba0c203dee1b0,1533151609.947025,13,5,890,propagated,keep,recover,1.0,0.48138076066970825,0.6433429718017578,0.038510460406541824,0.0,0.9831985831260681,1.0,0.7004702091217041,"[0.0, 0.0, 3.4201471521555504e-07, 0.0, 0.9999996423721313, 0.0]","[0.0, 0.0, 0.0, 0.9999375343322754, 0.0006936198915354908, 0.0]","[-21.15667724609375, -28.920440673828125, -2.7305755615234375]","[-20.490034103393555, -29.548145294189453, -2.8242907524108887]","[633.288330078125, 1650.2288818359375, 0.9981212615966797]","[-21.15667724609375, -28.920440673828125, -2.7305755615234375]",pedestrian,0.06926995515823364,True,True,210,False,False,False,False,,,False,5.777191651891024,,False,True,,5,5,False,False
b4_50iter,camera_crash_10,recovery_1_5,fcbccedd61424f1b85dcbf8f897f9754,de7593d76648450e947ba0c203dee1b0,1533151609.947025,13,5,892,propagated,keep,recover,1.0,0.38035252690315247,0.5222382545471191,0.030428200960159302,0.0,0.9875970482826233,1.0,0.6858516931533813,"[0.0, 0.0, 0.040310654789209366, 0.0, 0.9596893191337585, 0.0]","[0.0, 0.0, 0.0, 0.9999803304672241, 2.4385178676311625e-06, 0.0]","[-16.1014404296875, -24.0714111328125, -2.298189163208008]","[-15.377799987792969, -24.526630401611328, -2.352980375289917]","[633.8847045898438, 1643.0731201171875, 1.1129086017608643]","[-16.16350555419922, -24.465864181518555, -2.298189163208008]",pedestrian,0.04837121069431305,True,False,-1,False,False,False,False,,,False,2.3698006814211916,,False,True,,0,0,False,False
b4_50iter,camera_crash_10,recovery_1_5,fcbccedd61424f1b85dcbf8f897f9754,de7593d76648450e947ba0c203dee1b0,1533151609.947025,13,5,896,propagated,defer,defer,1.0,0.3622532784938812,0.0,0.0,0.0,0.9716994762420654,1.0,0.7028036713600159,"[0.0, 0.0, 0.0, 0.0, 0.0, 0.0]","[0.0, 0.0, 0.0, 0.9999802112579346, 2.0306208270426396e-08, 0.0]","[-19.6817626953125, -32.239532470703125, -2.9878177642822266]","[-18.52578353881836, -32.55113983154297, -2.9425323009490967]","[629.7223510742188, 1650.6441650390625, 1.0394190549850464]","[-19.6817626953125, -32.239532470703125, -2.9878177642822266]",pedestrian,0.04031829535961151,False,False,-1,False,False,False,False,,,False,6.495038760702601,,False,True,,0,0,False,False
b4_50iter,camera_crash_10,recovery_1_5,325cef682f064c55a255f2625c533b75,61a7bd24f88a46c2963280d8b13ac675,1538984239.948316,53,5,735,propagated,defer,defer,4.0,0.3367791473865509,0.0,0.0,0.0,0.9883334040641785,1.0,0.6812784075737,"[0.0, 0.0, 0.0, 0.0, 0.0, 0.0]","[0.0, 0.0, 0.0, 0.9999974966049194, 0.0, 0.0]","[4.25927734375, -42.253662109375, -4.117618560791016]","[5.007392883300781, -42.092952728271484, -4.153027534484863]","[732.9524536132812, 1815.0299072265625, 0.3649789094924927]","[4.259276390075684, -42.253662109375, -4.117618560791016]",car,0.00221764063462615,False,False,-1,False,False,False,False,,,False,7.288840877426385,,False,True,,0,0,False,False
b4_50iter,camera_crash_10,recovery_1_5,325cef682f064c55a255f2625c533b75,61a7bd24f88a46c2963280d8b13ac675,1538984239.948316,53,5,857,propagated,defer,defer,4.0,0.3178776204586029,0.0,0.0,0.0,0.989203929901123,1.0,0.681229293346405,"[0.0, 0.0, 0.0, 0.0, 0.0, 0.0]","[0.0, 0.0, 0.0, 0.9999973773956299, 0.0, 0.0]","[3.4505615234375, -41.66900634765625, -4.032321929931641]","[3.649494171142578, -40.959678649902344, -4.036870956420898]","[732.8314819335938, 1813.262451171875, 0.42224180698394775]","[3.4505605697631836, -41.66900634765625, -4.032321929931641]",bicycle,0.0019387179054319859,False,False,-1,False,False,False,False,,,False,6.721610782396899,,False,True,,0,0,False,False
b4_50iter,compound,recovery_1_5,fcbccedd61424f1b85dcbf8f897f9754,de7593d76648450e947ba0c203dee1b0,1533151609.947025,13,5,669,propagated,defer,defer,2.0,0.5385931730270386,0.0,0.0,0.0,0.9720128178596497,1.0,0.7567254900932312,"[0.0, 0.0, 0.0, 0.0, 0.0, 0.0]","[0.0, 0.0, 0.0, 0.9999502897262573, 5.894922673046005e-31, 0.0]","[-11.6116943359375, -45.041046142578125, -3.3742618560791016]","[-10.486801147460938, -45.605247497558594, -3.19515061378479]","[614.55126953125, 1652.8209228515625, 1.4851480722427368]","[-11.66401481628418, -45.56777572631836, -3.3742618560791016]",pedestrian,0.29533299803733826,False,True,14,False,False,False,False,,,False,2.466342343859589,,False,True,,0,0,False,False
b4_50iter,compound,recovery_1_5,fcbccedd61424f1b85dcbf8f897f9754,de7593d76648450e947ba0c203dee1b0,1533151609.947025,13,5,679,propagated,defer,defer,2.0,0.42775213718414307,0.0,0.0,0.0,0.9669865965843201,1.0,0.7383472919464111,"[0.0, 0.0, 0.0, 0.0, 0.0, 0.0]","[0.0, 0.0, 0.0, 0.9999185800552368, 0.0, 1.1163156158727955e-31]","[5.60577392578125, -39.19085693359375, -2.486217498779297]","[6.59893798828125, -40.187599182128906, -2.5333540439605713]","[607.791259765625, 1636.2080078125, 1.639048457145691]","[5.597413063049316, -39.3670768737793, -2.486217498779297]",pedestrian,0.23862597346305847,False,True,23,False,False,False,False,,,False,2.524145000888052,,False,True,,0,0,False,False
b4_50iter,compound,recovery_1_5,fcbccedd61424f1b85dcbf8f897f9754,de7593d76648450e947ba0c203dee1b0,1533151609.947025,13,5,706,propagated,defer,defer,5.0,0.5250207781791687,0.0,0.0,0.0,0.9739899039268494,1.0,0.7497161030769348,"[0.0, 0.0, 0.0, 0.0, 0.0, 0.0]","[0.0, 0.0, 0.0, 0.9999353885650635, 0.0, 2.168086631683193e-22]","[9.707763671875, -40.962646484375, -2.8699913024902344]","[10.853435516357422, -41.020050048828125, -2.826899528503418]","[604.4166870117188, 1633.486083984375, 1.3507846593856812]","[9.707762718200684, -40.962646484375, -2.8699913024902344]",traffic_cone,0.16736263036727905,False,True,52,False,False,False,False,,,False,3.4573297894450556,,False,True,,0,0,False,False
b4_50iter,compound,recovery_1_5,fcbccedd61424f1b85dcbf8f897f9754,de7593d76648450e947ba0c203dee1b0,1533151609.947025,13,5,725,propagated,defer,defer,1.0,0.33857202529907227,0.0,0.0,0.0,0.9538570046424866,1.0,0.7756556272506714,"[0.0, 0.0, 0.0, 0.0, 0.0, 0.0]","[0.0, 0.0, 0.0, 0.9999783039093018, 1.414639932972861e-10, 0.0]","[-13.02947998046875, -21.51824951171875, -2.086568832397461]","[-11.911811828613281, -22.57307243347168, -2.0710713863372803]","[633.1746826171875, 1639.150390625, 1.240235447883606]","[-13.029480934143066, -21.51824951171875, -2.086568832397461]",pedestrian,0.11397837847471237,False,True,89,False,False,False,False,,,False,2.0959076446452523,,False,True,,0,0,False,False
b4_50iter,compound,recovery_1_5,fcbccedd61424f1b85dcbf8f897f9754,de7593d76648450e947ba0c203dee1b0,1533151609.947025,13,5,738,propagated,defer,defer,1.0,0.19605891406536102,0.0,0.0,0.0,0.983550488948822,1.0,0.793627142906189,"[0.0, 0.0, 0.0, 0.0, 0.0, 0.0]","[0.0, 0.0, 0.0, 0.9999752044677734, 5.881603283341974e-05, 0.0]","[-32.4794921875, -48.075042724609375, -4.181217193603516]","[-31.603038787841797, -48.30823516845703, -4.251184940338135]","[625.9591674804688, 1670.8134765625, 0.8176838159561157]","[-32.4797248840332, -48.071929931640625, -4.181217193603516]",pedestrian,0.0289055947214365,False,False,-1,False,False,False,False,,,False,22.400983673083722,,False,True,,0,0,False,False
b4_50iter,compound,recovery_1_5,fcbccedd61424f1b85dcbf8f897f9754,de7593d76648450e947ba0c203dee1b0,1533151609.947025,13,5,752,propagated,defer,defer,3.0,0.4193512797355652,0.0,0.0,0.0,0.9701842069625854,1.0,0.7437549233436584,"[0.0, 0.0, 0.0, 0.0, 0.0, 0.0]","[0.0, 0.0, 0.0, 0.9999167919158936, 0.0, 1.4912497658684163e-32]","[4.964599609375, -38.42669677734375, -2.3981781005859375]","[6.094013214111328, -38.912654876708984, -2.439854621887207]","[609.0962524414062, 1635.7769775390625, 1.661237120628357]","[4.964599609375, -38.42669677734375, -2.3981781005859375]",pedestrian,0.1618369072675705,False,True,57,False,False,False,False,,,False,3.854756646341333,,False,True,,0,0,False,False
b4_50iter,compound,recovery_1_5,fcbccedd61424f1b85dcbf8f897f9754,de7593d76648450e947ba0c203dee1b0,1533151609.947025,13,5,760,propagated,keep,recover,1.0,0.35629206895828247,0.37461328506469727,0.028503363952040672,0.0,0.9746388792991638,1.0,0.6987939476966858,"[0.0, 0.0, 0.0, 0.0, 1.0, 0.0]","[0.0, 0.0, 0.0, 0.9999480247497559, 0.00017311747069470584, 0.0]","[-15.84613037109375, -21.257415771484375, -2.1673717498779297]","[-14.856361389160156, -21.800321578979492, -2.267486572265625]","[635.6453247070312, 1640.92724609375, 1.0291097164154053]","[-15.84613037109375, -21.257415771484375, -2.1673717498779297]",pedestrian,0.10575073957443237,True,True,103,False,False,False,False,,,False,3.0764756048833743,,False,True,,5,5,False,False
b4_50iter,compound,recovery_1_5,fcbccedd61424f1b85dcbf8f897f9754,de7593d76648450e947ba0c203dee1b0,1533151609.947025,13,5,767,propagated,keep,recover,1.0,0.44838687777519226,0.9333639144897461,0.03587095066905022,0.0,0.9914995431900024,1.0,0.6808772087097168,"[0.021801887080073357, 0.0, 0.37008416652679443, 0.0, 0.6081139445304871, 0.0]","[0.0, 0.0, 0.0, 0.9999750852584839, 3.432496669120155e-05, 0.0]","[-18.08477783203125, -26.36785888671875, -2.5092086791992188]","[-17.512245178222656, -26.66679573059082, -2.6076111793518066]","[633.5999755859375, 1646.09130859375, 1.00985586643219]","[-18.08477783203125, -26.36785888671875, -2.5092086791992188]",pedestrian,0.10878051817417145,True,True,97,False,False,False,False,,,False,2.1555938748400494,,False,True,,5,5,False,False
b4_50iter,compound,recovery_1_5,fcbccedd61424f1b85dcbf8f897f9754,de7593d76648450e947ba0c203dee1b0,1533151609.947025,13,5,774,propagated,keep,recover,1.0,0.5440929532051086,0.790440559387207,0.04352743551135063,0.0,0.9838445782661438,1.0,0.6862608790397644,"[0.0, 0.0, 0.14998888969421387, 0.0, 0.8500111103057861, 0.0]","[0.0, 0.0, 0.0, 0.9999545812606812, 0.00030172645347192883, 0.0]","[-20.388427734375, -28.280609130859375, -2.7034988403320312]","[-19.73878288269043, -28.90338706970215, -2.7703981399536133]","[633.3038940429688, 1649.237548828125, 1.0052409172058105]","[-20.388427734375, -28.280609130859375, -2.7034988403320312]",pedestrian,0.10137234628200531,True,True,112,False,False,False,False,,,False,4.817185679830304,,False,True,,5,5,False,False
b4_50iter,compound,recovery_1_5,fcbccedd61424f1b85dcbf8f897f9754,de7593d76648450e947ba0c203dee1b0,1533151609.947025,13,5,796,propagated,defer,defer,1.0,0.42832666635513306,0.0,0.0,0.0,0.9750950932502747,1.0,0.7609403729438782,"[0.0, 0.0, 0.0, 0.0, 0.0, 0.0]","[0.0, 0.0, 0.0, 0.9999494552612305, 2.603071972851602e-35, 0.0]","[-9.88104248046875, -45.543792724609375, -3.5396728515625]","[-8.886100769042969, -46.20834732055664, -3.2323226928710938]","[613.0621337890625, 1651.9786376953125, 1.4672225713729858]","[-9.958821296691895, -46.08256912231445, -3.5396728515625]",pedestrian,0.14418743550777435,False,True,70,False,False,False,False,,,False,2.2493020663937067,,False,True,,0,0,False,False
b4_50iter,compound,recovery_1_5,fcbccedd61424f1b85dcbf8f897f9754,de7593d76648450e947ba0c203dee1b0,1533151609.947025,13,5,816,propagated,defer,defer,1.0,0.3966057598590851,0.0,0.0,0.0,0.8955268859863281,1.0,0.7557722926139832,"[0.0, 0.0, 0.0, 0.0, 0.0, 0.0]","[0.0, 0.0, 0.0, 0.9999426603317261, 0.0, 0.0]","[-4.7581787109375, -36.06195068359375, -3.3621654510498047]","[-3.238750457763672, -38.95633316040039, -2.6906540393829346]","[615.029541015625, 1642.98388671875, 1.5127090215682983]","[-4.950396537780762, -40.418006896972656, -3.3621654510498047]",bicycle,0.0007340501178987324,False,False,-1,False,False,False,True,cf11445013d14ce98d71c50b898e0744,car,False,1.086117145600727,1.2827523879868248,False,True,,0,0,False,False
b4_50iter,compound,recovery_1_5,fcbccedd61424f1b85dcbf8f897f9754,de7593d76648450e947ba0c203dee1b0,1533151609.947025,13,5,819,propagated,keep,recover,1.0,0.4742785096168518,0.6365327835083008,0.03794227913022041,0.0,0.9707171320915222,1.0,0.6818745136260986,"[0.0, 0.0, 0.0034037427976727486, 0.0, 0.9965962767601013, 0.0]","[0.0, 0.0, 0.0, 0.9999566078186035, 0.000239526794757694, 0.0]","[-19.9410400390625, -27.260498046875, -2.6021881103515625]","[-18.757740020751953, -27.541339874267578, -2.6854724884033203]","[633.7237548828125, 1647.610107421875, 0.9978529214859009]","[-19.9410400390625, -27.260498046875, -2.6021881103515625]",pedestrian,0.08838073164224625,True,True,137,False,False,False,False,,,False,3.4538000736253913,,False,True,,5,5,False,False
b4_50iter,compound,recovery_1_5,fcbccedd61424f1b85dcbf8f897f9754,de7593d76648450e947ba0c203dee1b0,1533151609.947025,13,5,824,propagated,keep,recover,1.0,0.4404379427433014,0.7003030776977539,0.03523503616452217,0.0,0.9806833863258362,1.0,0.7132858037948608,"[0.0, 0.0, 0.17150993645191193, 0.0, 0.8284900784492493, 0.0]","[0.0, 0.0, 0.0, 0.9999780654907227, 1.2059170330758207e-05, 0.0]","[-19.7486572265625, -29.05242919921875, -2.663858413696289]","[-18.783287048339844, -29.24530601501465, -2.7422165870666504]","[632.4308471679688, 1648.7208251953125, 1.0437322854995728]","[-19.7486572265625, -29.05242919921875, -2.663858413696289]",pedestrian,0.07479759305715561,True,True,181,False,False,False,False,,,False,4.153503703248405,,False,True,,5,5,False,False
b4_50iter,compound,recovery_1_5,fcbccedd61424f1b85dcbf8f897f9754,de7593d76648450e947ba0c203dee1b0,1533151609.947025,13,5,827,propagated,keep,recover,1.0,0.4231196343898773,0.6828622817993164,0.0338495709002018,0.0,0.9924564957618713,1.0,0.7220427393913269,"[0.0, 0.0, 0.16755090653896332, 0.0, 0.8324490785598755, 0.0]","[0.0, 0.0, 0.0, 0.9999799728393555, 2.5915453534253174e-06, 0.0]","[-18.66021728515625, -28.79705810546875, -2.640840530395508]","[-18.252254486083984, -29.25130271911621, -2.717193365097046]","[632.087158203125, 1648.315673828125, 1.0634251832962036]","[-18.66021728515625, -28.79705810546875, -2.640840530395508]",pedestrian,0.06987371295690536,True,True,199,False,False,False,False,,,False,3.7317800637116703,,False,True,,5,5,False,False
b4_50iter,compound,recovery_1_5,fcbccedd61424f1b85dcbf8f897f9754,de7593d76648450e947ba0c203dee1b0,1533151609.947025,13,5,848,propagated,defer,defer,1.0,0.3799077868461609,0.0,0.0,0.0,0.977983295917511,1.0,0.7523618340492249,"[0.0, 0.0, 0.0, 0.0, 0.0, 0.0]","[0.0, 0.0, 0.0, 0.9999780654907227, 1.4557717804564163e-06, 0.0]","[-29.0870361328125, -45.904541015625, -4.003870010375977]","[-28.5986385345459, -46.83903503417969, -4.040230751037598]","[625.17041015625, 1667.557861328125, 0.9081567525863647]","[-29.0870361328125, -45.904541015625, -4.003870010375977]",pedestrian,0.04906309023499489,False,False,-1,False,False,False,False,,,False,19.15126527620684,,False,True,,0,0,False,False
b4_50iter,compound,recovery_1_5,fcbccedd61424f1b85dcbf8f897f9754,de7593d76648450e947ba0c203dee1b0,1533151609.947025,13,5,858,propagated,defer,defer,1.0,0.3036441504955292,0.0,0.0,0.0,0.9867808222770691,1.0,0.7212003469467163,"[0.0, 0.0, 0.0, 0.0, 0.0, 0.0]","[0.0, 0.0, 0.0, 0.9999759197235107, 2.8250483410374727e-06, 0.0]","[-31.96722412109375, -50.253021240234375, -4.22111701965332]","[-31.206941604614258, -50.547752380371094, -4.242828845977783]","[623.988037109375, 1671.939453125, 0.9561971426010132]","[-31.96722412109375, -50.253021240234375, -4.22111701965332]",pedestrian,0.04161936417222023,False,False,-1,False,False,False,False,,,False,22.63973847375064,,False,True,,0,0,False,False
b4_50iter,compound,recovery_1_5,fcbccedd61424f1b85dcbf8f897f9754,de7593d76648450e947ba0c203dee1b0,1533151609.947025,13,5,868,propagated,defer,defer,4.0,0.36947953701019287,0.0,0.0,0.0,0.9994657039642334,1.0,0.6779715418815613,"[0.0, 0.0, 0.0, 0.0, 0.0, 0.0]","[0.0, 0.0, 0.0, 0.9999516010284424, 3.8078694548252746e-24, 0.0]","[-12.1917724609375, -39.681427001953125, -2.919271469116211]","[-12.079917907714844, -39.90821075439453, -2.82944655418396]","[619.9557495117188, 1650.38818359375, 1.5252524614334106]","[-12.216476440429688, -39.906585693359375, -2.919271469116211]",pedestrian,0.10425052791833878,False,True,106,False,False,False,False,,,False,4.038800098193706,,False,True,,0,0,False,False
b4_50iter,compound,recovery_1_5,fcbccedd61424f1b85dcbf8f897f9754,de7593d76648450e947ba0c203dee1b0,1533151609.947025,13,5,876,propagated,keep,recover,1.0,0.4146709144115448,0.14783358573913574,0.03317367285490036,0.0,0.9774700999259949,1.0,0.7648740410804749,"[0.0, 0.0, 0.0, 0.0, 1.0, 0.0]","[0.0, 0.0, 0.0, 0.9999722242355347, 0.00014428081340156496, 0.0]","[-32.3509521484375, -46.663116455078125, -4.19767951965332]","[-31.48468589782715, -47.28642272949219, -4.2189412117004395]","[626.6683959960938, 1670.068359375, 0.787295937538147]","[-32.3509521484375, -46.663116455078125, -4.19767951965332]",pedestrian,0.053174715489149094,True,False,-1,False,False,False,False,,,False,22.07317673548871,,False,True,,0,0,False,False
b4_50iter,compound,recovery_1_5,fcbccedd61424f1b85dcbf8f897f9754,de7593d76648450e947ba0c203dee1b0,1533151609.947025,13,5,881,propagated,defer,defer,3.0,0.4363245964050293,0.0,0.0,0.0,0.912756621837616,1.0,0.7476975917816162,"[0.0, 0.0, 0.0, 0.0, 0.0, 0.0]","[0.0, 0.0, 0.0, 0.9999433755874634, 0.0, 0.0]","[-6.16827392578125, -35.941650390625, -3.2344398498535156]","[-4.731334686279297, -39.39599609375, -2.7167325019836426]","[615.6470947265625, 1644.4122314453125, 1.5289241075515747]","[-6.659933567047119, -40.155460357666016, -3.2344398498535156]",bicycle,0.001490834285505116,False,False,-1,False,False,False,False,,,False,2.348573717781111,,False,True,,0,0,False,False
b4_50iter,compound,recovery_1_5,fcbccedd61424f1b85dcbf8f897f9754,de7593d76648450e947ba0c203dee1b0,1533151609.947025,13,5,887,propagated,defer,defer,1.0,0.3684762716293335,0.0,0.0,0.0,0.9659238457679749,1.0,0.7084484696388245,"[0.0, 0.0, 0.0, 0.0, 0.0, 0.0]","[0.0, 0.0, 0.0, 0.9999798536300659, 1.3922949015920949e-08, 0.0]","[-19.68182373046875, -32.2396240234375, -2.986356735229492]","[-18.41503143310547, -32.59441375732422, -2.932725429534912]","[629.61865234375, 1650.5863037109375, 1.05062735080719]","[-19.68182373046875, -32.2396240234375, -2.986356735229492]",pedestrian,0.03866450861096382,False,False,-1,False,False,False,False,,,False,6.479424860409917,,False,True,,0,0,False,False
b4_50iter,compound,recovery_1_5,325cef682f064c55a255f2625c533b75,61a7bd24f88a46c2963280d8b13ac675,1538984239.948316,53,5,731,propagated,defer,defer,4.0,0.33616411685943604,0.0,0.0,0.0,0.9883655905723572,1.0,0.6819928884506226,"[0.0, 0.0, 0.0, 0.0, 0.0, 0.0]","[0.0, 0.0, 0.0, 0.9999973773956299, 0.0, 0.0]","[4.259033203125, -42.25506591796875, -4.096431732177734]","[5.002716064453125, -42.078609466552734, -4.126953125]","[732.9420776367188, 1815.0169677734375, 0.39010655879974365]","[4.259032249450684, -42.25506591796875, -4.096431732177734]",car,0.002044476568698883,False,False,-1,False,False,False,False,,,False,7.274448568974253,,False,True,,0,0,False,False
b4_50iter,compound,recovery_1_5,325cef682f064c55a255f2625c533b75,61a7bd24f88a46c2963280d8b13ac675,1538984239.948316,53,5,833,propagated,defer,defer,1.0,0.3254871368408203,0.0,0.0,0.0,0.9846258759498596,1.0,0.7856930494308472,"[0.0, 0.0, 0.0, 0.0, 0.0, 0.0]","[0.0, 0.0, 0.0, 0.9999957084655762, 4.4511691492496626e-15, 0.0]","[-12.05352783203125, -27.33160400390625, -2.7517547607421875]","[-12.08089828491211, -26.47980308532715, -2.531841993331909]","[730.331298828125, 1791.9884033203125, 1.1557904481887817]","[-12.053528785705566, -27.33160400390625, -2.7517547607421875]",pedestrian,0.10971089452505112,False,True,65,False,False,False,False,,,False,3.4532612648471503,,False,True,,0,0,False,False
b4_50iter,compound,recovery_1_5,325cef682f064c55a255f2625c533b75,61a7bd24f88a46c2963280d8b13ac675,1538984239.948316,53,5,851,propagated,defer,defer,4.0,0.3186788260936737,0.0,0.0,0.0,0.9897110462188721,1.0,0.6841444969177246,"[0.0, 0.0, 0.0, 0.0, 0.0, 0.0]","[0.0, 0.0, 0.0, 0.9999973773956299, 0.0, 0.0]","[3.4503173828125, -41.6702880859375, -4.012836456298828]","[3.654369354248047, -40.98074722290039, -4.015592575073242]","[732.8442993164062, 1813.2781982421875, 0.4448012113571167]","[3.4503164291381836, -41.6702880859375, -4.012836456298828]",bicycle,0.0019302397267892957,False,False,-1,False,False,False,False,,,False,6.736444802065296,,False,True,,0,0,False,False
b6_50iter,camera_crash_5,recovery_1_5,fcbccedd61424f1b85dcbf8f897f9754,fa65a298c01f44e7a182bbf9e5fe3697,1533151607.548824,8,5,654,propagated,keep,recover,1.0,0.3792014718055725,0.13530826568603516,0.03033611737191677,0.0,0.9008175134658813,0.0,0.7332861423492432,"[0.0, 0.0, 0.0, 0.0, 1.0, 0.0]","[0.0, 0.0, 0.0, 0.9998984336853027, 0.0, 0.0]","[-4.4727783203125, -17.782318115234375, -1.609182357788086]","[-2.9935684204101562, -20.581480026245117, -1.2645070552825928]","[615.1386108398438, 1642.692138671875, 1.627698540687561]","[-4.497039318084717, -22.267719268798828, -1.609182357788086]",barrier,0.00024346928694285452,True,False,-1,False,False,False,False,,,False,2.168257891478045,,False,True,,0,0,False,False
b6_50iter,camera_crash_5,recovery_1_5,fcbccedd61424f1b85dcbf8f897f9754,fa65a298c01f44e7a182bbf9e5fe3697,1533151607.548824,8,5,742,propagated,keep,recover,2.0,0.574378252029419,0.8784699440002441,0.045950260013341904,0.0,0.9931833744049072,7.198164048323463e-13,0.7080817222595215,"[0.0, 0.2122030407190323, 0.0, 0.0, 0.0, 0.7877969741821289]","[0.0, 0.0, 0.0, 0.9998672008514404, 0.0, 7.453737605432609e-13]","[9.977294921875, -22.687835693359375, -1.760812759399414]","[9.624004364013672, -22.915563583374023, -1.3542137145996094]","[605.2908935546875, 1634.46533203125, 1.6014206409454346]","[9.977294921875, -22.687835693359375, -1.760812759399414]",traffic_cone,0.12543591856956482,True,True,94,False,False,False,False,,,False,3.4174371477300314,,False,True,,1,1,False,False
b6_50iter,camera_crash_5,recovery_1_5,fcbccedd61424f1b85dcbf8f897f9754,fa65a298c01f44e7a182bbf9e5fe3697,1533151607.548824,8,5,785,propagated,defer,defer,2.0,0.4704028069972992,0.0,0.0,0.0,0.9918178915977478,0.0,0.7570326328277588,"[0.0, 0.0, 0.0, 0.0, 0.0, 0.0]","[0.0, 0.0, 0.0, 0.9997339844703674, 0.0, 7.354280894119811e-14]","[10.986328125, -27.056793212890625, -1.5957221984863281]","[10.607421875, -26.6397647857666, -1.1192150115966797]","[601.8072509765625, 1636.0716552734375, 2.020341396331787]","[10.979418754577637, -26.426816940307617, -1.5957221984863281]",pedestrian,0.14590001106262207,False,True,79,False,False,False,False,,,False,2.647781238785831,,False,True,,0,0,False,False
b6_50iter,camera_crash_5,recovery_1_5,325cef682f064c55a255f2625c533b75,5b7cb170eee6468aa1fdbd3abcf63c5a,1538984237.446737,48,5,831,propagated,defer,defer,4.0,0.3893677592277527,0.0,0.0,0.0,0.9056721925735474,0.0,0.7167055606842041,"[0.0, 0.0, 0.0, 0.0, 0.0, 0.0]","[0.0, 0.0, 0.0, 0.9999839067459106, 0.0, 0.0]","[-3.7412109375, -28.62298583984375, -2.0044479370117188]","[-3.0189895629882812, -26.945255279541016, -1.70497727394104]","[728.7802734375, 1813.5975341796875, 1.2344915866851807]","[-4.350846290588379, -28.70319938659668, -2.0044479370117188]",pedestrian,0.047115474939346313,False,True,213,False,False,False,False,,,False,5.260256531028333,,False,True,,0,0,False,False
b6_50iter,camera_crash_5,recovery_1_5,325cef682f064c55a255f2625c533b75,5b7cb170eee6468aa1fdbd3abcf63c5a,1538984237.446737,48,5,836,propagated,defer,defer,4.0,0.3617580831050873,0.0,0.0,0.0,0.9506574273109436,0.0,0.7406025528907776,"[0.0, 0.0, 0.0, 0.0, 0.0, 0.0]","[0.0, 0.0, 0.0, 0.9999858140945435, 0.0, 0.0]","[-0.799102783203125, -25.07415771484375, -1.8866767883300781]","[-2.208019256591797, -23.8303279876709, -1.5956878662109375]","[726.2283325195312, 1811.633056640625, 1.2125791311264038]","[-1.3884685039520264, -25.162145614624023, -1.8866767883300781]",pedestrian,0.08098318427801132,False,True,135,False,False,False,False,,,False,2.0542390383944342,,False,True,,0,0,False,False
b6_50iter,camera_crash_5,recovery_1_5,325cef682f064c55a255f2625c533b75,5b7cb170eee6468aa1fdbd3abcf63c5a,1538984237.446737,48,5,862,propagated,defer,defer,3.0,0.43897074460983276,0.0,0.0,0.0,0.9987988471984863,0.0,0.7983258962631226,"[0.0, 0.0, 0.0, 0.0, 0.0, 0.0]","[0.0, 0.0, 0.0, 0.999985933303833, 3.036695463682624e-31, 0.0]","[-5.22808837890625, -23.453857421875, -1.69769287109375]","[-5.720100402832031, -23.048263549804688, -1.5897953510284424]","[728.5230712890625, 1808.8616943359375, 1.2046023607254028]","[-5.838705539703369, -23.23369598388672, -1.69769287109375]",pedestrian,0.017539162188768387,False,False,-1,False,False,False,False,,,False,3.93050986535305,,False,True,,0,0,False,False
b6_50iter,camera_crash_10,recovery_1_5,fcbccedd61424f1b85dcbf8f897f9754,de7593d76648450e947ba0c203dee1b0,1533151609.947025,13,5,666,propagated,defer,defer,2.0,0.5210983753204346,0.0,0.0,0.0,0.95645672082901,0.0,0.7514479160308838,"[0.0, 0.0, 0.0, 0.0, 0.0, 0.0]","[0.0, 0.0, 0.0, 0.9999524354934692, 8.501820256446515e-31, 0.0]","[-11.93170166015625, -44.655792236328125, -3.38287353515625]","[-10.535911560058594, -45.516014099121094, -3.2377309799194336]","[614.6495361328125, 1652.8035888671875, 1.4378143548965454]","[-11.984318733215332, -45.18885040283203, -3.38287353515625]",pedestrian,0.300856351852417,False,True,12,False,False,False,False,,,False,2.3978951572127603,,False,True,,0,0,False,False
b6_50iter,camera_crash_10,recovery_1_5,fcbccedd61424f1b85dcbf8f897f9754,de7593d76648450e947ba0c203dee1b0,1533151609.947025,13,5,688,propagated,defer,defer,2.0,0.5116689801216125,0.0,0.0,0.0,0.9585142731666565,0.0,0.7518232464790344,"[0.0, 0.0, 0.0, 0.0, 0.0, 0.0]","[0.0, 0.0, 0.0, 0.9999516010284424, 6.225235145646488e-33, 0.0]","[-11.41815185546875, -46.8265380859375, -3.5431442260742188]","[-10.055778503417969, -47.47869873046875, -3.353393316268921]","[612.83203125, 1653.6939697265625, 1.4350353479385376]","[-11.4959716796875, -47.387142181396484, -3.5431442260742188]",pedestrian,0.2407199889421463,False,True,20,False,False,False,False,,,False,2.022767739042685,,False,True,,0,0,False,False
b6_50iter,camera_crash_10,recovery_1_5,fcbccedd61424f1b85dcbf8f897f9754,de7593d76648450e947ba0c203dee1b0,1533151609.947025,13,5,706,propagated,defer,defer,2.0,0.4080446660518646,0.0,0.0,0.0,0.9816280603408813,0.0,0.7344201803207397,"[0.0, 0.0, 0.0, 0.0, 0.0, 0.0]","[0.0, 0.0, 0.0, 0.9999165534973145, 0.0, 1.3017785317771714e-31]","[5.9254150390625, -39.577850341796875, -2.448366165161133]","[6.658649444580078, -40.45234680175781, -2.525803565979004]","[607.55029296875, 1636.3309326171875, 1.6618362665176392]","[5.940398216247559, -39.81574630737305, -2.448366165161133]",pedestrian,0.1657235324382782,False,True,45,False,False,False,False,,,False,2.2575588344830666,,False,True,,0,0,False,False
b6_50iter,camera_crash_10,recovery_1_5,fcbccedd61424f1b85dcbf8f897f9754,de7593d76648450e947ba0c203dee1b0,1533151609.947025,13,5,709,propagated,defer,defer,5.0,0.5286139845848083,0.0,0.0,0.0,0.9727869033813477,0.0,0.7586625218391418,"[0.0, 0.0, 0.0, 0.0, 0.0, 0.0]","[0.0, 0.0, 0.0, 0.9999377727508545, 0.0, 2.5669849400253813e-22]","[9.70806884765625, -40.96087646484375, -2.89923095703125]","[10.88067626953125, -41.014076232910156, -2.858336925506592]","[604.402587890625, 1633.4627685546875, 1.3187576532363892]","[9.708067893981934, -40.96087646484375, -2.89923095703125]",traffic_cone,0.17694240808486938,False,True,39,False,False,False,False,,,False,3.4823694290797147,,False,True,,0,0,False,False
b6_50iter,camera_crash_10,recovery_1_5,fcbccedd61424f1b85dcbf8f897f9754,de7593d76648450e947ba0c203dee1b0,1533151609.947025,13,5,734,propagated,defer,defer,1.0,0.33399438858032227,0.0,0.0,0.0,0.9535003304481506,0.0,0.7810803651809692,"[0.0, 0.0, 0.0, 0.0, 0.0, 0.0]","[0.0, 0.0, 0.0, 0.99997878074646, 1.4118879676505713e-10, 0.0]","[-13.029296875, -21.517303466796875, -2.102163314819336]","[-11.91024398803711, -22.579404830932617, -2.081272602081299]","[633.1683959960938, 1639.1536865234375, 1.2304164171218872]","[-13.029296875, -21.517303466796875, -2.102163314819336]",pedestrian,0.11050650477409363,False,True,92,False,False,False,False,,,False,2.0890234813583515,,False,True,,0,0,False,False
b6_50iter,camera_crash_10,recovery_1_5,fcbccedd61424f1b85dcbf8f897f9754,de7593d76648450e947ba0c203dee1b0,1533151609.947025,13,5,753,propagated,defer,defer,1.0,0.31069064140319824,0.0,0.0,0.0,0.9855917692184448,0.0,0.761192262172699,"[0.0, 0.0, 0.0, 0.0, 0.0, 0.0]","[0.0, 0.0, 0.0, 0.999974250793457, 6.120311445556581e-05, 0.0]","[-32.4793701171875, -48.07440185546875, -4.191938400268555]","[-31.67806053161621, -48.36276626586914, -4.211967468261719]","[625.9669189453125, 1670.904052734375, 0.8608978986740112]","[-32.4793701171875, -48.07440185546875, -4.191938400268555]",pedestrian,0.08432594686746597,False,True,142,False,False,False,False,,,False,22.485480500610514,,False,True,,0,0,False,False
b6_50iter,camera_crash_10,recovery_1_5,fcbccedd61424f1b85dcbf8f897f9754,de7593d76648450e947ba0c203dee1b0,1533151609.947025,13,5,758,propagated,keep,recover,1.0,0.35795852541923523,0.3665609359741211,0.02863668091595173,0.0,0.975942850112915,0.00018690468277782202,0.684812605381012,"[0.0, 0.0, 0.0, 0.0, 1.0, 0.0]","[0.0, 0.0, 0.0, 0.9999463558197021, 0.00018689465650822967, 0.0]","[-15.84613037109375, -21.257415771484375, -2.1673717498779297]","[-14.923091888427734, -21.85318374633789, -2.270432949066162]","[635.6473999023438, 1641.0123291015625, 1.0300500392913818]","[-15.84613037109375, -21.257415771484375, -2.1673717498779297]",pedestrian,0.11509142816066742,True,True,87,False,False,False,False,,,False,3.025004645151981,,False,True,,5,5,False,False
b6_50iter,camera_crash_10,recovery_1_5,fcbccedd61424f1b85dcbf8f897f9754,de7593d76648450e947ba0c203dee1b0,1533151609.947025,13,5,778,propagated,keep,recover,1.0,0.46643394231796265,0.9269723892211914,0.03731471300125122,0.0,0.9912546873092651,2.7979063816019334e-05,0.6807125210762024,"[0.021857794374227524, 0.0, 0.36835017800331116, 0.0, 0.6097920536994934, 0.0]","[0.0, 0.0, 0.0, 0.9999756813049316, 3.2702071621315554e-05, 0.0]","[-18.08465576171875, -26.367095947265625, -2.521879196166992]","[-17.505218505859375, -26.674819946289062, -2.615396499633789]","[633.5890502929688, 1646.0914306640625, 1.0024919509887695]","[-18.08465576171875, -26.367095947265625, -2.521879196166992]",pedestrian,0.11468715220689774,True,True,88,False,False,False,False,,,False,2.147882935816005,,False,True,,5,5,False,False
b6_50iter,camera_crash_10,recovery_1_5,fcbccedd61424f1b85dcbf8f897f9754,de7593d76648450e947ba0c203dee1b0,1533151609.947025,13,5,798,propagated,keep,recover,1.0,0.5387030839920044,0.7756071090698242,0.04309624433517456,0.0,0.9803942441940308,0.00023451019660569727,0.6859238743782043,"[0.0, 0.0, 0.15183322131633759, 0.0, 0.848166823387146, 0.0]","[0.0, 0.0, 0.0, 0.999958872795105, 0.0002382283128099516, 0.0]","[-20.3883056640625, -28.280120849609375, -2.7112960815429688]","[-19.68037986755371, -28.97480583190918, -2.790524959564209]","[633.2109375, 1649.2392578125, 0.9888163805007935]","[-20.3883056640625, -28.280120849609375, -2.7112960815429688]",pedestrian,0.10160386562347412,True,True,106,False,False,False,False,,,False,4.79566317674084,,False,True,,5,5,False,False
b6_50iter,camera_crash_10,recovery_1_5,fcbccedd61424f1b85dcbf8f897f9754,de7593d76648450e947ba0c203dee1b0,1533151609.947025,13,5,816,propagated,defer,defer,1.0,0.4038606882095337,0.0,0.0,0.0,0.9737361669540405,0.0,0.7590458393096924,"[0.0, 0.0, 0.0, 0.0, 0.0, 0.0]","[0.0, 0.0, 0.0, 0.9999523162841797, 2.025668344167103e-35, 0.0]","[-9.880615234375, -45.541290283203125, -3.581583023071289]","[-8.846294403076172, -46.20870590209961, -3.295079469680786]","[613.033935546875, 1651.951171875, 1.404180884361267]","[-9.958112716674805, -46.0968132019043, -3.581583023071289]",pedestrian,0.1319534182548523,False,True,74,False,False,False,False,,,False,2.2343454487783485,,False,True,,0,0,False,False
b6_50iter,camera_crash_10,recovery_1_5,fcbccedd61424f1b85dcbf8f897f9754,de7593d76648450e947ba0c203dee1b0,1533151609.947025,13,5,849,propagated,keep,recover,1.0,0.4826727509498596,0.6321010589599609,0.03861381858587265,0.0,0.9711119532585144,0.00024266143736895174,0.6803420186042786,"[0.0, 0.0, 0.003256219904869795, 0.0, 0.9967437982559204, 0.0]","[0.0, 0.0, 0.0, 0.9999568462371826, 0.00024265226966235787, 0.0]","[-19.94085693359375, -27.259613037109375, -2.6168079376220703]","[-18.77184295654297, -27.56208610534668, -2.7039406299591064]","[633.7161254882812, 1647.635009765625, 0.9808138608932495]","[-19.94085693359375, -27.259613037109375, -2.6168079376220703]",pedestrian,0.09088107198476791,True,True,119,False,False,False,False,,,False,3.4719915716847907,,False,True,,5,5,False,False
b6_50iter,camera_crash_10,recovery_1_5,fcbccedd61424f1b85dcbf8f897f9754,de7593d76648450e947ba0c203dee1b0,1533151609.947025,13,5,856,propagated,keep,recover,1.0,0.4247695505619049,0.6780157089233398,0.0339815616607666,0.0,0.9929810166358948,2.881994987546932e-06,0.7224858999252319,"[0.0, 0.0, 0.16909843683242798, 0.0, 0.830901563167572, 0.0]","[0.0, 0.0, 0.0, 0.9999803304672241, 2.9410136903607054e-06, 0.0]","[-18.65997314453125, -28.7958984375, -2.6603336334228516]","[-18.316059112548828, -29.273563385009766, -2.7361295223236084]","[632.1102294921875, 1648.3797607421875, 1.0465383529663086]","[-18.65997314453125, -28.7958984375, -2.6603336334228516]",pedestrian,0.07101351022720337,True,True,203,False,False,False,False,,,False,3.7961064359157706,,False,True,,5,5,False,False
b6_50iter,camera_crash_10,recovery_1_5,fcbccedd61424f1b85dcbf8f897f9754,de7593d76648450e947ba0c203dee1b0,1533151609.947025,13,5,861,propagated,keep,recover,1.0,0.4297512173652649,0.6931552886962891,0.034380096942186356,0.0,0.9789776802062988,1.0490989552636165e-05,0.7168387770652771,"[0.0, 0.0, 0.17152689397335052, 0.0, 0.8284731507301331, 0.0]","[0.0, 0.0, 0.0, 0.99997878074646, 1.0713252777350135e-05, 0.0]","[-19.7484130859375, -29.05133056640625, -2.6823768615722656]","[-18.74420928955078, -29.27121353149414, -2.756866931915283]","[632.3853759765625, 1648.7080078125, 1.0302485227584839]","[-19.7484130859375, -29.05133056640625, -2.6823768615722656]",pedestrian,0.07307153940200806,True,True,199,False,False,False,False,,,False,4.136902430035991,,False,True,,5,5,False,False
b6_50iter,camera_crash_10,recovery_1_5,fcbccedd61424f1b85dcbf8f897f9754,de7593d76648450e947ba0c203dee1b0,1533151609.947025,13,5,887,propagated,keep,recover,1.0,0.48078420758247375,0.636810302734375,0.03846273571252823,0.0,0.9833505749702454,0.0006936630234122276,0.6994403004646301,"[0.0, 0.0, 3.4611989008226374e-07, 0.0, 0.9999996423721313, 0.0]","[0.0, 0.0, 0.0, 0.9999375343322754, 0.0006936198915354908, 0.0]","[-21.15667724609375, -28.920562744140625, -2.728626251220703]","[-20.48903465270996, -29.540616989135742, -2.824869394302368]","[633.29345703125, 1650.2232666015625, 0.9970813989639282]","[-21.15667724609375, -28.920562744140625, -2.728626251220703]",pedestrian,0.06822536885738373,True,True,219,False,False,False,False,,,False,5.772799317965266,,False,True,,5,5,False,False
b6_50iter,camera_crash_10,recovery_1_5,fcbccedd61424f1b85dcbf8f897f9754,de7593d76648450e947ba0c203dee1b0,1533151609.947025,13,5,890,propagated,defer,defer,1.0,0.36080917716026306,0.0,0.0,0.0,0.971011757850647,0.0,0.7064239382743835,"[0.0, 0.0, 0.0, 0.0, 0.0, 0.0]","[0.0, 0.0, 0.0, 0.9999802112579346, 2.0409729017956124e-08, 0.0]","[-19.68182373046875, -32.2396240234375, -2.986356735229492]","[-18.50826644897461, -32.542091369628906, -2.9403913021087646]","[629.7181396484375, 1650.624755859375, 1.0408271551132202]","[-19.68182373046875, -32.2396240234375, -2.986356735229492]",pedestrian,0.03959301486611366,False,False,-1,False,False,False,False,,,False,6.478453406337798,,False,True,,0,0,False,False
b6_50iter,camera_crash_10,recovery_1_5,fcbccedd61424f1b85dcbf8f897f9754,de7593d76648450e947ba0c203dee1b0,1533151609.947025,13,5,893,propagated,defer,defer,4.0,0.3638937175273895,0.0,0.0,0.0,0.9996402263641357,0.0,0.6765269637107849,"[0.0, 0.0, 0.0, 0.0, 0.0, 0.0]","[0.0, 0.0, 0.0, 0.9999531507492065, 4.988178918435057e-24, 0.0]","[-12.19146728515625, -39.67950439453125, -2.951435089111328]","[-12.178638458251953, -40.05073547363281, -2.868726968765259]","[619.9080810546875, 1650.556884765625, 1.4956461191177368]","[-12.231363296508789, -39.959232330322266, -2.951435089111328]",pedestrian,0.0958646610379219,False,True,112,False,False,False,False,,,False,3.978342407689072,,False,True,,0,0,False,False
b6_50iter,camera_crash_10,recovery_1_5,fcbccedd61424f1b85dcbf8f897f9754,de7593d76648450e947ba0c203dee1b0,1533151609.947025,13,5,899,propagated,defer,defer,1.0,0.3108518719673157,0.0,0.0,0.0,0.9988182187080383,0.0,0.6859918236732483,"[0.0, 0.0, 0.0, 0.0, 0.0, 0.0]","[0.0, 0.0, 0.0, 0.9999740123748779, 3.836497853626497e-05, 0.0]","[-22.30694580078125, -33.77557373046875, -3.048419952392578]","[-22.064380645751953, -33.75934600830078, -3.0533859729766846]","[631.057373046875, 1654.138671875, 1.0388766527175903]","[-22.30694580078125, -33.77557373046875, -3.048419952392578]",pedestrian,0.047066956758499146,False,False,-1,False,False,False,False,,,False,9.607029259461077,,False,True,,0,0,False,False
b6_50iter,camera_crash_10,recovery_1_5,325cef682f064c55a255f2625c533b75,61a7bd24f88a46c2963280d8b13ac675,1538984239.948316,53,5,735,propagated,defer,defer,4.0,0.3363271951675415,0.0,0.0,0.0,0.9881798028945923,0.0,0.6805487275123596,"[0.0, 0.0, 0.0, 0.0, 0.0, 0.0]","[0.0, 0.0, 0.0, 0.9999974966049194, 0.0, 0.0]","[4.25927734375, -42.253662109375, -4.117618560791016]","[5.011314392089844, -42.087608337402344, -4.154966831207275]","[732.9459228515625, 1815.030029296875, 0.3626464605331421]","[4.259276390075684, -42.253662109375, -4.117618560791016]",car,0.002244360279291868,False,False,-1,False,False,False,False,,,False,7.2828099115644696,,False,True,,0,0,False,False
b6_50iter,camera_crash_10,recovery_1_5,325cef682f064c55a255f2625c533b75,61a7bd24f88a46c2963280d8b13ac675,1538984239.948316,53,5,848,propagated,defer,defer,4.0,0.31687864661216736,0.0,0.0,0.0,0.9889401793479919,0.0,0.6805012822151184,"[0.0, 0.0, 0.0, 0.0, 0.0, 0.0]","[0.0, 0.0, 0.0, 0.9999974966049194, 0.0, 0.0]","[3.4505615234375, -41.6688232421875, -4.034511566162109]","[3.6534042358398438, -40.95125198364258, -4.038471221923828]","[732.822509765625, 1813.2607421875, 0.42004549503326416]","[3.4505605697631836, -41.6688232421875, -4.034511566162109]",bicycle,0.0019681258127093315,False,False,-1,False,False,False,False,,,False,6.712490269586726,,False,True,,0,0,False,False
b6_50iter,compound,recovery_1_5,fcbccedd61424f1b85dcbf8f897f9754,de7593d76648450e947ba0c203dee1b0,1533151609.947025,13,5,669,propagated,defer,defer,2.0,0.5397863984107971,0.0,0.0,0.0,0.9713929295539856,0.0,0.7573293447494507,"[0.0, 0.0, 0.0, 0.0, 0.0, 0.0]","[0.0, 0.0, 0.0, 0.9999502897262573, 5.411838693445636e-31, 0.0]","[-11.6116943359375, -45.040924072265625, -3.376211166381836]","[-10.469612121582031, -45.5977668762207, -3.1969122886657715]","[614.5459594726562, 1652.802978515625, 1.4827581644058228]","[-11.660445213317871, -45.56645965576172, -3.376211166381836]",pedestrian,0.2966884672641754,False,True,13,False,False,False,False,,,False,2.4545172116607024,,False,True,,0,0,False,False
b6_50iter,compound,recovery_1_5,fcbccedd61424f1b85dcbf8f897f9754,de7593d76648450e947ba0c203dee1b0,1533151609.947025,13,5,681,propagated,defer,defer,2.0,0.4243180453777313,0.0,0.0,0.0,0.9678323268890381,0.0,0.7389901280403137,"[0.0, 0.0, 0.0, 0.0, 0.0, 0.0]","[0.0, 0.0, 0.0, 0.9999192953109741, 0.0, 1.1211822800346349e-31]","[5.6058349609375, -39.190277099609375, -2.4959640502929688]","[6.59527587890625, -40.16465759277344, -2.538562059402466]","[607.81103515625, 1636.1964111328125, 1.6325124502182007]","[5.597573757171631, -39.36616134643555, -2.4959640502929688]",pedestrian,0.23012927174568176,False,True,25,False,False,False,False,,,False,2.546950559529613,,False,True,,0,0,False,False
b6_50iter,compound,recovery_1_5,fcbccedd61424f1b85dcbf8f897f9754,de7593d76648450e947ba0c203dee1b0,1533151609.947025,13,5,706,propagated,defer,defer,5.0,0.5294337272644043,0.0,0.0,0.0,0.9748047590255737,0.0,0.7514734268188477,"[0.0, 0.0, 0.0, 0.0, 0.0, 0.0]","[0.0, 0.0, 0.0, 0.9999357461929321, 0.0, 2.0945636593568914e-22]","[9.70782470703125, -40.9625244140625, -2.8719406127929688]","[10.835563659667969, -41.009864807128906, -2.8287596702575684]","[604.4358520507812, 1633.493408203125, 1.3485068082809448]","[9.707823753356934, -40.9625244140625, -2.8719406127929688]",traffic_cone,0.1654520332813263,False,True,53,False,False,False,False,,,False,3.4475029737403937,,False,True,,0,0,False,False
b6_50iter,compound,recovery_1_5,fcbccedd61424f1b85dcbf8f897f9754,de7593d76648450e947ba0c203dee1b0,1533151609.947025,13,5,728,propagated,defer,defer,1.0,0.33793941140174866,0.0,0.0,0.0,0.9535115957260132,0.0,0.7764028310775757,"[0.0, 0.0, 0.0, 0.0, 0.0, 0.0]","[0.0, 0.0, 0.0, 0.9999783039093018, 1.3625442440989843e-10, 0.0]","[-13.02947998046875, -21.5181884765625, -2.087543487548828]","[-11.90252685546875, -22.57169532775879, -2.070653200149536]","[633.1697998046875, 1639.142333984375, 1.240471363067627]","[-13.02947998046875, -21.5181884765625, -2.087543487548828]",pedestrian,0.11318951100111008,False,True,90,False,False,False,False,,,False,2.097649902751772,,False,True,,0,0,False,False
b6_50iter,compound,recovery_1_5,fcbccedd61424f1b85dcbf8f897f9754,de7593d76648450e947ba0c203dee1b0,1533151609.947025,13,5,738,propagated,defer,defer,1.0,0.18518438935279846,0.0,0.0,0.0,0.9846265316009521,0.0,0.7583338618278503,"[0.0, 0.0, 0.0, 0.0, 0.0, 0.0]","[0.0, 0.0, 0.0, 0.9999744892120361, 9.91190318018198e-05, 0.0]","[-32.47955322265625, -48.075164794921875, -4.178779602050781]","[-31.626373291015625, -47.85060501098633, -4.290178298950195]","[626.3236083984375, 1670.5408935546875, 0.7515507936477661]","[-32.47272872924805, -48.06488037109375, -4.178779602050781]",pedestrian,0.015931252390146255,False,False,-1,False,False,False,False,,,False,22.324769255671598,,False,True,,0,0,False,False
b6_50iter,compound,recovery_1_5,fcbccedd61424f1b85dcbf8f897f9754,de7593d76648450e947ba0c203dee1b0,1533151609.947025,13,5,747,propagated,keep,recover,1.0,0.3677295744419098,0.3689136505126953,0.02941836602985859,0.0,0.9751412868499756,0.00017345511878374964,0.6918743252754211,"[0.0, 0.0, 0.0, 0.0, 1.0, 0.0]","[0.0, 0.0, 0.0, 0.9999480247497559, 0.00017344609659630805, 0.0]","[-15.84613037109375, -21.257415771484375, -2.1673717498779297]","[-14.894283294677734, -21.842554092407227, -2.2685961723327637]","[635.63720703125, 1640.9833984375, 1.0309392213821411]","[-15.84613037109375, -21.257415771484375, -2.1673717498779297]",pedestrian,0.1139286532998085,True,True,88,False,False,False,False,,,False,3.050054593269978,,False,True,,5,5,False,False
b6_50iter,compound,recovery_1_5,fcbccedd61424f1b85dcbf8f897f9754,de7593d76648450e947ba0c203dee1b0,1533151609.947025,13,5,750,propagated,defer,defer,3.0,0.41687533259391785,0.0,0.0,0.0,0.9708642363548279,0.0,0.7426328063011169,"[0.0, 0.0, 0.0, 0.0, 0.0, 0.0]","[0.0, 0.0, 0.0, 0.9999173879623413, 0.0, 1.3433127732598744e-32]","[4.96466064453125, -38.42633056640625, -2.4040260314941406]","[6.076957702636719, -38.91570281982422, -2.4457573890686035]","[609.1046142578125, 1635.792236328125, 1.6557093858718872]","[4.96466064453125, -38.42633056640625, -2.4040260314941406]",pedestrian,0.15921854972839355,False,True,58,False,False,False,False,,,False,3.8544255347191707,,False,True,,0,0,False,False
b6_50iter,compound,recovery_1_5,fcbccedd61424f1b85dcbf8f897f9754,de7593d76648450e947ba0c203dee1b0,1533151609.947025,13,5,768,propagated,keep,recover,1.0,0.44822749495506287,0.9250946044921875,0.03585819900035858,0.0,0.991561233997345,2.935054180852603e-05,0.681035041809082,"[0.02190215326845646, 0.0, 0.3688296377658844, 0.0, 0.6092682480812073, 0.0]","[0.0, 0.0, 0.0, 0.9999750852584839, 3.432496669120155e-05, 0.0]","[-18.08477783203125, -26.36785888671875, -2.5092086791992188]","[-17.516353607177734, -26.66950798034668, -2.6073286533355713]","[633.6005859375, 1646.09619140625, 1.010344386100769]","[-18.08477783203125, -26.36785888671875, -2.5092086791992188]",pedestrian,0.10805133730173111,True,True,97,False,False,False,False,,,False,2.159446700392029,,False,True,,5,5,False,False
b6_50iter,compound,recovery_1_5,fcbccedd61424f1b85dcbf8f897f9754,de7593d76648450e947ba0c203dee1b0,1533151609.947025,13,5,776,propagated,keep,recover,1.0,0.5429609417915344,0.7805805206298828,0.04343687370419502,0.0,0.9840013384819031,0.0003095990396104753,0.6866613626480103,"[0.0, 0.0, 0.15061984956264496, 0.0, 0.8493801951408386, 0.0]","[0.0, 0.0, 0.0, 0.9999538660049438, 0.0003144146176055074, 0.0]","[-20.38836669921875, -28.280487060546875, -2.7054481506347656]","[-19.749759674072266, -28.90829849243164, -2.772048234939575]","[633.30712890625, 1649.2491455078125, 1.0040053129196167]","[-20.38836669921875, -28.280487060546875, -2.7054481506347656]",pedestrian,0.1001378744840622,True,True,113,False,False,False,False,,,False,4.829224407260392,,False,True,,5,5,False,False
b6_50iter,compound,recovery_1_5,fcbccedd61424f1b85dcbf8f897f9754,de7593d76648450e947ba0c203dee1b0,1533151609.947025,13,5,786,propagated,defer,defer,1.0,0.432477205991745,0.0,0.0,0.0,0.9756734371185303,0.0,0.762008547782898,"[0.0, 0.0, 0.0, 0.0, 0.0, 0.0]","[0.0, 0.0, 0.0, 0.9999494552612305, 2.8662971856299973e-35, 0.0]","[-9.88104248046875, -45.543792724609375, -3.5396728515625]","[-8.895153045654297, -46.20722961425781, -3.2349448204040527]","[613.0687255859375, 1651.9849853515625, 1.4646342992782593]","[-9.9546537399292, -46.08087921142578, -3.5396728515625]",pedestrian,0.1515946239233017,False,True,64,False,False,False,False,,,False,2.252911478121606,,False,True,,0,0,False,False
b6_50iter,compound,recovery_1_5,fcbccedd61424f1b85dcbf8f897f9754,de7593d76648450e947ba0c203dee1b0,1533151609.947025,13,5,814,propagated,defer,defer,1.0,0.391876220703125,0.0,0.0,0.0,0.8927375674247742,0.0,0.7563192248344421,"[0.0, 0.0, 0.0, 0.0, 0.0, 0.0]","[0.0, 0.0, 0.0, 0.9999434947967529, 0.0, 0.0]","[-4.7581787109375, -36.06207275390625, -3.3602161407470703]","[-3.205188751220703, -38.935150146484375, -2.7014658451080322]","[615.0238647460938, 1642.945068359375, 1.500289797782898]","[-4.935210704803467, -40.43388366699219, -3.3602161407470703]",traffic_cone,0.0007438559550791979,False,False,-1,False,False,False,True,cf11445013d14ce98d71c50b898e0744,car,False,1.056564327544655,1.2889428586463998,False,True,,0,0,False,False
b6_50iter,compound,recovery_1_5,fcbccedd61424f1b85dcbf8f897f9754,de7593d76648450e947ba0c203dee1b0,1533151609.947025,13,5,819,propagated,keep,recover,1.0,0.4752940535545349,0.6301016807556152,0.03802352398633957,0.0,0.9708690047264099,0.00025753688532859087,0.681608259677887,"[0.0, 0.0, 0.003521054983139038, 0.0, 0.9964789748191833, 0.0]","[0.0, 0.0, 0.0, 0.999955415725708, 0.00025752701913006604, 0.0]","[-19.9410400390625, -27.26043701171875, -2.6031627655029297]","[-18.76030731201172, -27.538448333740234, -2.6854066848754883]","[633.7276000976562, 1647.6102294921875, 0.9977723360061646]","[-19.9410400390625, -27.26043701171875, -2.6031627655029297]",pedestrian,0.08822991698980331,True,True,134,False,False,False,False,,,False,3.45576203250218,,False,True,,5,5,False,False
b6_50iter,compound,recovery_1_5,fcbccedd61424f1b85dcbf8f897f9754,de7593d76648450e947ba0c203dee1b0,1533151609.947025,13,5,825,propagated,keep,recover,1.0,0.4413911700248718,0.6937580108642578,0.035311292856931686,0.0,0.9808647632598877,1.21360644698143e-05,0.7126182913780212,"[0.0, 0.0, 0.17172788083553314, 0.0, 0.8282721638679504, 0.0]","[0.0, 0.0, 0.0, 0.9999781847000122, 1.2393896213325206e-05, 0.0]","[-19.74859619140625, -29.05230712890625, -2.6658077239990234]","[-18.78716278076172, -29.241186141967773, -2.743299961090088]","[632.4364624023438, 1648.72119140625, 1.0424450635910034]","[-19.74859619140625, -29.05230712890625, -2.6658077239990234]",pedestrian,0.07457536458969116,True,True,174,False,False,False,False,,,False,4.154374874410288,,False,True,,5,5,False,False
b6_50iter,compound,recovery_1_5,fcbccedd61424f1b85dcbf8f897f9754,de7593d76648450e947ba0c203dee1b0,1533151609.947025,13,5,829,propagated,keep,recover,1.0,0.4225541651248932,0.6757850646972656,0.033804330974817276,0.0,0.9926034808158875,2.539776687626727e-06,0.7215777039527893,"[0.0, 0.0, 0.16797544062137604, 0.0, 0.8320245742797852, 0.0]","[0.0, 0.0, 0.0, 0.999980092048645, 2.5909671421686653e-06, 0.0]","[-18.66015625, -28.796966552734375, -2.642789840698242]","[-18.25640106201172, -29.24696159362793, -2.718193292617798]","[632.0931396484375, 1648.316162109375, 1.0622107982635498]","[-18.66015625, -28.796966552734375, -2.642789840698242]",pedestrian,0.06951924413442612,True,True,197,False,False,False,False,,,False,3.732318250933251,,False,True,,5,5,False,False
b6_50iter,compound,recovery_1_5,fcbccedd61424f1b85dcbf8f897f9754,de7593d76648450e947ba0c203dee1b0,1533151609.947025,13,5,850,propagated,defer,defer,1.0,0.3813236653804779,0.0,0.0,0.0,0.9799084067344666,0.0,0.7516778111457825,"[0.0, 0.0, 0.0, 0.0, 0.0, 0.0]","[0.0, 0.0, 0.0, 0.9999779462814331, 1.7446014908273355e-06, 0.0]","[-29.0870361328125, -45.904449462890625, -4.005331039428711]","[-28.667081832885742, -46.81944274902344, -4.040511131286621]","[625.229248046875, 1667.597900390625, 0.9074286222457886]","[-29.0870361328125, -45.904449462890625, -4.005331039428711]",pedestrian,0.048455797135829926,False,False,-1,False,False,False,False,,,False,19.214739988085473,,False,True,,0,0,False,False
b6_50iter,compound,recovery_1_5,fcbccedd61424f1b85dcbf8f897f9754,de7593d76648450e947ba0c203dee1b0,1533151609.947025,13,5,858,propagated,defer,defer,1.0,0.3042898178100586,0.0,0.0,0.0,0.9860363006591797,0.0,0.720312774181366,"[0.0, 0.0, 0.0, 0.0, 0.0, 0.0]","[0.0, 0.0, 0.0, 0.9999760389328003, 2.8407314403011696e-06, 0.0]","[-31.96722412109375, -50.252899169921875, -4.223066329956055]","[-31.180816650390625, -50.54315185546875, -4.243594646453857]","[623.9747924804688, 1671.91650390625, 0.9548789262771606]","[-31.96722412109375, -50.252899169921875, -4.223066329956055]",pedestrian,0.041099194437265396,False,False,-1,False,False,False,False,,,False,22.613579591098862,,False,True,,0,0,False,False
b6_50iter,compound,recovery_1_5,fcbccedd61424f1b85dcbf8f897f9754,de7593d76648450e947ba0c203dee1b0,1533151609.947025,13,5,860,propagated,defer,defer,4.0,0.3747227191925049,0.0,0.0,0.0,0.9997308850288391,0.0,0.6776686906814575,"[0.0, 0.0, 0.0, 0.0, 0.0, 0.0]","[0.0, 0.0, 0.0, 0.9999518394470215, 5.1976569875119705e-24, 0.0]","[-12.1917724609375, -39.6812744140625, -2.9221954345703125]","[-12.136367797851562, -39.88568878173828, -2.83229398727417]","[620.009033203125, 1650.417236328125, 1.5216585397720337]","[-12.209656715393066, -39.88771057128906, -2.9221954345703125]",pedestrian,0.10555268824100494,False,True,102,False,False,False,False,,,False,4.089156019937442,,False,True,,0,0,False,False
b6_50iter,compound,recovery_1_5,fcbccedd61424f1b85dcbf8f897f9754,de7593d76648450e947ba0c203dee1b0,1533151609.947025,13,5,874,propagated,keep,recover,1.0,0.41783952713012695,0.1456446647644043,0.0334271602332592,0.0,0.9762985706329346,0.00013704641605727375,0.7651439309120178,"[0.0, 0.0, 0.0, 0.0, 1.0, 0.0]","[0.0, 0.0, 0.0, 0.9999724626541138, 0.0001370426471112296, 0.0]","[-32.35101318359375, -46.663330078125, -4.194267272949219]","[-31.457368850708008, -47.295989990234375, -4.216223239898682]","[626.6436767578125, 1670.0533447265625, 0.7902923822402954]","[-32.35101318359375, -46.663330078125, -4.194267272949219]",pedestrian,0.05325549095869064,True,False,-1,False,False,False,False,,,False,22.048042055899494,,False,True,,0,0,False,False
b6_50iter,compound,recovery_1_5,fcbccedd61424f1b85dcbf8f897f9754,de7593d76648450e947ba0c203dee1b0,1533151609.947025,13,5,877,propagated,defer,defer,3.0,0.432351291179657,0.0,0.0,0.0,0.9039503335952759,0.0,0.7466303706169128,"[0.0, 0.0, 0.0, 0.0, 0.0, 0.0]","[0.0, 0.0, 0.0, 0.999943733215332, 0.0, 0.0]","[-6.16827392578125, -35.941741943359375, -3.2329769134521484]","[-4.590694427490234, -39.398040771484375, -2.725259780883789]","[615.5551147460938, 1644.305908203125, 1.5190402269363403]","[-6.639956474304199, -40.167320251464844, -3.2329769134521484]",bicycle,0.0014441217062994838,False,False,-1,False,False,False,False,,,False,2.2425085219039254,,False,True,,0,0,False,False
b6_50iter,compound,recovery_1_5,fcbccedd61424f1b85dcbf8f897f9754,de7593d76648450e947ba0c203dee1b0,1533151609.947025,13,5,891,propagated,defer,defer,1.0,0.3661428689956665,0.0,0.0,0.0,0.9662642478942871,0.0,0.7094406485557556,"[0.0, 0.0, 0.0, 0.0, 0.0, 0.0]","[0.0, 0.0, 0.0, 0.9999798536300659, 1.4661735825427513e-08, 0.0]","[-19.68182373046875, -32.23968505859375, -2.985382080078125]","[-18.416393280029297, -32.57365036010742, -2.9301583766937256]","[629.6355590820312, 1650.573974609375, 1.0519582033157349]","[-19.68182373046875, -32.23968505859375, -2.985382080078125]",pedestrian,0.03856080025434494,False,False,-1,False,False,False,False,,,False,6.461645433157218,,False,True,,0,0,False,False
b6_50iter,compound,recovery_1_5,fcbccedd61424f1b85dcbf8f897f9754,de7593d76648450e947ba0c203dee1b0,1533151609.947025,13,5,899,propagated,defer,defer,7.0,0.3394990861415863,0.0,0.0,0.0,0.9899365901947021,0.0,0.7735364437103271,"[0.0, 0.0, 0.0, 0.0, 0.0, 0.0]","[0.0, 0.0, 0.0, 0.9999103546142578, 0.0, 6.051523912518847e-22]","[10.66497802734375, -42.134429931640625, -2.5771007537841797]","[11.299358367919922, -41.86714553833008, -2.5736865997314453]","[603.4913330078125, 1633.6728515625, 1.6496180295944214]","[10.607245445251465, -41.703773498535156, -2.5771007537841797]",pedestrian,0.07133234292268753,False,True,193,False,False,False,False,,,False,3.5269077567090625,,False,True,,0,0,False,False
b6_50iter,compound,recovery_1_5,325cef682f064c55a255f2625c533b75,61a7bd24f88a46c2963280d8b13ac675,1538984239.948316,53,5,733,propagated,defer,defer,4.0,0.3364669978618622,0.0,0.0,0.0,0.9886643290519714,0.0,0.6825840473175049,"[0.0, 0.0, 0.0, 0.0, 0.0, 0.0]","[0.0, 0.0, 0.0, 0.9999973773956299, 0.0, 0.0]","[4.259033203125, -42.2552490234375, -4.093994140625]","[4.993255615234375, -42.082550048828125, -4.1273298263549805]","[732.9508056640625, 1815.0115966796875, 0.3901005983352661]","[4.259032249450684, -42.2552490234375, -4.093994140625]",car,0.0020431906450539827,False,False,-1,False,False,False,False,,,False,7.280613997521232,,False,True,,0,0,False,False
b6_50iter,compound,recovery_1_5,325cef682f064c55a255f2625c533b75,61a7bd24f88a46c2963280d8b13ac675,1538984239.948316,53,5,827,propagated,defer,defer,1.0,0.3193347752094269,0.0,0.0,0.0,0.9845128655433655,0.0,0.7873271107673645,"[0.0, 0.0, 0.0, 0.0, 0.0, 0.0]","[0.0, 0.0, 0.0, 0.9999957084655762, 4.6229601364470435e-15, 0.0]","[-12.05352783203125, -27.33160400390625, -2.7517547607421875]","[-12.08218765258789, -26.47719383239746, -2.529097080230713]","[730.329833984375, 1791.9857177734375, 1.1583726406097412]","[-12.053528785705566, -27.33160400390625, -2.7517547607421875]",pedestrian,0.10629250854253769,False,True,67,False,False,False,False,,,False,3.4551982819745657,,False,True,,0,0,False,False
b6_50iter,compound,recovery_1_5,325cef682f064c55a255f2625c533b75,61a7bd24f88a46c2963280d8b13ac675,1538984239.948316,53,5,848,propagated,defer,defer,4.0,0.3194518983364105,0.0,0.0,0.0,0.9898676872253418,0.0,0.6845318078994751,"[0.0, 0.0, 0.0, 0.0, 0.0, 0.0]","[0.0, 0.0, 0.0, 0.9999973773956299, 0.0, 0.0]","[3.4503173828125, -41.6702880859375, -4.012596130371094]","[3.6458206176757812, -40.98401641845703, -4.015484809875488]","[732.8519897460938, 1813.273193359375, 0.44522345066070557]","[3.4503164291381836, -41.6702880859375, -4.012596130371094]",bicycle,0.0018976767314597964,False,False,-1,False,False,False,False,,,False,6.743382153819652,,False,True,,0,0,False,False
