candidate,protocol,phase,scene_token,sample_token,timestamp,batch_index,decoder_layer,query_index,query_source,action,previous_action,gap_age,base_positive_evidence,lost_strength,restoration_budget,actual_bonus,motion_gate,source_gate,reliability_gate,previous_source_vector,current_source_vector,previous_center,current_center,current_center_global,velocity_extrapolated_center,predicted_class,predicted_score,write_mask,memory_write,memory_slot,future_1_exists,future_3_exists,future_5_exists,gt_matched,gt_token,gt_class,class_correct,center_distance,velocity_error,tp,fp,first_correct_recovery_frame,false_recovery_duration,memory_pollution_duration,b0_already_matched_gt,improved_gt_match_vs_b0
b0,camera_crash_5,recovery_1_5,fcbccedd61424f1b85dcbf8f897f9754,fa65a298c01f44e7a182bbf9e5fe3697,1533151607.548824,8,5,655,propagated,keep,recover,1.0,0.4015122950077057,0.13503074645996094,0.03212098404765129,0.0,0.9031639695167542,0.0,0.7249476909637451,"[0.0, 0.0, 0.0, 0.0, 1.0, 0.0]","[0.0, 0.0, 0.0, 0.9998990297317505, 0.0, 0.0]","[-4.4727783203125, -17.782318115234375, -1.609182357788086]","[-2.9776039123535156, -20.643585205078125, -1.2705936431884766]","[615.0804443359375, 1642.7197265625, 1.624693751335144]","[-4.49532413482666, -22.27895736694336, -1.609182357788086]",barrier,0.0002472710039000958,True,False,-1,False,False,False,False,,,False,2.1051207313802487,,False,True,,0,0,False,False
b0,camera_crash_5,recovery_1_5,fcbccedd61424f1b85dcbf8f897f9754,fa65a298c01f44e7a182bbf9e5fe3697,1533151607.548824,8,5,666,propagated,keep,recover,2.0,0.5851492285728455,1.317805290222168,0.046543899923563004,0.0,0.9951590299606323,3.384188463940796e-19,0.6931020021438599,"[0.20396476984024048, 0.4038509726524353, 0.0, 0.0, 0.0, 0.392184317111969]","[0.0, 0.0, 0.0, 0.9997053742408752, 0.0, 5.165168034867933e-19]","[6.65521240234375, -20.262725830078125, -1.3687705993652344]","[6.645153045654297, -20.79389762878418, -0.877357006072998]","[608.8405151367188, 1635.3909912109375, 1.9832183122634888]","[6.664652347564697, -20.821630477905273, -1.3687705993652344]",pedestrian,0.35271066427230835,True,True,10,True,True,False,True,aa0ab0cab40d4467aa12cd5c491829d3,pedestrian,True,0.4852452321918947,0.21845351947790434,True,False,8,0,0,True,False
b0,camera_crash_5,recovery_1_5,fcbccedd61424f1b85dcbf8f897f9754,fa65a298c01f44e7a182bbf9e5fe3697,1533151607.548824,8,5,678,propagated,keep,recover,2.0,0.55060213804245,1.2053070068359375,0.04404817149043083,0.0,0.9958512187004089,5.138767870915836e-21,0.7043511271476746,"[0.008604797534644604, 0.0, 0.39559340476989746, 0.0, 0.595801830291748, 0.0]","[0.0, 0.0, 0.0, 0.9998936653137207, 6.16813961717231e-21, 0.0]","[-9.171875, -26.2147216796875, -1.8539409637451172]","[-9.393226623535156, -26.95560073852539, -1.499464511871338]","[614.3092041015625, 1651.6888427734375, 1.7434747219085693]","[-9.124968528747559, -26.85434341430664, -1.8539409637451172]",pedestrian,0.3248395621776581,True,True,15,True,False,False,True,101185cd967c4b039511966867bd0c55,pedestrian,True,0.4441355587010656,0.06498688783990643,True,False,8,0,0,True,False
b0,camera_crash_5,recovery_1_5,fcbccedd61424f1b85dcbf8f897f9754,fa65a298c01f44e7a182bbf9e5fe3697,1533151607.548824,8,5,687,propagated,keep,recover,1.0,0.5034345388412476,0.7848596572875977,0.040274761617183685,0.0,0.9989520907402039,2.5649616233595386e-14,0.6986775398254395,"[0.07971716672182083, 0.0, 0.40981531143188477, 0.0, 0.5104674696922302, 0.0]","[0.0, 0.0, 0.0, 0.999923586845398, 3.3133289541924585e-14, 0.0]","[-10.1826171875, -21.864501953125, -1.6494560241699219]","[-10.273380279541016, -22.536624908447266, -1.4404575824737549]","[618.2720947265625, 1649.5499267578125, 1.5825656652450562]","[-10.186758995056152, -22.501401901245117, -1.6494560241699219]",pedestrian,0.29446128010749817,True,True,19,True,True,False,True,09ed64da038c4baba2468c94874e1e19,pedestrian,True,0.4004001668761195,0.028413828529353837,True,False,8,0,0,True,False
b0,camera_crash_5,recovery_1_5,fcbccedd61424f1b85dcbf8f897f9754,fa65a298c01f44e7a182bbf9e5fe3697,1533151607.548824,8,5,716,propagated,defer,defer,1.0,0.641356348991394,0.0,0.0,0.0,0.9784666299819946,0.0,0.706510066986084,"[0.0, 0.0, 0.0, 0.0, 0.0, 0.0]","[0.0, 0.0, 0.0, 0.9997274279594421, 0.0, 4.3641810011401924e-20]","[9.31463623046875, -29.72857666015625, -1.8851509094238281]","[8.682231903076172, -29.0944881439209, -1.1541647911071777]","[601.145751953125, 1639.1190185546875, 2.118046283721924]","[9.284383773803711, -29.53209686279297, -1.8851509094238281]",pedestrian,0.43081265687942505,False,True,4,True,True,False,True,9e8c9ceb4d984442b41fcc25342df4b4,pedestrian,True,1.1825643528325616,0.20665572456552897,True,False,8,0,0,True,False
b0,camera_crash_5,recovery_1_5,fcbccedd61424f1b85dcbf8f897f9754,fa65a298c01f44e7a182bbf9e5fe3697,1533151607.548824,8,5,741,propagated,keep,recover,2.0,0.5837610960006714,0.878535270690918,0.046543899923563004,0.0,0.9931914806365967,7.202864606842274e-13,0.7023642063140869,"[0.0, 0.21097926795482635, 0.0, 0.0, 0.0, 0.7890207171440125]","[0.0, 0.0, 0.0, 0.9998669624328613, 0.0, 7.454928059417998e-13]","[9.977294921875, -22.687835693359375, -1.760812759399414]","[9.625144958496094, -22.915246963500977, -1.353546380996704]","[605.2904663085938, 1634.4642333984375, 1.6020662784576416]","[9.977294921875, -22.687835693359375, -1.760812759399414]",traffic_cone,0.1287114918231964,True,True,92,False,False,False,False,,,False,3.4182350206919074,,False,True,,1,1,False,False
b0,camera_crash_5,recovery_1_5,fcbccedd61424f1b85dcbf8f897f9754,fa65a298c01f44e7a182bbf9e5fe3697,1533151607.548824,8,5,794,propagated,defer,defer,2.0,0.4808596670627594,0.0,0.0,0.0,0.9921633005142212,0.0,0.751109778881073,"[0.0, 0.0, 0.0, 0.0, 0.0, 0.0]","[0.0, 0.0, 0.0, 0.9997352957725525, 0.0, 7.921597134762787e-14]","[10.986328125, -27.05694580078125, -1.5927963256835938]","[10.62628173828125, -26.645729064941406, -1.1220324039459229]","[601.79052734375, 1636.06103515625, 2.017747402191162]","[10.978666305541992, -26.427589416503906, -1.5927963256835938]",pedestrian,0.14329835772514343,False,True,81,False,False,False,False,,,False,2.661060885650657,,False,True,,0,0,False,False
b0,camera_crash_5,recovery_1_5,325cef682f064c55a255f2625c533b75,5b7cb170eee6468aa1fdbd3abcf63c5a,1538984237.446737,48,5,741,propagated,keep,recover,1.0,0.4297291338443756,0.6273064613342285,0.034378331154584885,0.0,0.9709782004356384,9.537357570366112e-10,0.6924658417701721,"[0.0, 0.0, 0.20080828666687012, 0.0, 0.7991917133331299, 0.0]","[0.0, 0.0, 0.0, 0.9999885559082031, 9.833701630768132e-10, 0.0]","[-14.5728759765625, -26.90325927734375, -1.9712677001953125]","[-14.519725799560547, -25.691238403320312, -1.944026231765747]","[737.1028442382812, 1805.5615234375, 1.0035098791122437]","[-14.572876930236816, -26.90325927734375, -1.9712677001953125]",bicycle,0.09989484399557114,True,True,104,False,False,False,True,4568d80512604a31a3adc93ff236bf5a,bicycle,True,1.038644462150776,2.221219448701909e-06,True,False,8,0,0,True,False
b0,camera_crash_5,recovery_1_5,325cef682f064c55a255f2625c533b75,5b7cb170eee6468aa1fdbd3abcf63c5a,1538984237.446737,48,5,845,propagated,defer,defer,4.0,0.4021035432815552,0.0,0.0,0.0,0.9051268696784973,0.0,0.707398533821106,"[0.0, 0.0, 0.0, 0.0, 0.0, 0.0]","[0.0, 0.0, 0.0, 0.9999837875366211, 0.0, 0.0]","[-3.741241455078125, -28.6231689453125, -2.0000572204589844]","[-3.021137237548828, -26.933744430541992, -1.701688289642334]","[728.7748413085938, 1813.5870361328125, 1.2373195886611938]","[-4.348969459533691, -28.703447341918945, -2.0000572204589844]",pedestrian,0.04718000069260597,False,True,214,False,False,False,False,,,False,5.249272978969507,,False,True,,0,0,False,False
b0,camera_crash_5,recovery_1_5,325cef682f064c55a255f2625c533b75,5b7cb170eee6468aa1fdbd3abcf63c5a,1538984237.446737,48,5,847,propagated,defer,defer,4.0,0.3730085790157318,0.0,0.0,0.0,0.9512810111045837,0.0,0.7337639927864075,"[0.0, 0.0, 0.0, 0.0, 0.0, 0.0]","[0.0, 0.0, 0.0, 0.9999858140945435, 0.0, 0.0]","[-0.79913330078125, -25.07421875, -1.8847236633300781]","[-2.1892127990722656, -23.832046508789062, -1.5966169834136963]","[726.2145385742188, 1811.6458740234375, 1.2116243839263916]","[-1.3860554695129395, -25.162166595458984, -1.8847236633300781]",pedestrian,0.07686594128608704,False,True,148,False,False,False,False,,,False,2.0540606791684795,,False,True,,0,0,False,False
b0,camera_crash_5,recovery_1_5,325cef682f064c55a255f2625c533b75,5b7cb170eee6468aa1fdbd3abcf63c5a,1538984237.446737,48,5,857,propagated,defer,defer,4.0,0.47944310307502747,0.0,0.0,0.0,0.9747893810272217,0.0,0.7727953791618347,"[0.0, 0.0, 0.0, 0.0, 0.0, 0.0]","[0.0, 0.0, 0.0, 0.9999847412109375, 0.0, 0.0]","[-2.81610107421875, -24.1109619140625, -1.7810249328613281]","[-2.7449188232421875, -23.09027099609375, -1.522465705871582]","[726.1968994140625, 1810.7174072265625, 1.258331060409546]","[-3.4013524055480957, -23.972843170166016, -1.7810249328613281]",pedestrian,0.07758716493844986,False,True,145,False,False,False,True,1549e245295746028d52a8225503af6c,pedestrian,True,1.5001631155367126,0.9544048270176337,True,False,,0,0,False,False
b0,camera_crash_5,recovery_1_5,325cef682f064c55a255f2625c533b75,5b7cb170eee6468aa1fdbd3abcf63c5a,1538984237.446737,48,5,863,propagated,defer,defer,3.0,0.45389285683631897,0.0,0.0,0.0,0.9986007809638977,0.0,0.7944150567054749,"[0.0, 0.0, 0.0, 0.0, 0.0, 0.0]","[0.0, 0.0, 0.0, 0.9999858140945435, 2.469493343436282e-31, 0.0]","[-5.22808837890625, -23.45391845703125, -1.6957435607910156]","[-5.6976165771484375, -23.041431427001953, -1.5841505527496338]","[728.5009765625, 1808.869873046875, 1.2098486423492432]","[-5.8377861976623535, -23.236135482788086, -1.6957435607910156]",pedestrian,0.017517639324069023,False,False,-1,False,False,False,False,,,False,3.9069552654661805,,False,True,,0,0,False,False
b0,camera_crash_10,recovery_1_5,fcbccedd61424f1b85dcbf8f897f9754,de7593d76648450e947ba0c203dee1b0,1533151609.947025,13,5,658,propagated,keep,recover,2.0,0.5440827012062073,1.9921531677246094,0.04352661594748497,0.0,0.976920485496521,1.953228724593803e-11,0.6942459940910339,"[0.23017063736915588, 0.0, 0.34321922063827515, 0.0, 0.42661014199256897, 0.0]","[0.0, 0.0, 0.0, 0.9999736547470093, 2.7193108875778194e-11, 0.0]","[-13.6055908203125, -23.95159912109375, -2.1490001678466797]","[-12.829414367675781, -25.14712905883789, -2.173044443130493]","[631.7838745117188, 1641.5040283203125, 1.3026599884033203]","[-13.655277252197266, -24.4507999420166, -2.1490001678466797]",pedestrian,0.33945488929748535,True,True,8,True,True,True,True,84b1b1dde33e44bea0d99dc3094fd49a,pedestrian,True,0.47077143715558234,0.20862122242632514,True,False,13,0,0,True,False
b0,camera_crash_10,recovery_1_5,fcbccedd61424f1b85dcbf8f897f9754,de7593d76648450e947ba0c203dee1b0,1533151609.947025,13,5,659,propagated,keep,recover,2.0,0.5890506505966187,1.9411115646362305,0.046543899923563004,0.0,0.9610914587974548,8.391302622053157e-17,0.7235383987426758,"[0.41910845041275024, 0.32653573155403137, 0.0, 0.0, 0.0, 0.254355788230896]","[0.0, 0.0, 0.0, 0.9999749660491943, 0.0, 1.943235988415622e-16]","[5.15399169921875, -16.7901611328125, -1.7321414947509766]","[6.436073303222656, -17.606483459472656, -1.7366130352020264]","[625.24755859375, 1621.8714599609375, 1.0810580253601074]","[5.077643871307373, -17.233739852905273, -1.7321414947509766]",pedestrian,0.3743371367454529,True,True,3,True,True,True,True,0e9b314c6a1f41189116b67fb257d8ba,pedestrian,True,0.7193652802322048,0.0996080314334969,True,False,13,0,0,True,False
b0,camera_crash_10,recovery_1_5,fcbccedd61424f1b85dcbf8f897f9754,de7593d76648450e947ba0c203dee1b0,1533151609.947025,13,5,667,propagated,defer,defer,2.0,0.534895122051239,0.0,0.0,0.0,0.955470621585846,0.0,0.7478633522987366,"[0.0, 0.0, 0.0, 0.0, 0.0, 0.0]","[0.0, 0.0, 0.0, 0.9999524354934692, 7.811714324349948e-31, 0.0]","[-11.931640625, -44.655426025390625, -3.388721466064453]","[-10.52054214477539, -45.53394317626953, -3.2358272075653076]","[614.6259765625, 1652.80322265625, 1.4406269788742065]","[-11.981163024902344, -45.18641662597656, -3.388721466064453]",pedestrian,0.3019450008869171,False,True,12,False,False,False,False,,,False,2.4103093833702816,,False,True,,0,0,False,False
b0,camera_crash_10,recovery_1_5,fcbccedd61424f1b85dcbf8f897f9754,de7593d76648450e947ba0c203dee1b0,1533151609.947025,13,5,681,propagated,keep,recover,3.0,0.5915164351463318,1.9950227737426758,0.046543899923563004,0.0,0.977692723274231,1.4063318454462403e-21,0.7068014740943909,"[0.18184323608875275, 0.4739407002925873, 0.0, 0.0, 0.0, 0.34421607851982117]","[0.0, 0.0, 0.0, 0.9999630451202393, 0.0, 2.5057259653631053e-21]","[5.73236083984375, -22.15936279296875, -2.0272884368896484]","[6.631996154785156, -23.08465003967285, -1.9889321327209473]","[620.9102172851562, 1625.232177734375, 1.1558433771133423]","[5.668137073516846, -22.640243530273438, -2.0272884368896484]",pedestrian,0.312902569770813,True,True,11,True,True,True,True,b73d145dba9145689b3ff2621c381fe4,pedestrian,True,1.314828751657414,0.5753393790989033,True,False,13,0,0,True,False
b0,camera_crash_10,recovery_1_5,fcbccedd61424f1b85dcbf8f897f9754,de7593d76648450e947ba0c203dee1b0,1533151609.947025,13,5,682,propagated,keep,recover,3.0,0.4761214256286621,2.669370651245117,0.03808971494436264,0.0,0.9746090769767761,6.408318051154974e-21,0.7722983360290527,"[0.3410067856311798, 0.0, 0.276559978723526, 0.0, 0.3824332058429718, 0.0]","[0.0, 0.0, 0.0, 0.9999747276306152, 9.756500813215629e-21, 0.0]","[-9.251220703125, -22.926300048828125, -2.121255874633789]","[-8.122077941894531, -22.851795196533203, -2.047564744949341]","[630.534912109375, 1636.4168701171875, 1.240147352218628]","[-9.251220703125, -22.926298141479492, -2.121255874633789]",pedestrian,0.2874099910259247,True,True,14,True,True,True,True,e833662c5eb64d2580f877fee97117c5,pedestrian,True,0.2475543287605151,0.27003928270557304,True,False,13,0,0,True,False
b0,camera_crash_10,recovery_1_5,fcbccedd61424f1b85dcbf8f897f9754,de7593d76648450e947ba0c203dee1b0,1533151609.947025,13,5,683,propagated,defer,defer,2.0,0.5273871421813965,0.0,0.0,0.0,0.9707397818565369,0.0,0.7481333613395691,"[0.0, 0.0, 0.0, 0.0, 0.0, 0.0]","[0.0, 0.0, 0.0, 0.9999514818191528, 4.090590301799001e-33, 0.0]","[-11.0977783203125, -47.20965576171875, -3.569620132446289]","[-9.995899200439453, -47.532264709472656, -3.3549442291259766]","[612.7525634765625, 1653.6822509765625, 1.4360653162002563]","[-11.171854019165039, -47.7686653137207, -3.569620132446289]",pedestrian,0.24499496817588806,False,True,19,False,False,False,True,7a0cca0f12d547518dd80d8df2c501bb,pedestrian,True,1.9457123523865258,0.5440959197762528,True,False,,0,0,False,False
b0,camera_crash_10,recovery_1_5,fcbccedd61424f1b85dcbf8f897f9754,de7593d76648450e947ba0c203dee1b0,1533151609.947025,13,5,690,propagated,keep,recover,1.0,0.5253984928131104,1.0221986770629883,0.04203187674283981,0.0,0.9897956252098083,1.953383446107182e-07,0.7390179634094238,"[0.15055231750011444, 0.4256480932235718, 0.0, 0.0, 0.0, 0.4237995445728302]","[0.0, 0.0, 0.0, 0.9999769926071167, 0.0, 2.854108629435359e-07]","[7.45794677734375, -14.875244140625, -1.57391357421875]","[8.152641296386719, -14.669612884521484, -1.535341739654541]","[626.4088745117188, 1618.667724609375, 1.0874851942062378]","[7.463813781738281, -14.4776029586792, -1.57391357421875]",pedestrian,0.2959153354167938,True,True,13,True,True,True,True,16a95164fcdd44e99cf99a93dd13b017,pedestrian,True,0.975305823323693,0.6557175803891295,True,False,13,0,0,True,False
b0,camera_crash_10,recovery_1_5,fcbccedd61424f1b85dcbf8f897f9754,de7593d76648450e947ba0c203dee1b0,1533151609.947025,13,5,693,propagated,keep,recover,3.0,0.49671611189842224,1.0786371231079102,0.039737287908792496,0.0,0.9638314843177795,8.393153004403923e-19,0.7222948670387268,"[5.221805597542596e-26, 0.4612205922603607, 0.0, 0.0, 0.0, 0.5387794375419617]","[0.0, 0.0, 0.0, 0.9999743700027466, 0.0, 1.1048169609163979e-18]","[5.02716064453125, -18.192474365234375, -1.8755226135253906]","[6.231170654296875, -18.94432830810547, -1.833193063735962]","[624.3488159179688, 1622.887939453125, 1.0671125650405884]","[5.003745079040527, -18.366769790649414, -1.8755226135253906]",pedestrian,0.227501779794693,True,True,23,True,True,True,True,ebc5a02f9ea64bbd9f3ccc3b84563d35,pedestrian,True,0.40799187799892955,0.19080316898601088,True,False,13,0,0,True,False
b0,camera_crash_10,recovery_1_5,fcbccedd61424f1b85dcbf8f897f9754,de7593d76648450e947ba0c203dee1b0,1533151609.947025,13,5,694,propagated,keep,recover,2.0,0.4878411293029785,1.6342277526855469,0.03902728855609894,0.0,0.9747411608695984,1.5685068051606812e-18,0.7198097705841064,"[0.3486437201499939, 0.3883531391620636, 0.0, 0.0, 0.0, 0.2630031406879425]","[0.0, 0.0, 0.0, 0.9999741315841675, 0.0, 3.485265126807466e-18]","[5.347412109375, -18.576141357421875, -1.892740249633789]","[6.411731719970703, -19.05837631225586, -1.8416941165924072]","[624.1453247070312, 1622.822509765625, 1.063551902770996]","[5.325617790222168, -18.747060775756836, -1.892740249633789]",pedestrian,0.2433478981256485,True,True,20,True,True,True,True,ebc5a02f9ea64bbd9f3ccc3b84563d35,pedestrian,True,0.3384747195929408,0.18546613869559753,True,False,13,0,0,True,False
b0,camera_crash_10,recovery_1_5,fcbccedd61424f1b85dcbf8f897f9754,de7593d76648450e947ba0c203dee1b0,1533151609.947025,13,5,703,propagated,keep,recover,2.0,0.5166116952896118,1.9854469299316406,0.04132893308997154,0.0,0.9527231454849243,1.3798062692416124e-10,0.6810864210128784,"[0.25070706009864807, 0.0, 0.33573296666145325, 0.0, 0.4135599732398987, 0.0]","[0.0, 0.0, 0.0, 0.9999754428863525, 1.964195889270215e-10, 0.0]","[-14.6937255859375, -24.20526123046875, -2.2002830505371094]","[-13.283245086669922, -25.145614624023438, -2.2091140747070312]","[632.0742797851562, 1641.853271484375, 1.2713898420333862]","[-14.775740623474121, -24.705244064331055, -2.2002830505371094]",pedestrian,0.1816839724779129,True,True,38,True,True,True,True,84b1b1dde33e44bea0d99dc3094fd49a,pedestrian,True,0.5847274928124733,0.2183971135046965,True,False,13,0,0,True,False
b0,camera_crash_10,recovery_1_5,fcbccedd61424f1b85dcbf8f897f9754,de7593d76648450e947ba0c203dee1b0,1533151609.947025,13,5,707,propagated,defer,defer,5.0,0.5479990243911743,0.0,0.0,0.0,0.9726881980895996,0.0,0.7533442974090576,"[0.0, 0.0, 0.0, 0.0, 0.0, 0.0]","[0.0, 0.0, 0.0, 0.9999376535415649, 0.0, 2.4794039614970617e-22]","[9.70806884765625, -40.96099853515625, -2.8972816467285156]","[10.882118225097656, -41.02931213378906, -2.858245372772217]","[604.3899536132812, 1633.471435546875, 1.3197482824325562]","[9.708067893981934, -40.96099853515625, -2.8972816467285156]",traffic_cone,0.17872510850429535,False,True,39,False,False,False,False,,,False,3.4755792212663676,,False,True,,0,0,False,False
b0,camera_crash_10,recovery_1_5,fcbccedd61424f1b85dcbf8f897f9754,de7593d76648450e947ba0c203dee1b0,1533151609.947025,13,5,708,propagated,keep,recover,2.0,0.5413123369216919,1.9889516830444336,0.043304987251758575,0.0,0.9617531299591064,1.0453614970179492e-12,0.6770651340484619,"[0.3229507803916931, 0.43496865034103394, 0.0, 0.0, 0.0, 0.24208059906959534]","[0.0, 0.0, 0.0, 0.9999722242355347, 0.0, 2.5622778638406674e-12]","[7.010009765625, -15.898651123046875, -1.6206436157226562]","[7.557994842529297, -17.198444366455078, -1.6725525856018066]","[624.8446044921875, 1620.7462158203125, 1.1085917949676514]","[7.009067535400391, -15.915533065795898, -1.6206436157226562]",pedestrian,0.26828712224960327,True,True,16,True,True,True,True,bff8170575c24b5d8714061f5349892b,pedestrian,True,0.28334485096307344,0.306969099375548,True,False,13,0,0,True,False
b0,camera_crash_10,recovery_1_5,fcbccedd61424f1b85dcbf8f897f9754,de7593d76648450e947ba0c203dee1b0,1533151609.947025,13,5,710,propagated,defer,defer,2.0,0.41833654046058655,0.0,0.0,0.0,0.9809073805809021,0.0,0.7290025353431702,"[0.0, 0.0, 0.0, 0.0, 0.0, 0.0]","[0.0, 0.0, 0.0, 0.9999170303344727, 0.0, 1.1970251755496889e-31]","[5.925537109375, -39.5775146484375, -2.454214096069336]","[6.656669616699219, -40.495361328125, -2.5323004722595215]","[607.518310546875, 1636.3602294921875, 1.6579536199569702]","[5.94167423248291, -39.82712173461914, -2.454214096069336]",pedestrian,0.1589176505804062,False,True,50,False,False,False,False,,,False,2.2143631179747394,,False,True,,0,0,False,False
b0,camera_crash_10,recovery_1_5,fcbccedd61424f1b85dcbf8f897f9754,de7593d76648450e947ba0c203dee1b0,1533151609.947025,13,5,730,propagated,keep,recover,2.0,0.4422834515571594,2.0182390213012695,0.035382676869630814,0.0,0.96388179063797,1.4416945859352381e-08,0.6944387555122375,"[0.0816095843911171, 0.0, 0.36025869846343994, 0.0, 0.558131754398346, 0.0]","[0.0, 0.0, 0.0, 0.999981164932251, 1.7288080300659203e-08, 0.0]","[-16.67626953125, -26.497406005859375, -2.483427047729492]","[-15.521926879882812, -27.207881927490234, -2.5287296772003174]","[631.9134521484375, 1644.90478515625, 1.099906325340271]","[-16.67626953125, -26.497406005859375, -2.483427047729492]",pedestrian,0.11788327991962433,True,True,86,True,False,False,True,c97be344ac4143ffa69b0b5ed22f31c2,pedestrian,True,0.35226026395940396,1.004391806823399e-07,True,False,13,0,0,True,False
b0,camera_crash_10,recovery_1_5,fcbccedd61424f1b85dcbf8f897f9754,de7593d76648450e947ba0c203dee1b0,1533151609.947025,13,5,732,propagated,defer,defer,1.0,0.35143932700157166,0.0,0.0,0.0,0.9199654459953308,0.0,0.7748769521713257,"[0.0, 0.0, 0.0, 0.0, 0.0, 0.0]","[0.0, 0.0, 0.0, 0.9999788999557495, 1.4643947165993154e-10, 0.0]","[-13.349609375, -21.133880615234375, -2.0805606842041016]","[-11.941108703613281, -22.612751007080078, -2.0852510929107666]","[633.1624145507812, 1639.1988525390625, 1.2287741899490356]","[-13.349610328674316, -21.133880615234375, -2.0805606842041016]",pedestrian,0.11187536269426346,False,True,91,False,False,False,False,,,False,2.05467598172712,,False,True,,0,0,False,False
b0,camera_crash_10,recovery_1_5,fcbccedd61424f1b85dcbf8f897f9754,de7593d76648450e947ba0c203dee1b0,1533151609.947025,13,5,734,propagated,defer,defer,2.0,0.42078354954719543,0.0,0.0,0.0,0.9940556287765503,0.0,0.7299429178237915,"[0.0, 0.0, 0.0, 0.0, 0.0, 0.0]","[0.0, 0.0, 0.0, 0.9999520778656006, 2.6172018683862482e-36, 0.0]","[-8.92047119140625, -46.696319580078125, -3.56744384765625]","[-8.770805358886719, -47.691707611083984, -3.3883614540100098]","[611.8443603515625, 1652.8448486328125, 1.3992575407028198]","[-9.008386611938477, -47.2338981628418, -3.56744384765625]",pedestrian,0.1695679873228073,False,True,45,False,False,False,True,7a0cca0f12d547518dd80d8df2c501bb,pedestrian,True,0.8534332092255661,0.5693066530647503,True,False,,0,0,False,False
b0,camera_crash_10,recovery_1_5,fcbccedd61424f1b85dcbf8f897f9754,de7593d76648450e947ba0c203dee1b0,1533151609.947025,13,5,753,propagated,defer,defer,1.0,0.3289138972759247,0.0,0.0,0.0,0.9893819093704224,0.0,0.754801869392395,"[0.0, 0.0, 0.0, 0.0, 0.0, 0.0]","[0.0, 0.0, 0.0, 0.9999734163284302, 7.775732228765264e-05, 0.0]","[-32.4794921875, -48.074951171875, -4.18267822265625]","[-31.804555892944336, -48.35363006591797, -4.2060394287109375]","[626.05517578125, 1670.9951171875, 0.8676110506057739]","[-32.4794921875, -48.074951171875, -4.18267822265625]",pedestrian,0.08882606029510498,False,True,125,False,False,False,False,,,False,22.606385854359715,,False,True,,0,0,False,False
b0,camera_crash_10,recovery_1_5,fcbccedd61424f1b85dcbf8f897f9754,de7593d76648450e947ba0c203dee1b0,1533151609.947025,13,5,769,propagated,keep,recover,1.0,0.47571316361427307,0.9273233413696289,0.038057051599025726,0.0,0.9912025928497314,2.7964244509348646e-05,0.6734443306922913,"[0.02162541076540947, 0.0, 0.3686997890472412, 0.0, 0.6096748113632202, 0.0]","[0.0, 0.0, 0.0, 0.9999756813049316, 3.2694402761990204e-05, 0.0]","[-18.08465576171875, -26.366912841796875, -2.5248031616210938]","[-17.502666473388672, -26.67456817626953, -2.6167283058166504]","[633.5875244140625, 1646.08935546875, 1.0011202096939087]","[-18.08465576171875, -26.366912841796875, -2.5248031616210938]",pedestrian,0.11955898255109787,True,True,85,False,False,False,False,,,False,2.145339593556357,,False,True,,5,5,False,False
b0,camera_crash_10,recovery_1_5,fcbccedd61424f1b85dcbf8f897f9754,de7593d76648450e947ba0c203dee1b0,1533151609.947025,13,5,780,propagated,keep,recover,1.0,0.3551958203315735,0.36919403076171875,0.02841566503047943,0.0,0.9770292043685913,0.00020848558051511645,0.6860455274581909,"[0.0, 0.0, 0.0, 0.0, 1.0, 0.0]","[0.0, 0.0, 0.0, 0.9999438524246216, 0.00020847388077527285, 0.0]","[-15.84613037109375, -21.257293701171875, -2.169321060180664]","[-14.95621109008789, -21.855361938476562, -2.280200958251953]","[635.6665649414062, 1641.0396728515625, 1.020782709121704]","[-15.84613037109375, -21.257293701171875, -2.169321060180664]",pedestrian,0.10375380516052246,True,True,105,False,False,False,False,,,False,2.9936083265691322,,False,True,,5,5,False,False
b0,camera_crash_10,recovery_1_5,fcbccedd61424f1b85dcbf8f897f9754,de7593d76648450e947ba0c203dee1b0,1533151609.947025,13,5,783,propagated,defer,defer,1.0,0.4584733247756958,0.0,0.0,0.0,0.9736966490745544,0.0,0.7521654367446899,"[0.0, 0.0, 0.0, 0.0, 0.0, 0.0]","[0.0, 0.0, 0.0, 0.9999529123306274, 2.360231848823961e-30, 0.0]","[-11.483154296875, -43.628936767578125, -3.393648147583008]","[-10.542774200439453, -44.700096130371094, -3.1895792484283447]","[615.2816162109375, 1652.285400390625, 1.4369903802871704]","[-11.552715301513672, -44.179378509521484, -3.393648147583008]",pedestrian,0.13608233630657196,False,True,67,False,False,False,True,2f009793dd694578990c045dc8c77e31,pedestrian,True,1.6414775293868098,0.5304325713882441,True,False,,0,0,False,False
b0,camera_crash_10,recovery_1_5,fcbccedd61424f1b85dcbf8f897f9754,de7593d76648450e947ba0c203dee1b0,1533151609.947025,13,5,793,propagated,keep,recover,1.0,0.5489917993545532,0.7778482437133789,0.04391934350132942,0.0,0.9803204536437988,0.00022832756803836673,0.678406834602356,"[0.0, 0.0, 0.15095186233520508, 0.0, 0.8490481376647949, 0.0]","[0.0, 0.0, 0.0, 0.9999592304229736, 0.00023189863713923842, 0.0]","[-20.38836669921875, -28.280242919921875, -2.7093467712402344]","[-19.686017990112305, -28.98333168029785, -2.787844657897949]","[633.2081298828125, 1649.2489013671875, 0.9920631647109985]","[-20.38836669921875, -28.280242919921875, -2.7093467712402344]",pedestrian,0.10531780868768692,True,True,100,False,False,False,False,,,False,4.804352636220617,,False,True,,4,4,False,False
b0,camera_crash_10,recovery_1_5,fcbccedd61424f1b85dcbf8f897f9754,de7593d76648450e947ba0c203dee1b0,1533151609.947025,13,5,819,propagated,defer,defer,1.0,0.41558220982551575,0.0,0.0,0.0,0.9737456440925598,0.0,0.7547460198402405,"[0.0, 0.0, 0.0, 0.0, 0.0, 0.0]","[0.0, 0.0, 0.0, 0.9999525547027588, 2.052002746662258e-35, 0.0]","[-9.8804931640625, -45.540679931640625, -3.591329574584961]","[-8.847858428955078, -46.243125915527344, -3.300858974456787]","[613.00830078125, 1651.974609375, 1.4004942178726196]","[-9.954071998596191, -46.094207763671875, -3.591329574584961]",pedestrian,0.12972122430801392,False,True,75,False,False,False,False,,,False,2.201443134825381,,False,True,,0,0,False,False
b0,camera_crash_10,recovery_1_5,fcbccedd61424f1b85dcbf8f897f9754,de7593d76648450e947ba0c203dee1b0,1533151609.947025,13,5,843,propagated,defer,defer,1.0,0.2420518696308136,0.0,0.0,0.0,0.980634868144989,0.0,0.6722318530082703,"[0.0, 0.0, 0.0, 0.0, 0.0, 0.0]","[0.0, 0.0, 0.0, 0.9999697208404541, 0.0, 3.041325177810528e-11]","[7.52227783203125, -18.076812744140625, -1.6571331024169922]","[8.479534149169922, -18.465225219726562, -1.7456145286560059]","[623.2799072265625, 1620.85107421875, 1.1018850803375244]","[7.516229629516602, -18.260358810424805, -1.6571331024169922]",pedestrian,0.039935968816280365,False,False,-1,True,True,True,True,4eb1a864acc24ef89aa487d5002cc071,pedestrian,True,1.0536504829815383,0.06732543370100319,True,False,13,0,0,True,False
b0,camera_crash_10,recovery_1_5,fcbccedd61424f1b85dcbf8f897f9754,de7593d76648450e947ba0c203dee1b0,1533151609.947025,13,5,848,propagated,keep,recover,1.0,0.4912019371986389,0.6324801445007324,0.03929615393280983,0.0,0.9701224565505981,0.00023911237076390535,0.673323929309845,"[0.0, 0.0, 0.003476035315543413, 0.0, 0.996523916721344, 0.0]","[0.0, 0.0, 0.0, 0.9999570846557617, 0.0002391035814071074, 0.0]","[-19.94085693359375, -27.259552001953125, -2.6177825927734375]","[-18.74658203125, -27.548131942749023, -2.7019011974334717]","[633.7107543945312, 1647.606689453125, 0.9817436933517456]","[-19.94085693359375, -27.259552001953125, -2.6177825927734375]",pedestrian,0.09472967684268951,True,True,112,False,False,False,False,,,False,3.4445528171137325,,False,True,,5,5,False,False
b0,camera_crash_10,recovery_1_5,fcbccedd61424f1b85dcbf8f897f9754,de7593d76648450e947ba0c203dee1b0,1533151609.947025,13,5,852,propagated,keep,recover,1.0,0.4438747763633728,0.6793460845947266,0.03550998121500015,0.0,0.9756314754486084,3.0184348815964768e-06,0.7146987318992615,"[0.0, 0.0, 0.16803978383541107, 0.0, 0.8319602012634277, 0.0]","[0.0, 0.0, 0.0, 0.9999802112579346, 3.0793287351116305e-06, 0.0]","[-19.42803955078125, -29.4344482421875, -2.708852767944336]","[-18.329002380371094, -29.276660919189453, -2.736009359359741]","[632.1161499023438, 1648.3917236328125, 1.046981692314148]","[-19.42803955078125, -29.4344482421875, -2.708852767944336]",pedestrian,0.07480888068675995,True,True,193,False,False,False,False,,,False,3.8081524884405913,,False,True,,4,4,False,False
b0,camera_crash_10,recovery_1_5,fcbccedd61424f1b85dcbf8f897f9754,de7593d76648450e947ba0c203dee1b0,1533151609.947025,13,5,853,propagated,keep,recover,1.0,0.3705194592475891,0.8706579208374023,0.02964155562222004,0.0,0.9787901043891907,1.5893208455963759e-06,0.7165446281433105,"[0.011449511162936687, 0.0, 0.3788008689880371, 0.0, 0.6097496747970581, 0.0]","[0.0, 0.0, 0.0, 0.9999816417694092, 1.8712460132519482e-06, 0.0]","[-17.764404296875, -26.751007080078125, -2.535684585571289]","[-16.74665069580078, -26.935508728027344, -2.580852746963501]","[632.9046630859375, 1645.673828125, 1.044552206993103]","[-17.764404296875, -26.751007080078125, -2.535684585571289]",pedestrian,0.07417334616184235,True,True,194,True,False,False,True,c97be344ac4143ffa69b0b5ed22f31c2,pedestrian,True,1.3794460471356873,2.0960794626528622e-07,True,False,13,0,0,True,False
b0,camera_crash_10,recovery_1_5,fcbccedd61424f1b85dcbf8f897f9754,de7593d76648450e947ba0c203dee1b0,1533151609.947025,13,5,855,propagated,keep,recover,1.0,0.44962969422340393,0.6947793960571289,0.03597037494182587,0.0,0.9800726771354675,1.1158546840306371e-05,0.7089340686798096,"[0.0, 0.0, 0.1706826537847519, 0.0, 0.8293173313140869, 0.0]","[0.0, 0.0, 0.0, 0.9999786615371704, 1.1392180567781907e-05, 0.0]","[-19.7484130859375, -29.05120849609375, -2.684326171875]","[-18.773468017578125, -29.276166915893555, -2.7571537494659424]","[632.4003295898438, 1648.733642578125, 1.0305705070495605]","[-19.7484130859375, -29.05120849609375, -2.684326171875]",pedestrian,0.0774056687951088,True,True,175,False,False,False,False,,,False,4.163656976155736,,False,True,,4,4,False,False
b0,camera_crash_10,recovery_1_5,fcbccedd61424f1b85dcbf8f897f9754,de7593d76648450e947ba0c203dee1b0,1533151609.947025,13,5,876,propagated,defer,defer,2.0,0.3207041919231415,0.0,0.0,0.0,0.9826200008392334,0.0,0.6495104432106018,"[0.0, 0.0, 0.0, 0.0, 0.0, 0.0]","[0.0, 0.0, 0.0, 0.999971866607666, 2.760262504675204e-11, 0.0]","[-14.501220703125, -25.9964599609375, -2.2746238708496094]","[-13.674484252929688, -26.859304428100586, -2.2657885551452637]","[631.0081176757812, 1643.2510986328125, 1.3218085765838623]","[-14.561388969421387, -26.559364318847656, -2.2746238708496094]",pedestrian,0.0754816010594368,False,True,190,True,False,False,True,c97be344ac4143ffa69b0b5ed22f31c2,pedestrian,True,1.6973449013108102,1.4365612608524665,True,False,13,0,0,True,False
b0,camera_crash_10,recovery_1_5,fcbccedd61424f1b85dcbf8f897f9754,de7593d76648450e947ba0c203dee1b0,1533151609.947025,13,5,888,propagated,keep,recover,2.0,0.3822357952594757,0.4603273868560791,0.030578862875699997,0.0,0.9755203723907471,7.611111823993552e-17,0.6909323334693909,"[0.0, 1.1214034831617346e-18, 0.0, 0.0, 0.0, 1.0]","[0.0, 0.0, 0.0, 0.9999758005142212, 0.0, 7.61092785902532e-17]","[5.15399169921875, -16.7901611328125, -1.7321414947509766]","[6.203083038330078, -17.255691528320312, -1.716768741607666]","[625.6666259765625, 1621.825439453125, 1.0822923183441162]","[5.102171897888184, -17.091461181640625, -1.7321414947509766]",pedestrian,0.05968315526843071,True,False,-1,True,True,True,True,0e9b314c6a1f41189116b67fb257d8ba,pedestrian,True,0.3379242111269032,0.07903069474768704,True,False,13,0,0,True,False
b0,camera_crash_10,recovery_1_5,fcbccedd61424f1b85dcbf8f897f9754,de7593d76648450e947ba0c203dee1b0,1533151609.947025,13,5,890,propagated,keep,recover,1.0,0.49415889382362366,0.6374764442443848,0.03953270986676216,0.0,0.9599435329437256,0.0007219919352792203,0.6916877627372742,"[0.0, 0.0, 3.4270948390258127e-07, 0.0, 0.9999996423721313, 0.0]","[0.0, 0.0, 0.0, 0.9999362230300903, 0.0007219460676424205, 0.0]","[-21.92474365234375, -29.559173583984375, -2.7761707305908203]","[-20.495725631713867, -29.55375862121582, -2.819962978363037]","[633.287841796875, 1650.236572265625, 1.002838134765625]","[-21.92474365234375, -29.559173583984375, -2.7761707305908203]",pedestrian,0.07091739773750305,True,True,210,False,False,False,False,,,False,5.784602439222537,,False,True,,4,4,False,False
b0,camera_crash_10,recovery_1_5,fcbccedd61424f1b85dcbf8f897f9754,de7593d76648450e947ba0c203dee1b0,1533151609.947025,13,5,892,propagated,keep,recover,1.0,0.39357230067253113,0.5133457183837891,0.03148578479886055,0.0,0.9864222407341003,1.9009410152648343e-06,0.6803586483001709,"[0.0, 0.0, 0.03890733793377876, 0.0, 0.9610927104949951, 0.0]","[0.0, 0.0, 0.0, 0.9999805688858032, 1.9024612356588477e-06, 0.0]","[-16.10150146484375, -24.071533203125, -2.2962398529052734]","[-15.352943420410156, -24.61188316345215, -2.351902723312378]","[633.803466796875, 1643.1085205078125, 1.1188358068466187]","[-16.16623306274414, -24.474031448364258, -2.2962398529052734]",pedestrian,0.04891287162899971,True,False,-1,False,False,False,False,,,False,2.2847766055493235,,False,True,,0,0,False,False
b0,camera_crash_10,recovery_1_5,fcbccedd61424f1b85dcbf8f897f9754,de7593d76648450e947ba0c203dee1b0,1533151609.947025,13,5,898,propagated,defer,defer,1.0,0.3851655423641205,0.0,0.0,0.0,0.9688519239425659,0.0,0.6921401619911194,"[0.0, 0.0, 0.0, 0.0, 0.0, 0.0]","[0.0, 0.0, 0.0, 0.999980092048645, 1.6859406315461456e-08, 0.0]","[-19.68182373046875, -32.2396240234375, -2.986356735229492]","[-18.466697692871094, -32.56098175048828, -2.9376635551452637]","[629.6771850585938, 1650.6048583984375, 1.0442415475845337]","[-19.68182373046875, -32.2396240234375, -2.986356735229492]",pedestrian,0.041386786848306656,False,False,-1,False,False,False,False,,,False,6.47485739373004,,False,True,,0,0,False,False
b0,camera_crash_10,recovery_1_5,fcbccedd61424f1b85dcbf8f897f9754,de7593d76648450e947ba0c203dee1b0,1533151609.947025,13,5,899,propagated,defer,defer,1.0,0.24111421406269073,0.0,0.0,0.0,0.9319183826446533,0.0,0.7195789813995361,"[0.0, 0.0, 0.0, 0.0, 0.0, 0.0]","[0.0, 0.0, 0.0, 0.9999332427978516, 0.00237745582126081, 0.0]","[-36.12847900390625, -53.06610107421875, -4.379732131958008]","[-35.931068420410156, -51.1989631652832, -4.361684799194336]","[626.5091552734375, 1675.989013671875, 0.9268437623977661]","[-36.12847900390625, -53.06610107421875, -4.379732131958008]",pedestrian,0.031115276739001274,False,False,-1,False,False,False,False,,,False,27.33653201752191,,False,True,,0,0,False,False
b0,camera_crash_10,recovery_1_5,325cef682f064c55a255f2625c533b75,61a7bd24f88a46c2963280d8b13ac675,1538984239.948316,53,5,681,propagated,keep,recover,1.0,0.5507142543792725,1.212977409362793,0.04405713826417923,0.0,0.9749617576599121,1.6986242412642127e-09,0.758083164691925,"[0.08743440359830856, 0.0, 0.30812281370162964, 0.0, 0.6044427752494812, 0.0]","[0.0, 0.0, 0.0, 0.9999972581863403, 1.9223564962089768e-09, 0.0]","[-7.63262939453125, -14.50897216796875, -1.6901130676269531]","[-7.566112518310547, -12.741588592529297, -1.580275535583496]","[716.5421752929688, 1787.5289306640625, 1.1490120887756348]","[-7.6880202293396, -13.85555648803711, -1.6901130676269531]",pedestrian,0.28950127959251404,True,True,20,True,True,False,True,293abeb43b2a439abcd4ff08b981eeb9,pedestrian,True,1.4268262076182157,0.21686802011411022,True,False,13,0,0,True,False
b0,camera_crash_10,recovery_1_5,325cef682f064c55a255f2625c533b75,61a7bd24f88a46c2963280d8b13ac675,1538984239.948316,53,5,733,propagated,defer,defer,4.0,0.36111047863960266,0.0,0.0,0.0,0.9885348677635193,0.0,0.6701985597610474,"[0.0, 0.0, 0.0, 0.0, 0.0, 0.0]","[0.0, 0.0, 0.0, 0.9999974966049194, 0.0, 0.0]","[4.25927734375, -42.25390625, -4.113719940185547]","[5.000835418701172, -42.093910217285156, -4.14628791809082]","[732.9566650390625, 1815.0250244140625, 0.37184321880340576]","[4.259276390075684, -42.25390625, -4.113719940185547]",car,0.002242696238681674,False,False,-1,False,False,False,False,,,False,7.290971762910628,,False,True,,0,0,False,False
b0,camera_crash_10,recovery_1_5,325cef682f064c55a255f2625c533b75,61a7bd24f88a46c2963280d8b13ac675,1538984239.948316,53,5,859,propagated,defer,defer,4.0,0.34027040004730225,0.0,0.0,0.0,0.9893749356269836,0.0,0.6702804565429688,"[0.0, 0.0, 0.0, 0.0, 0.0, 0.0]","[0.0, 0.0, 0.0, 0.9999973773956299, 0.0, 0.0]","[3.45050048828125, -41.66925048828125, -4.0281829833984375]","[3.640827178955078, -40.96365737915039, -4.031033039093018]","[732.8394165039062, 1813.2576904296875, 0.4284297227859497]","[3.4504995346069336, -41.66925048828125, -4.0281829833984375]",bicycle,0.0019981013610959053,False,False,-1,False,False,False,False,,,False,6.7288350803716375,,False,True,,0,0,False,False
b0,camera_crash_10,recovery_1_5,325cef682f064c55a255f2625c533b75,61a7bd24f88a46c2963280d8b13ac675,1538984239.948316,53,5,880,propagated,defer,defer,1.0,0.25274696946144104,0.0,0.0,0.0,0.9739552736282349,0.0,0.7710280418395996,"[0.0, 0.0, 0.0, 0.0, 0.0, 0.0]","[0.0, 0.0, 0.0, 0.9999958276748657, 7.57608544990759e-15, 0.0]","[-13.306396484375, -30.7412109375, -2.9960060119628906]","[-13.579845428466797, -29.639543533325195, -2.8197999000549316]","[733.778076171875, 1792.643798828125, 1.0937913656234741]","[-13.306397438049316, -30.7412109375, -2.9960060119628906]",pedestrian,0.04273959621787071,False,True,174,False,False,False,True,0b4e0eb8ab06454d8904248794faa095,pedestrian,True,0.055671183275344586,1.122010397452748e-06,True,False,,0,0,False,False
b0,camera_crash_10,recovery_1_5,325cef682f064c55a255f2625c533b75,61a7bd24f88a46c2963280d8b13ac675,1538984239.948316,53,5,895,propagated,defer,defer,1.0,0.3979422152042389,0.0,0.0,0.0,0.979590892791748,0.0,0.7759268879890442,"[0.0, 0.0, 0.0, 0.0, 0.0, 0.0]","[0.0, 0.0, 0.0, 0.9999932050704956, 1.9465219750266725e-24, 0.0]","[-10.0009765625, -31.309326171875, -2.8082275390625]","[-9.607006072998047, -30.41652488708496, -2.527681589126587]","[732.0477294921875, 1796.3031005859375, 1.3898676633834839]","[-10.000977516174316, -31.309326171875, -2.8082275390625]",pedestrian,0.17358200252056122,False,True,45,True,False,False,True,26ae4a920a9c4457909454cd8a84c959,pedestrian,True,1.21467299374339,1.224155849741039e-06,True,False,13,0,0,True,False
b0,compound,recovery_1_5,fcbccedd61424f1b85dcbf8f897f9754,de7593d76648450e947ba0c203dee1b0,1533151609.947025,13,5,658,propagated,keep,recover,2.0,0.5939699411392212,1.259542465209961,0.046543899923563004,0.0,0.9740926623344421,2.5001935031576227e-16,0.7205765247344971,"[0.3640907406806946, 0.2367592304944992, 0.0, 0.0, 0.0, 0.399150013923645]","[0.0, 0.0, 0.0, 0.9999737739562988, 0.0, 3.694679894771229e-16]","[5.47418212890625, -17.174468994140625, -1.7391242980957031]","[6.554828643798828, -17.715068817138672, -1.7288682460784912]","[625.0885009765625, 1621.8492431640625, 1.0940420627593994]","[5.4170660972595215, -17.58152961730957, -1.7391242980957031]",pedestrian,0.3952701985836029,True,True,2,True,True,True,True,0e9b314c6a1f41189116b67fb257d8ba,pedestrian,True,0.8611330775749934,0.0921386815364646,True,False,13,0,0,True,False
b0,compound,recovery_1_5,fcbccedd61424f1b85dcbf8f897f9754,de7593d76648450e947ba0c203dee1b0,1533151609.947025,13,5,661,propagated,keep,recover,2.0,0.5433660745620728,1.9539175033569336,0.04346928372979164,0.0,0.9759284257888794,1.6581871292720152e-11,0.6873950362205505,"[0.19846725463867188, 0.0, 0.3644085228443146, 0.0, 0.4371241331100464, 0.0]","[0.0, 0.0, 0.0, 0.9999731779098511, 2.286262325290611e-11, 0.0]","[-13.60565185546875, -23.95196533203125, -2.1431522369384766]","[-12.790828704833984, -25.136962890625, -2.164440870285034]","[631.767333984375, 1641.467529296875, 1.3102275133132935]","[-13.64954948425293, -24.443819046020508, -2.1431522369384766]",pedestrian,0.34171053767204285,True,True,8,True,True,True,True,84b1b1dde33e44bea0d99dc3094fd49a,pedestrian,True,0.4698474955179434,0.19143332125419352,True,False,13,0,0,True,False
b0,compound,recovery_1_5,fcbccedd61424f1b85dcbf8f897f9754,de7593d76648450e947ba0c203dee1b0,1533151609.947025,13,5,670,propagated,defer,defer,2.0,0.5520949959754944,0.0,0.0,0.0,0.9701281189918518,0.0,0.7532312273979187,"[0.0, 0.0, 0.0, 0.0, 0.0, 0.0]","[0.0, 0.0, 0.0, 0.9999501705169678, 4.76250360741299e-31, 0.0]","[-11.61163330078125, -45.040802001953125, -3.3781604766845703]","[-10.442527770996094, -45.58943176269531, -3.1959609985351562]","[614.5350341796875, 1652.77685546875, 1.4829195737838745]","[-11.660135269165039, -45.56511688232422, -3.3781604766845703]",pedestrian,0.29615309834480286,False,True,15,False,False,False,False,,,False,2.439290264146698,,False,True,,0,0,False,False
b0,compound,recovery_1_5,fcbccedd61424f1b85dcbf8f897f9754,de7593d76648450e947ba0c203dee1b0,1533151609.947025,13,5,672,propagated,keep,recover,3.0,0.5338090658187866,0.9025912284851074,0.04270472377538681,0.0,0.978188693523407,7.314822263303897e-19,0.7224805951118469,"[3.180582091113354e-26, 0.2671468257904053, 0.0, 0.0, 0.0, 0.73285311460495]","[0.0, 0.0, 0.0, 0.9999730587005615, 0.0, 7.785462182452427e-19]","[5.34735107421875, -18.576629638671875, -1.8849430084228516]","[6.277610778808594, -19.229909896850586, -1.8377766609191895]","[624.099853515625, 1623.034912109375, 1.079180359840393]","[5.302755355834961, -18.842527389526367, -1.8849430084228516]",pedestrian,0.30100101232528687,True,True,13,True,True,True,True,ebc5a02f9ea64bbd9f3ccc3b84563d35,pedestrian,True,0.1273043301058618,0.2560337130891107,True,False,13,0,0,True,False
b0,compound,recovery_1_5,fcbccedd61424f1b85dcbf8f897f9754,de7593d76648450e947ba0c203dee1b0,1533151609.947025,13,5,678,propagated,keep,recover,3.0,0.5989978909492493,1.3573226928710938,0.046543899923563004,0.0,0.9765523076057434,2.215817537966917e-21,0.7091814279556274,"[0.14746862649917603, 0.33922383189201355, 0.0, 0.0, 0.0, 0.5133075714111328]","[0.0, 0.0, 0.0, 0.9999622106552124, 0.0, 2.7310842146697886e-21]","[5.7322998046875, -22.15972900390625, -2.0214405059814453]","[6.653617858886719, -23.112863540649414, -1.980086088180542]","[620.8750610351562, 1625.233154296875, 1.1661362648010254]","[5.667082786560059, -22.653093338012695, -2.0214405059814453]",pedestrian,0.33371931314468384,True,True,10,True,True,True,True,b73d145dba9145689b3ff2621c381fe4,pedestrian,True,1.3428581888729998,0.6011608786784658,True,False,13,0,0,True,False
b0,compound,recovery_1_5,fcbccedd61424f1b85dcbf8f897f9754,de7593d76648450e947ba0c203dee1b0,1533151609.947025,13,5,680,propagated,keep,recover,3.0,0.4910939335823059,2.5110645294189453,0.0392875149846077,0.0,0.9735321998596191,6.087053702819022e-21,0.7706020474433899,"[0.28488633036613464, 0.0, 0.3144972324371338, 0.0, 0.40061649680137634, 0.0]","[0.0, 0.0, 0.0, 0.999974250793457, 8.86676951359968e-21, 0.0]","[-9.25140380859375, -22.92724609375, -2.105661392211914]","[-8.099254608154297, -22.834030151367188, -2.034393072128296]","[630.534423828125, 1636.3873291015625, 1.2519861459732056]","[-9.25140380859375, -22.92724609375, -2.105661392211914]",pedestrian,0.29188984632492065,True,True,16,True,True,True,True,e833662c5eb64d2580f877fee97117c5,pedestrian,True,0.2597526370787717,0.27003928527980803,True,False,13,0,0,True,False
b0,compound,recovery_1_5,fcbccedd61424f1b85dcbf8f897f9754,de7593d76648450e947ba0c203dee1b0,1533151609.947025,13,5,685,propagated,defer,defer,2.0,0.43860846757888794,0.0,0.0,0.0,0.9718937873840332,0.0,0.7396298050880432,"[0.0, 0.0, 0.0, 0.0, 0.0, 0.0]","[0.0, 0.0, 0.0, 0.9999094009399414, 0.0, 1.7192152661143438e-31]","[5.9246826171875, -39.582122802734375, -2.377216339111328]","[6.740245819091797, -40.68365478515625, -2.4640281200408936]","[607.322998046875, 1636.4130859375, 1.7365096807479858]","[5.9312357902526855, -39.8099250793457, -2.377216339111328]",pedestrian,0.19301737844944,False,True,34,False,False,False,False,,,False,2.028350440948374,,False,True,,0,0,False,False
b0,compound,recovery_1_5,fcbccedd61424f1b85dcbf8f897f9754,de7593d76648450e947ba0c203dee1b0,1533151609.947025,13,5,686,propagated,keep,recover,1.0,0.5241498947143555,0.8111696243286133,0.041931990534067154,0.0,0.9904685616493225,2.539301249271375e-07,0.7486123442649841,"[0.17238236963748932, 0.2769716680049896, 0.0, 0.0, 0.0, 0.5506459474563599]","[0.0, 0.0, 0.0, 0.9999768733978271, 0.0, 2.951432520603703e-07]","[7.45794677734375, -14.87530517578125, -1.5729389190673828]","[8.135017395019531, -14.619346618652344, -1.5274584293365479]","[626.4590454101562, 1618.6488037109375, 1.0925248861312866]","[7.466073036193848, -14.448165893554688, -1.5729389190673828]",pedestrian,0.30038079619407654,True,True,14,True,True,True,True,16a95164fcdd44e99cf99a93dd13b017,pedestrian,True,0.9218839584128306,0.6030859451968624,True,False,13,0,0,True,False
b0,compound,recovery_1_5,fcbccedd61424f1b85dcbf8f897f9754,de7593d76648450e947ba0c203dee1b0,1533151609.947025,13,5,688,propagated,defer,defer,2.0,0.5357764959335327,0.0,0.0,0.0,0.964657723903656,0.0,0.7512133121490479,"[0.0, 0.0, 0.0, 0.0, 0.0, 0.0]","[0.0, 0.0, 0.0, 0.9999493360519409, 1.9633595212273406e-33, 0.0]","[-11.09808349609375, -47.2113037109375, -3.542329788208008]","[-9.865501403808594, -47.568946838378906, -3.3133087158203125]","[612.6425170898438, 1653.6036376953125, 1.4784384965896606]","[-11.172586441040039, -47.76433563232422, -3.542329788208008]",pedestrian,0.24449209868907928,False,True,21,False,False,False,True,7a0cca0f12d547518dd80d8df2c501bb,pedestrian,True,1.8128626041424682,0.5364966470462269,True,False,,0,0,False,False
b0,compound,recovery_1_5,fcbccedd61424f1b85dcbf8f897f9754,de7593d76648450e947ba0c203dee1b0,1533151609.947025,13,5,694,propagated,keep,recover,2.0,0.5458440184593201,1.4405765533447266,0.043667521327733994,0.0,0.9824900031089783,2.253893008645133e-13,0.6898625493049622,"[0.35816502571105957, 0.30089670419692993, 0.0, 0.0, 0.0, 0.3409382700920105]","[0.0, 0.0, 0.0, 0.9999724626541138, 0.0, 3.8265452004943024e-13]","[6.5623779296875, -16.92022705078125, -1.6975879669189453]","[7.398021697998047, -17.488758087158203, -1.6969244480133057]","[624.723388671875, 1621.0556640625, 1.1033856868743896]","[6.52866792678833, -17.131715774536133, -1.6975879669189453]",pedestrian,0.33929362893104553,True,True,9,True,True,True,True,bff8170575c24b5d8714061f5349892b,pedestrian,True,0.35254157314395684,0.36392574070939276,True,False,13,0,0,True,False
b0,compound,recovery_1_5,fcbccedd61424f1b85dcbf8f897f9754,de7593d76648450e947ba0c203dee1b0,1533151609.947025,13,5,697,propagated,keep,recover,2.0,0.5090146660804749,1.9425029754638672,0.04072117060422897,0.0,0.969048261642456,7.896577142174621e-11,0.6783831119537354,"[0.20934583246707916, 0.0, 0.3650093972682953, 0.0, 0.42564472556114197, 0.0]","[0.0, 0.0, 0.0, 0.9999744892120361, 1.1103558350544773e-10, 0.0]","[-14.3736572265625, -24.590057373046875, -2.1994686126708984]","[-13.200279235839844, -25.24762535095215, -2.197218656539917]","[631.943359375, 1641.8541259765625, 1.2885024547576904]","[-14.443790435791016, -25.087255477905273, -2.1994686126708984]",pedestrian,0.17982223629951477,True,True,45,True,True,True,True,84b1b1dde33e44bea0d99dc3094fd49a,pedestrian,True,0.6266420526967909,0.2115691149025374,True,False,13,0,0,True,False
b0,compound,recovery_1_5,fcbccedd61424f1b85dcbf8f897f9754,de7593d76648450e947ba0c203dee1b0,1533151609.947025,13,5,700,propagated,defer,defer,1.0,0.3813072144985199,0.0,0.0,0.0,0.9678375720977783,0.0,0.6738054752349854,"[0.0, 0.0, 0.0, 0.0, 0.0, 0.0]","[0.0, 0.0, 0.0, 0.9999785423278809, 3.0721633570429674e-10, 0.0]","[-15.58740234375, -26.239288330078125, -2.5062179565429688]","[-14.47458267211914, -27.269790649414062, -2.456596851348877]","[631.1981201171875, 1644.1365966796875, 1.1644893884658813]","[-15.615238189697266, -26.694473266601562, -2.5062179565429688]",pedestrian,0.10477093607187271,False,True,103,False,False,False,True,c97be344ac4143ffa69b0b5ed22f31c2,pedestrian,True,0.970197868302087,1.1328159306769259,True,False,13,0,0,True,False
b0,compound,recovery_1_5,fcbccedd61424f1b85dcbf8f897f9754,de7593d76648450e947ba0c203dee1b0,1533151609.947025,13,5,709,propagated,defer,defer,5.0,0.5550536513328552,0.0,0.0,0.0,0.9743124842643738,0.0,0.744199275970459,"[0.0, 0.0, 0.0, 0.0, 0.0, 0.0]","[0.0, 0.0, 0.0, 0.9999347925186157, 0.0, 2.171428625130944e-22]","[9.70770263671875, -40.9630126953125, -2.8641433715820312]","[10.846141815185547, -41.01525115966797, -2.8153209686279297]","[604.4254760742188, 1633.488037109375, 1.3621312379837036]","[9.707701683044434, -40.9630126953125, -2.8641433715820312]",traffic_cone,0.16676877439022064,False,True,53,False,False,False,False,,,False,3.454204594457012,,False,True,,0,0,False,False
b0,compound,recovery_1_5,fcbccedd61424f1b85dcbf8f897f9754,de7593d76648450e947ba0c203dee1b0,1533151609.947025,13,5,720,propagated,defer,defer,1.0,0.3519538640975952,0.0,0.0,0.0,0.9533571004867554,0.0,0.7678280472755432,"[0.0, 0.0, 0.0, 0.0, 0.0, 0.0]","[0.0, 0.0, 0.0, 0.9999783039093018, 1.3123267750270173e-10, 0.0]","[-13.0294189453125, -21.51800537109375, -2.0904674530029297]","[-11.899974822998047, -22.572629928588867, -2.0702874660491943]","[633.16748046875, 1639.140869140625, 1.2408652305603027]","[-13.029419898986816, -21.51800537109375, -2.0904674530029297]",pedestrian,0.11520058661699295,False,True,85,False,False,False,False,,,False,2.096908243478554,,False,True,,0,0,False,False
b0,compound,recovery_1_5,fcbccedd61424f1b85dcbf8f897f9754,de7593d76648450e947ba0c203dee1b0,1533151609.947025,13,5,723,propagated,keep,recover,2.0,0.4522036612033844,2.0010690689086914,0.03617629036307335,0.0,0.9613587856292725,1.1496800844668087e-08,0.685971736907959,"[0.08230981230735779, 0.0, 0.3606434464454651, 0.0, 0.5570467710494995, 0.0]","[0.0, 0.0, 0.0, 0.9999806880950928, 1.3800619313997231e-08, 0.0]","[-16.6763916015625, -26.49786376953125, -2.4756298065185547]","[-15.471385955810547, -27.216567993164062, -2.518134355545044]","[631.8748779296875, 1644.8709716796875, 1.1104658842086792]","[-16.6763916015625, -26.49786376953125, -2.4756298065185547]",pedestrian,0.11704182624816895,True,True,83,False,False,False,True,c97be344ac4143ffa69b0b5ed22f31c2,pedestrian,True,0.34095994151627323,9.486499093480513e-08,True,False,13,0,0,True,False
b0,compound,recovery_1_5,fcbccedd61424f1b85dcbf8f897f9754,de7593d76648450e947ba0c203dee1b0,1533151609.947025,13,5,738,propagated,defer,defer,2.0,0.4304380714893341,0.0,0.0,0.0,0.9648510813713074,0.0,0.7287918329238892,"[0.0, 0.0, 0.0, 0.0, 0.0, 0.0]","[0.0, 0.0, 0.0, 0.9999499320983887, 3.148431470560286e-36, 0.0]","[-10.00897216796875, -46.952301025390625, -3.579740524291992]","[-8.794784545898438, -47.671714782714844, -3.3404922485351562]","[611.876953125, 1652.8482666015625, 1.446092963218689]","[-10.096244812011719, -47.4766731262207, -3.579740524291992]",pedestrian,0.16947922110557556,False,True,50,False,False,False,True,7a0cca0f12d547518dd80d8df2c501bb,pedestrian,True,0.8859868763975484,0.5582299860614645,True,False,,0,0,False,False
b0,compound,recovery_1_5,fcbccedd61424f1b85dcbf8f897f9754,de7593d76648450e947ba0c203dee1b0,1533151609.947025,13,5,743,propagated,keep,recover,1.0,0.3640654981136322,0.37230873107910156,0.029125239700078964,0.0,0.9745264053344727,0.0001669404882704839,0.694543719291687,"[0.0, 0.0, 0.0, 0.0, 1.0, 0.0]","[0.0, 0.0, 0.0, 0.9999488592147827, 0.00016693194629624486, 0.0]","[-15.84613037109375, -21.257293701171875, -2.169321060180664]","[-14.863044738769531, -21.81760597229004, -2.2681896686553955]","[635.6363525390625, 1640.943359375, 1.0295159816741943]","[-15.84613037109375, -21.257293701171875, -2.169321060180664]",pedestrian,0.10983776301145554,True,True,94,False,False,False,False,,,False,3.074174110939733,,False,True,,5,5,False,False
b0,compound,recovery_1_5,fcbccedd61424f1b85dcbf8f897f9754,de7593d76648450e947ba0c203dee1b0,1533151609.947025,13,5,759,propagated,defer,defer,1.0,0.4738675355911255,0.0,0.0,0.0,0.9719505310058594,0.0,0.7552058696746826,"[0.0, 0.0, 0.0, 0.0, 0.0, 0.0]","[0.0, 0.0, 0.0, 0.9999507665634155, 2.0103428519966208e-30, 0.0]","[-11.483642578125, -43.631927490234375, -3.3439407348632812]","[-10.514984130859375, -44.72211837768555, -3.149021625518799]","[615.24853515625, 1652.2762451171875, 1.4784983396530151]","[-11.553009986877441, -44.16801834106445, -3.3439407348632812]",pedestrian,0.15810246765613556,False,True,57,False,False,False,True,2f009793dd694578990c045dc8c77e31,pedestrian,True,1.6466199810823923,0.5072738910898993,True,False,,0,0,False,False
b0,compound,recovery_1_5,fcbccedd61424f1b85dcbf8f897f9754,de7593d76648450e947ba0c203dee1b0,1533151609.947025,13,5,762,propagated,keep,recover,1.0,0.4570327699184418,0.925236701965332,0.03656262159347534,0.0,0.9915858507156372,2.9349645046750084e-05,0.6747554540634155,"[0.02167416550219059, 0.0, 0.36915111541748047, 0.0, 0.6091747879981995, 0.0]","[0.0, 0.0, 0.0, 0.9999750852584839, 3.433301390032284e-05, 0.0]","[-18.08477783203125, -26.36767578125, -2.5121326446533203]","[-17.515193939208984, -26.666526794433594, -2.605679750442505]","[633.6021728515625, 1646.0933837890625, 1.0117988586425781]","[-18.08477783203125, -26.36767578125, -2.5121326446533203]",pedestrian,0.11158111691474915,True,True,92,False,False,False,False,,,False,2.158615730620928,,False,True,,5,5,False,False
b0,compound,recovery_1_5,fcbccedd61424f1b85dcbf8f897f9754,de7593d76648450e947ba0c203dee1b0,1533151609.947025,13,5,767,propagated,keep,recover,1.0,0.5532970428466797,0.7829809188842773,0.04426376149058342,0.0,0.9843040108680725,0.00032280737650580704,0.6834456324577332,"[0.0, 0.0, 0.14973339438438416, 0.0, 0.8502666354179382, 0.0]","[0.0, 0.0, 0.0, 0.999953031539917, 0.00032775921863503754, 0.0]","[-20.38836669921875, -28.280487060546875, -2.7054481506347656]","[-19.758947372436523, -28.90557098388672, -2.769688606262207]","[633.315185546875, 1649.25439453125, 1.0062943696975708]","[-20.38836669921875, -28.280487060546875, -2.7054481506347656]",pedestrian,0.10322865098714828,True,True,107,False,False,False,False,,,False,4.8363816232496655,,False,True,,4,4,False,False
b0,compound,recovery_1_5,fcbccedd61424f1b85dcbf8f897f9754,de7593d76648450e947ba0c203dee1b0,1533151609.947025,13,5,770,propagated,keep,recover,2.0,0.37908604741096497,1.5044746398925781,0.030326882377266884,0.0,0.9597721099853516,7.31553726829922e-15,0.707828938961029,"[0.3309440314769745, 0.2214479297399521, 0.0, 0.0, 0.0, 0.4476080536842346]","[0.0, 0.0, 0.0, 0.9999707937240601, 0.0, 9.791114723460212e-15]","[6.11468505859375, -17.94207763671875, -1.7696590423583984]","[7.360645294189453, -18.75580596923828, -1.7730276584625244]","[623.7724609375, 1621.8973388671875, 1.103850245475769]","[6.109062671661377, -18.05830955505371, -1.7696590423583984]",pedestrian,0.1041484847664833,True,True,104,True,True,True,True,4eb1a864acc24ef89aa487d5002cc071,pedestrian,True,0.1893184144766874,0.11702226966545544,True,False,13,0,0,True,False
b0,compound,recovery_1_5,fcbccedd61424f1b85dcbf8f897f9754,de7593d76648450e947ba0c203dee1b0,1533151609.947025,13,5,779,propagated,defer,defer,1.0,0.44791465997695923,0.0,0.0,0.0,0.9759997725486755,0.0,0.757106602191925,"[0.0, 0.0, 0.0, 0.0, 0.0, 0.0]","[0.0, 0.0, 0.0, 0.9999493360519409, 2.8678503534587693e-35, 0.0]","[-9.88116455078125, -45.544281005859375, -3.5318756103515625]","[-8.900413513183594, -46.204505920410156, -3.23124361038208]","[613.0742797851562, 1651.987060546875, 1.4682210683822632]","[-9.953453063964844, -46.08052062988281, -3.5318756103515625]",pedestrian,0.15451547503471375,False,True,61,False,False,False,False,,,False,2.257235130959532,,False,True,,0,0,False,False
b0,compound,recovery_1_5,fcbccedd61424f1b85dcbf8f897f9754,de7593d76648450e947ba0c203dee1b0,1533151609.947025,13,5,785,propagated,keep,recover,1.0,0.3774983286857605,1.0597858428955078,0.030199864879250526,0.0,0.9803094863891602,0.00018872757209464908,0.6839641332626343,"[0.13235601782798767, 0.0, 0.35511383414268494, 0.0, 0.5125302076339722, 0.0]","[0.0, 0.0, 0.0, 0.9999432563781738, 0.0002347040717722848, 0.0]","[-16.29351806640625, -22.277587890625, -2.2677078247070312]","[-15.299312591552734, -22.326017379760742, -2.327343463897705]","[635.5234375, 1641.60595703125, 1.0056158304214478]","[-16.29351806640625, -22.277587890625, -2.2677078247070312]",pedestrian,0.0941835269331932,True,True,123,False,False,False,False,,,False,2.839443001794602,,False,True,,5,5,False,False
b0,compound,recovery_1_5,fcbccedd61424f1b85dcbf8f897f9754,de7593d76648450e947ba0c203dee1b0,1533151609.947025,13,5,804,propagated,keep,recover,1.0,0.36643311381340027,0.8688125610351562,0.029314648360013962,0.0,0.9833067059516907,2.3990648969629547e-06,0.7109693884849548,"[0.011473841033875942, 0.0, 0.3794792890548706, 0.0, 0.6090468764305115, 0.0]","[0.0, 0.0, 0.0, 0.9999812841415405, 2.8269498670852045e-06, 0.0]","[-17.7645263671875, -26.7518310546875, -2.5220394134521484]","[-16.862388610839844, -26.908124923706055, -2.580601215362549]","[632.9998168945312, 1645.7451171875, 1.044390082359314]","[-17.7645263671875, -26.7518310546875, -2.5220394134521484]",pedestrian,0.07745588570833206,True,True,176,False,False,False,True,c97be344ac4143ffa69b0b5ed22f31c2,pedestrian,True,1.4944328530058668,2.0598860116367386e-07,True,False,13,0,0,True,False
b0,compound,recovery_1_5,fcbccedd61424f1b85dcbf8f897f9754,de7593d76648450e947ba0c203dee1b0,1533151609.947025,13,5,809,propagated,keep,recover,1.0,0.3584691882133484,1.0184288024902344,0.02867753431200981,0.0,0.9826908707618713,0.0001752732932800427,0.6878241300582886,"[0.09328312426805496, 0.0, 0.35853490233421326, 0.0, 0.54818195104599, 0.0]","[0.0, 0.0, 0.0, 0.9999468326568604, 0.00021153500711079687, 0.0]","[-16.29345703125, -22.27728271484375, -2.272581100463867]","[-15.392074584960938, -22.511871337890625, -2.346825361251831]","[635.4395141601562, 1641.796875, 0.9983081817626953]","[-16.29345703125, -22.27728271484375, -2.272581100463867]",pedestrian,0.07958593964576721,True,True,168,False,False,False,False,,,False,2.846578271052473,,False,True,,5,5,False,False
b0,compound,recovery_1_5,fcbccedd61424f1b85dcbf8f897f9754,de7593d76648450e947ba0c203dee1b0,1533151609.947025,13,5,813,propagated,keep,recover,1.0,0.45395299792289734,0.6932687759399414,0.03631623834371567,0.0,0.9817526936531067,1.3638536984217353e-05,0.7055051922798157,"[0.0, 0.0, 0.1713368147611618, 0.0, 0.828663170337677, 0.0]","[0.0, 0.0, 0.0, 0.9999778270721436, 1.3926706742495298e-05, 0.0]","[-19.74859619140625, -29.05224609375, -2.6667823791503906]","[-18.80602264404297, -29.215768814086914, -2.741644859313965]","[632.4680786132812, 1648.7193603515625, 1.0427722930908203]","[-19.74859619140625, -29.05224609375, -2.6667823791503906]",pedestrian,0.0771917775273323,True,True,178,False,False,False,False,,,False,4.155544555063604,,False,True,,4,4,False,False
b0,compound,recovery_1_5,fcbccedd61424f1b85dcbf8f897f9754,de7593d76648450e947ba0c203dee1b0,1533151609.947025,13,5,814,propagated,keep,recover,1.0,0.48587650060653687,0.63055419921875,0.03887011855840683,0.0,0.9710110425949097,0.00025029134121723473,0.6764797568321228,"[0.0, 0.0, 0.0034290009643882513, 0.0, 0.9965709447860718, 0.0]","[0.0, 0.0, 0.0, 0.9999558925628662, 0.0002502817951608449, 0.0]","[-19.94097900390625, -27.26031494140625, -2.605112075805664]","[-18.763263702392578, -27.53913688659668, -2.683331251144409]","[633.7290649414062, 1647.61279296875, 0.9999165534973145]","[-19.94097900390625, -27.26031494140625, -2.605112075805664]",pedestrian,0.09033199399709702,True,True,134,False,False,False,False,,,False,3.4587141766939116,,False,True,,5,5,False,False
b0,compound,recovery_1_5,fcbccedd61424f1b85dcbf8f897f9754,de7593d76648450e947ba0c203dee1b0,1533151609.947025,13,5,817,propagated,keep,recover,2.0,0.41879338026046753,0.46758508682250977,0.033503469079732895,0.0,0.971145510673523,9.417571711413408e-17,0.6961140036582947,"[0.0, 1.6426143556790074e-19, 0.0, 0.0, 0.0, 1.0]","[0.0, 0.0, 0.0, 0.9999738931655884, 0.0, 9.417326204207602e-17]","[5.15362548828125, -16.792022705078125, -1.7009525299072266]","[6.270210266113281, -17.377532958984375, -1.6992771625518799]","[625.5308837890625, 1621.850830078125, 1.106349229812622]","[5.102054119110107, -17.062328338623047, -1.7009525299072266]",pedestrian,0.08430467545986176,True,True,152,True,True,True,True,0e9b314c6a1f41189116b67fb257d8ba,pedestrian,True,0.4596093677179364,0.08340023270614998,True,False,13,0,0,True,False
b0,compound,recovery_1_5,fcbccedd61424f1b85dcbf8f897f9754,de7593d76648450e947ba0c203dee1b0,1533151609.947025,13,5,818,propagated,defer,defer,1.0,0.41662541031837463,0.0,0.0,0.0,0.894273042678833,0.0,0.7504861354827881,"[0.0, 0.0, 0.0, 0.0, 0.0, 0.0]","[0.0, 0.0, 0.0, 0.9999423027038574, 0.0, 0.0]","[-4.7581787109375, -36.06219482421875, -3.3577804565429688]","[-3.251361846923828, -38.926815032958984, -2.6838176250457764]","[615.0604858398438, 1642.974365234375, 1.5178955793380737]","[-4.94999361038208, -40.426025390625, -3.3577804565429688]",traffic_cone,0.0007420137990266085,False,False,-1,False,False,False,True,cf11445013d14ce98d71c50b898e0744,car,False,1.0618109941085399,1.2786898176248471,False,True,,0,0,False,False
b0,compound,recovery_1_5,fcbccedd61424f1b85dcbf8f897f9754,de7593d76648450e947ba0c203dee1b0,1533151609.947025,13,5,832,propagated,keep,recover,1.0,0.43065905570983887,0.6755084991455078,0.03445272520184517,0.0,0.9926257729530334,2.540871491873986e-06,0.7136846780776978,"[0.0, 0.0, 0.16723188757896423, 0.0, 0.8327680826187134, 0.0]","[0.0, 0.0, 0.0, 0.9999799728393555, 2.5915453534253174e-06, 0.0]","[-18.66021728515625, -28.797027587890625, -2.641815185546875]","[-18.257164001464844, -29.246440887451172, -2.716996908187866]","[632.0940551757812, 1648.3162841796875, 1.0633819103240967]","[-18.66021728515625, -28.797027587890625, -2.641815185546875]",pedestrian,0.07012967765331268,True,True,206,False,False,False,False,,,False,3.732448802501409,,False,True,,4,4,False,False
b0,compound,recovery_1_5,fcbccedd61424f1b85dcbf8f897f9754,de7593d76648450e947ba0c203dee1b0,1533151609.947025,13,5,844,propagated,defer,defer,1.0,0.39963680505752563,0.0,0.0,0.0,0.9808704853057861,0.0,0.7439164519309998,"[0.0, 0.0, 0.0, 0.0, 0.0, 0.0]","[0.0, 0.0, 0.0, 0.9999781847000122, 1.9585115751397097e-06, 0.0]","[-29.08685302734375, -45.90350341796875, -4.020925521850586]","[-28.732755661010742, -46.81968688964844, -4.051937580108643]","[625.2706298828125, 1667.6490478515625, 0.8967362642288208]","[-29.08685302734375, -45.90350341796875, -4.020925521850586]",pedestrian,0.050542090088129044,False,False,-1,False,False,False,False,,,False,19.27952516187579,,False,True,,0,0,False,False
b0,compound,recovery_1_5,fcbccedd61424f1b85dcbf8f897f9754,de7593d76648450e947ba0c203dee1b0,1533151609.947025,13,5,850,propagated,defer,defer,1.0,0.32030072808265686,0.0,0.0,0.0,0.9841479063034058,0.0,0.7124527096748352,"[0.0, 0.0, 0.0, 0.0, 0.0, 0.0]","[0.0, 0.0, 0.0, 0.9999761581420898, 2.47030152422667e-06, 0.0]","[-31.967041015625, -50.252044677734375, -4.237199783325195]","[-31.12366485595703, -50.54778289794922, -4.2516632080078125]","[623.934326171875, 1671.8759765625, 0.9464958906173706]","[-31.967041015625, -50.252044677734375, -4.237199783325195]",pedestrian,0.04531757906079292,False,False,-1,False,False,False,False,,,False,22.56132639445763,,False,True,,0,0,False,False
b0,compound,recovery_1_5,fcbccedd61424f1b85dcbf8f897f9754,de7593d76648450e947ba0c203dee1b0,1533151609.947025,13,5,851,propagated,defer,defer,1.0,0.21416454017162323,0.0,0.0,0.0,0.9816396236419678,0.0,0.7584825158119202,"[0.0, 0.0, 0.0, 0.0, 0.0, 0.0]","[0.0, 0.0, 0.0, 0.9999737739562988, 0.00011490657925605774, 0.0]","[-32.47955322265625, -48.075164794921875, -4.178779602050781]","[-31.53274917602539, -47.563411712646484, -4.262197494506836]","[626.4850463867188, 1670.2841796875, 0.7612513303756714]","[-32.42082595825195, -47.925228118896484, -4.178779602050781]",traffic_cone,0.006640899460762739,False,False,-1,False,False,False,False,,,False,22.174205847142122,,False,True,,0,0,False,False
b0,compound,recovery_1_5,fcbccedd61424f1b85dcbf8f897f9754,de7593d76648450e947ba0c203dee1b0,1533151609.947025,13,5,867,propagated,defer,defer,4.0,0.38259321451187134,0.0,0.0,0.0,0.9994649887084961,0.0,0.6722702383995056,"[0.0, 0.0, 0.0, 0.0, 0.0, 0.0]","[0.0, 0.0, 0.0, 0.9999517202377319, 3.979727930623556e-24, 0.0]","[-12.19171142578125, -39.68084716796875, -2.929018020629883]","[-12.076377868652344, -39.87417984008789, -2.829185724258423]","[619.9796142578125, 1650.3636474609375, 1.5234330892562866]","[-12.204913139343262, -39.8906135559082, -2.929018020629883]",pedestrian,0.10117309540510178,False,True,109,False,False,False,False,,,False,4.064992706360987,,False,True,,0,0,False,False
b0,compound,recovery_1_5,fcbccedd61424f1b85dcbf8f897f9754,de7593d76648450e947ba0c203dee1b0,1533151609.947025,13,5,872,propagated,keep,recover,1.0,0.4405752718448639,0.14578771591186523,0.035246022045612335,0.0,0.9756979942321777,0.00013237111852504313,0.7596692442893982,"[0.0, 0.0, 0.0, 0.0, 1.0, 0.0]","[0.0, 0.0, 0.0, 0.9999728202819824, 0.00013236752420198172, 0.0]","[-32.350830078125, -46.662506103515625, -4.207912445068359]","[-31.451061248779297, -47.31062316894531, -4.22960090637207]","[626.6278686523438, 1670.0584716796875, 0.7777506113052368]","[-32.350830078125, -46.662506103515625, -4.207912445068359]",pedestrian,0.057948559522628784,True,False,-1,False,False,False,False,,,False,22.04485258702095,,False,True,,0,0,False,False
b0,compound,recovery_1_5,fcbccedd61424f1b85dcbf8f897f9754,de7593d76648450e947ba0c203dee1b0,1533151609.947025,13,5,879,propagated,defer,defer,3.0,0.4599442780017853,0.0,0.0,0.0,0.9043924808502197,0.0,0.7431285977363586,"[0.0, 0.0, 0.0, 0.0, 0.0, 0.0]","[0.0, 0.0, 0.0, 0.9999434947967529, 0.0, 0.0]","[-6.4886474609375, -35.5582275390625, -3.2128372192382812]","[-4.8408966064453125, -39.37528991699219, -2.716487407684326]","[615.733154296875, 1644.483154296875, 1.5290902853012085]","[-6.991093158721924, -39.76884460449219, -3.2128372192382812]",bicycle,0.001572981127537787,False,False,-1,False,False,False,False,,,False,2.4224414169817257,,False,True,,0,0,False,False
b0,compound,recovery_1_5,fcbccedd61424f1b85dcbf8f897f9754,de7593d76648450e947ba0c203dee1b0,1533151609.947025,13,5,895,propagated,defer,defer,1.0,0.3819344937801361,0.0,0.0,0.0,0.9671435356140137,0.0,0.6983861923217773,"[0.0, 0.0, 0.0, 0.0, 0.0, 0.0]","[0.0, 0.0, 0.0, 0.9999798536300659, 1.5365602124006728e-08, 0.0]","[-19.68182373046875, -32.239715576171875, -2.984893798828125]","[-18.43376922607422, -32.570987701416016, -2.9297940731048584]","[629.6487426757812, 1650.5855712890625, 1.0523465871810913]","[-19.68182373046875, -32.239715576171875, -2.984893798828125]",pedestrian,0.038329459726810455,False,False,-1,False,False,False,False,,,False,6.467472327474511,,False,True,,0,0,False,False
b0,compound,recovery_1_5,325cef682f064c55a255f2625c533b75,61a7bd24f88a46c2963280d8b13ac675,1538984239.948316,53,5,680,propagated,keep,recover,1.0,0.5472473502159119,1.2141828536987305,0.04377978667616844,0.0,0.975168764591217,1.6501804367408113e-09,0.7571864724159241,"[0.08734752237796783, 0.0, 0.30736956000328064, 0.0, 0.6052829623222351, 0.0]","[0.0, 0.0, 0.0, 0.9999972581863403, 1.8660106793078057e-09, 0.0]","[-7.6326904296875, -14.50921630859375, -1.6862144470214844]","[-7.561683654785156, -12.744644165039062, -1.577484369277954]","[716.5418701171875, 1787.5343017578125, 1.1519461870193481]","[-7.679215908050537, -13.854418754577637, -1.6862144470214844]",pedestrian,0.2892642617225647,True,True,26,True,True,False,True,293abeb43b2a439abcd4ff08b981eeb9,pedestrian,True,1.427133702223172,0.20419076496450003,True,False,13,0,0,True,False
b0,compound,recovery_1_5,325cef682f064c55a255f2625c533b75,61a7bd24f88a46c2963280d8b13ac675,1538984239.948316,53,5,734,propagated,defer,defer,4.0,0.3592148423194885,0.0,0.0,0.0,0.9890705347061157,0.0,0.6719799041748047,"[0.0, 0.0, 0.0, 0.0, 0.0, 0.0]","[0.0, 0.0, 0.0, 0.9999973773956299, 0.0, 0.0]","[4.25897216796875, -42.255615234375, -4.0883941650390625]","[4.978290557861328, -42.07924270629883, -4.1192522048950195]","[732.9564819335938, 1814.997314453125, 0.39811766147613525]","[4.258971214294434, -42.255615234375, -4.0883941650390625]",car,0.002064612228423357,False,False,-1,False,False,False,False,,,False,7.280710532194045,,False,True,,0,0,False,False
b0,compound,recovery_1_5,325cef682f064c55a255f2625c533b75,61a7bd24f88a46c2963280d8b13ac675,1538984239.948316,53,5,839,propagated,defer,defer,1.0,0.33942317962646484,0.0,0.0,0.0,0.9845809936523438,0.0,0.7781499624252319,"[0.0, 0.0, 0.0, 0.0, 0.0, 0.0]","[0.0, 0.0, 0.0, 0.9999957084655762, 4.451407165507841e-15, 0.0]","[-12.05364990234375, -27.3321533203125, -2.7439613342285156]","[-12.077186584472656, -26.476722717285156, -2.5326759815216064]","[730.3267211914062, 1791.9896240234375, 1.154712200164795]","[-12.053650856018066, -27.3321533203125, -2.7439613342285156]",pedestrian,0.10873696208000183,False,True,66,False,False,False,False,,,False,3.457534814927602,,False,True,,0,0,False,False
b0,compound,recovery_1_5,325cef682f064c55a255f2625c533b75,61a7bd24f88a46c2963280d8b13ac675,1538984239.948316,53,5,856,propagated,defer,defer,4.0,0.3411481976509094,0.0,0.0,0.0,0.9897509813308716,0.0,0.6739739179611206,"[0.0, 0.0, 0.0, 0.0, 0.0, 0.0]","[0.0, 0.0, 0.0, 0.9999973773956299, 0.0, 0.0]","[3.45025634765625, -41.6705322265625, -4.008697509765625]","[3.628875732421875, -40.97541427612305, -4.009803295135498]","[732.8546752929688, 1813.2542724609375, 0.4505249261856079]","[3.4502553939819336, -41.6705322265625, -4.008697509765625]",bicycle,0.001918744295835495,False,False,-1,False,False,False,False,,,False,6.743502038709213,,False,True,,0,0,False,False
b0,compound,recovery_1_5,325cef682f064c55a255f2625c533b75,61a7bd24f88a46c2963280d8b13ac675,1538984239.948316,53,5,876,propagated,defer,defer,1.0,0.24809150397777557,0.0,0.0,0.0,0.975107729434967,0.0,0.7800832390785217,"[0.0, 0.0, 0.0, 0.0, 0.0, 0.0]","[0.0, 0.0, 0.0, 0.9999959468841553, 5.079983962918153e-15, 0.0]","[-13.3060302734375, -30.739013671875, -3.029613494873047]","[-13.494087219238281, -29.649751663208008, -2.83337664604187]","[733.7366333007812, 1792.719482421875, 1.079912781715393]","[-13.306031227111816, -30.739013671875, -3.029613494873047]",pedestrian,0.04718128219246864,False,True,167,False,False,False,True,0b4e0eb8ab06454d8904248794faa095,pedestrian,True,0.09321122273063864,1.2519144069392812e-06,True,False,,0,0,False,False
b0,compound,recovery_1_5,325cef682f064c55a255f2625c533b75,61a7bd24f88a46c2963280d8b13ac675,1538984239.948316,53,5,884,propagated,defer,defer,1.0,0.38527584075927734,0.0,0.0,0.0,0.9815770387649536,0.0,0.7795062065124512,"[0.0, 0.0, 0.0, 0.0, 0.0, 0.0]","[0.0, 0.0, 0.0, 0.9999934434890747, 5.556115382844398e-24, 0.0]","[-10.00067138671875, -31.3077392578125, -2.83258056640625]","[-9.775943756103516, -30.412973403930664, -2.5521697998046875]","[732.1458129882812, 1796.165283203125, 1.36717689037323]","[-10.000672340393066, -31.3077392578125, -2.83258056640625]",pedestrian,0.17031152546405792,False,True,46,True,False,False,True,26ae4a920a9c4457909454cd8a84c959,pedestrian,True,1.3656572056920655,1.3130029519315965e-06,True,False,13,0,0,True,False
b4_zero,camera_crash_5,recovery_1_5,fcbccedd61424f1b85dcbf8f897f9754,fa65a298c01f44e7a182bbf9e5fe3697,1533151607.548824,8,5,655,propagated,keep,recover,1.0,0.4015122950077057,0.13503074645996094,0.03212098404765129,0.0,0.9031639695167542,1.0,0.7249476909637451,"[0.0, 0.0, 0.0, 0.0, 1.0, 0.0]","[0.0, 0.0, 0.0, 0.9998990297317505, 0.0, 0.0]","[-4.4727783203125, -17.782318115234375, -1.609182357788086]","[-2.9776039123535156, -20.643585205078125, -1.2705936431884766]","[615.0804443359375, 1642.7197265625, 1.624693751335144]","[-4.49532413482666, -22.27895736694336, -1.609182357788086]",barrier,0.0002472710039000958,True,False,-1,False,False,False,False,,,False,2.1051207313802487,,False,True,,0,0,False,False
b4_zero,camera_crash_5,recovery_1_5,fcbccedd61424f1b85dcbf8f897f9754,fa65a298c01f44e7a182bbf9e5fe3697,1533151607.548824,8,5,666,propagated,keep,recover,2.0,0.5851492285728455,1.317805290222168,0.046543899923563004,0.0037008835934102535,0.9951590299606323,1.0,0.6931020021438599,"[0.20396476984024048, 0.4038509726524353, 0.0, 0.0, 0.0, 0.392184317111969]","[0.0, 0.0, 0.0, 0.9997053742408752, 0.0, 5.165168034867933e-19]","[6.65521240234375, -20.262725830078125, -1.3687705993652344]","[6.645153045654297, -20.79389762878418, -0.877357006072998]","[608.8405151367188, 1635.3909912109375, 1.9832183122634888]","[6.664652347564697, -20.821630477905273, -1.3687705993652344]",pedestrian,0.3529283404350281,True,True,10,True,True,False,True,aa0ab0cab40d4467aa12cd5c491829d3,pedestrian,True,0.4852452321918947,0.21845351947790434,True,False,8,0,0,True,False
b4_zero,camera_crash_5,recovery_1_5,fcbccedd61424f1b85dcbf8f897f9754,fa65a298c01f44e7a182bbf9e5fe3697,1533151607.548824,8,5,678,propagated,keep,recover,2.0,0.55060213804245,1.2053070068359375,0.04404817149043083,0.0036281782668083906,0.9958512187004089,1.0,0.7043511271476746,"[0.008604797534644604, 0.0, 0.39559340476989746, 0.0, 0.595801830291748, 0.0]","[0.0, 0.0, 0.0, 0.9998936653137207, 6.16813961717231e-21, 0.0]","[-9.171875, -26.2147216796875, -1.8539409637451172]","[-9.393226623535156, -26.95560073852539, -1.499464511871338]","[614.3092041015625, 1651.6888427734375, 1.7434747219085693]","[-9.124968528747559, -26.85434341430664, -1.8539409637451172]",pedestrian,0.32504549622535706,True,True,15,True,False,False,True,101185cd967c4b039511966867bd0c55,pedestrian,True,0.4441355587010656,0.06498688783990643,True,False,8,0,0,True,False
b4_zero,camera_crash_5,recovery_1_5,fcbccedd61424f1b85dcbf8f897f9754,fa65a298c01f44e7a182bbf9e5fe3697,1533151607.548824,8,5,687,propagated,keep,recover,1.0,0.5034345388412476,0.7848596572875977,0.040274761617183685,0.0,0.9989520907402039,1.0,0.6986775398254395,"[0.07971716672182083, 0.0, 0.40981531143188477, 0.0, 0.5104674696922302, 0.0]","[0.0, 0.0, 0.0, 0.999923586845398, 3.3133289541924585e-14, 0.0]","[-10.1826171875, -21.864501953125, -1.6494560241699219]","[-10.273380279541016, -22.536624908447266, -1.4404575824737549]","[618.2720947265625, 1649.5499267578125, 1.5825656652450562]","[-10.186758995056152, -22.501401901245117, -1.6494560241699219]",pedestrian,0.29446128010749817,True,True,19,True,True,False,True,09ed64da038c4baba2468c94874e1e19,pedestrian,True,0.4004001668761195,0.028413828529353837,True,False,8,0,0,True,False
b4_zero,camera_crash_5,recovery_1_5,fcbccedd61424f1b85dcbf8f897f9754,fa65a298c01f44e7a182bbf9e5fe3697,1533151607.548824,8,5,716,propagated,defer,defer,1.0,0.641356348991394,0.0,0.0,0.0,0.9784666299819946,1.0,0.706510066986084,"[0.0, 0.0, 0.0, 0.0, 0.0, 0.0]","[0.0, 0.0, 0.0, 0.9997274279594421, 0.0, 4.3641810011401924e-20]","[9.31463623046875, -29.72857666015625, -1.8851509094238281]","[8.682231903076172, -29.0944881439209, -1.1541647911071777]","[601.145751953125, 1639.1190185546875, 2.118046283721924]","[9.284383773803711, -29.53209686279297, -1.8851509094238281]",pedestrian,0.43081265687942505,False,True,4,True,True,False,True,9e8c9ceb4d984442b41fcc25342df4b4,pedestrian,True,1.1825643528325616,0.20665572456552897,True,False,8,0,0,True,False
b4_zero,camera_crash_5,recovery_1_5,fcbccedd61424f1b85dcbf8f897f9754,fa65a298c01f44e7a182bbf9e5fe3697,1533151607.548824,8,5,741,propagated,keep,recover,2.0,0.5837610960006714,0.878535270690918,0.046543899923563004,0.0037735069636255503,0.9931914806365967,1.0,0.7023642063140869,"[0.0, 0.21097926795482635, 0.0, 0.0, 0.0, 0.7890207171440125]","[0.0, 0.0, 0.0, 0.9998669624328613, 0.0, 7.454928059417998e-13]","[9.977294921875, -22.687835693359375, -1.760812759399414]","[9.625144958496094, -22.915246963500977, -1.353546380996704]","[605.2904663085938, 1634.4642333984375, 1.6020662784576416]","[9.977294921875, -22.687835693359375, -1.760812759399414]",traffic_cone,0.12881110608577728,True,True,92,False,False,False,False,,,False,3.4182350206919074,,False,True,,1,1,False,False
b4_zero,camera_crash_5,recovery_1_5,fcbccedd61424f1b85dcbf8f897f9754,fa65a298c01f44e7a182bbf9e5fe3697,1533151607.548824,8,5,794,propagated,defer,defer,2.0,0.4808596670627594,0.0,0.0,0.0,0.9921633005142212,1.0,0.751109778881073,"[0.0, 0.0, 0.0, 0.0, 0.0, 0.0]","[0.0, 0.0, 0.0, 0.9997352957725525, 0.0, 7.921597134762787e-14]","[10.986328125, -27.05694580078125, -1.5927963256835938]","[10.62628173828125, -26.645729064941406, -1.1220324039459229]","[601.79052734375, 1636.06103515625, 2.017747402191162]","[10.978666305541992, -26.427589416503906, -1.5927963256835938]",pedestrian,0.14329835772514343,False,True,81,False,False,False,False,,,False,2.661060885650657,,False,True,,0,0,False,False
b4_zero,camera_crash_5,recovery_1_5,325cef682f064c55a255f2625c533b75,5b7cb170eee6468aa1fdbd3abcf63c5a,1538984237.446737,48,5,741,propagated,keep,recover,1.0,0.4297291338443756,0.6273064613342285,0.034378331154584885,0.0,0.9709782004356384,1.0,0.6924658417701721,"[0.0, 0.0, 0.20080828666687012, 0.0, 0.7991917133331299, 0.0]","[0.0, 0.0, 0.0, 0.9999885559082031, 9.833701630768132e-10, 0.0]","[-14.5728759765625, -26.90325927734375, -1.9712677001953125]","[-14.519725799560547, -25.691238403320312, -1.944026231765747]","[737.1028442382812, 1805.5615234375, 1.0035098791122437]","[-14.572876930236816, -26.90325927734375, -1.9712677001953125]",bicycle,0.09989484399557114,True,True,104,False,False,False,True,4568d80512604a31a3adc93ff236bf5a,bicycle,True,1.038644462150776,2.221219448701909e-06,True,False,8,0,0,True,False
b4_zero,camera_crash_5,recovery_1_5,325cef682f064c55a255f2625c533b75,5b7cb170eee6468aa1fdbd3abcf63c5a,1538984237.446737,48,5,845,propagated,defer,defer,4.0,0.4021035432815552,0.0,0.0,0.0,0.9051268696784973,1.0,0.707398533821106,"[0.0, 0.0, 0.0, 0.0, 0.0, 0.0]","[0.0, 0.0, 0.0, 0.9999837875366211, 0.0, 0.0]","[-3.741241455078125, -28.6231689453125, -2.0000572204589844]","[-3.021137237548828, -26.933744430541992, -1.701688289642334]","[728.7748413085938, 1813.5870361328125, 1.2373195886611938]","[-4.348969459533691, -28.703447341918945, -2.0000572204589844]",pedestrian,0.04718000069260597,False,True,214,False,False,False,False,,,False,5.249272978969507,,False,True,,0,0,False,False
b4_zero,camera_crash_5,recovery_1_5,325cef682f064c55a255f2625c533b75,5b7cb170eee6468aa1fdbd3abcf63c5a,1538984237.446737,48,5,847,propagated,defer,defer,4.0,0.3730085790157318,0.0,0.0,0.0,0.9512810111045837,1.0,0.7337639927864075,"[0.0, 0.0, 0.0, 0.0, 0.0, 0.0]","[0.0, 0.0, 0.0, 0.9999858140945435, 0.0, 0.0]","[-0.79913330078125, -25.07421875, -1.8847236633300781]","[-2.1892127990722656, -23.832046508789062, -1.5966169834136963]","[726.2145385742188, 1811.6458740234375, 1.2116243839263916]","[-1.3860554695129395, -25.162166595458984, -1.8847236633300781]",pedestrian,0.07686594128608704,False,True,148,False,False,False,False,,,False,2.0540606791684795,,False,True,,0,0,False,False
b4_zero,camera_crash_5,recovery_1_5,325cef682f064c55a255f2625c533b75,5b7cb170eee6468aa1fdbd3abcf63c5a,1538984237.446737,48,5,857,propagated,defer,defer,4.0,0.47944310307502747,0.0,0.0,0.0,0.9747893810272217,1.0,0.7727953791618347,"[0.0, 0.0, 0.0, 0.0, 0.0, 0.0]","[0.0, 0.0, 0.0, 0.9999847412109375, 0.0, 0.0]","[-2.81610107421875, -24.1109619140625, -1.7810249328613281]","[-2.7449188232421875, -23.09027099609375, -1.522465705871582]","[726.1968994140625, 1810.7174072265625, 1.258331060409546]","[-3.4013524055480957, -23.972843170166016, -1.7810249328613281]",pedestrian,0.07758716493844986,False,True,145,False,False,False,True,1549e245295746028d52a8225503af6c,pedestrian,True,1.5001631155367126,0.9544048270176337,True,False,,0,0,False,False
b4_zero,camera_crash_5,recovery_1_5,325cef682f064c55a255f2625c533b75,5b7cb170eee6468aa1fdbd3abcf63c5a,1538984237.446737,48,5,863,propagated,defer,defer,3.0,0.45389285683631897,0.0,0.0,0.0,0.9986007809638977,1.0,0.7944150567054749,"[0.0, 0.0, 0.0, 0.0, 0.0, 0.0]","[0.0, 0.0, 0.0, 0.9999858140945435, 2.469493343436282e-31, 0.0]","[-5.22808837890625, -23.45391845703125, -1.6957435607910156]","[-5.6976165771484375, -23.041431427001953, -1.5841505527496338]","[728.5009765625, 1808.869873046875, 1.2098486423492432]","[-5.8377861976623535, -23.236135482788086, -1.6957435607910156]",pedestrian,0.017517639324069023,False,False,-1,False,False,False,False,,,False,3.9069552654661805,,False,True,,0,0,False,False
b4_zero,camera_crash_10,recovery_1_5,fcbccedd61424f1b85dcbf8f897f9754,de7593d76648450e947ba0c203dee1b0,1533151609.947025,13,5,658,propagated,keep,recover,2.0,0.5440827012062073,1.9921531677246094,0.04352661594748497,0.0032886439003050327,0.976920485496521,1.0,0.6942459940910339,"[0.23017063736915588, 0.0, 0.34321922063827515, 0.0, 0.42661014199256897, 0.0]","[0.0, 0.0, 0.0, 0.9999736547470093, 2.7193108875778194e-11, 0.0]","[-13.6055908203125, -23.95159912109375, -2.1490001678466797]","[-12.829414367675781, -25.14712905883789, -2.173044443130493]","[631.7838745117188, 1641.5040283203125, 1.3026599884033203]","[-13.655277252197266, -24.4507999420166, -2.1490001678466797]",pedestrian,0.339607834815979,True,True,8,True,True,True,True,84b1b1dde33e44bea0d99dc3094fd49a,pedestrian,True,0.47077143715558234,0.20862122242632514,True,False,13,0,0,True,False
b4_zero,camera_crash_10,recovery_1_5,fcbccedd61424f1b85dcbf8f897f9754,de7593d76648450e947ba0c203dee1b0,1533151609.947025,13,5,659,propagated,keep,recover,2.0,0.5890506505966187,1.9411115646362305,0.046543899923563004,0.00350574916228652,0.9610914587974548,1.0,0.7235383987426758,"[0.41910845041275024, 0.32653573155403137, 0.0, 0.0, 0.0, 0.254355788230896]","[0.0, 0.0, 0.0, 0.9999749660491943, 0.0, 1.943235988415622e-16]","[5.15399169921875, -16.7901611328125, -1.7321414947509766]","[6.436073303222656, -17.606483459472656, -1.7366130352020264]","[625.24755859375, 1621.8714599609375, 1.0810580253601074]","[5.077643871307373, -17.233739852905273, -1.7321414947509766]",pedestrian,0.37452447414398193,True,True,3,True,True,True,True,0e9b314c6a1f41189116b67fb257d8ba,pedestrian,True,0.7193652802322048,0.0996080314334969,True,False,13,0,0,True,False
b4_zero,camera_crash_10,recovery_1_5,fcbccedd61424f1b85dcbf8f897f9754,de7593d76648450e947ba0c203dee1b0,1533151609.947025,13,5,667,propagated,defer,defer,2.0,0.534895122051239,0.0,0.0,0.0,0.955470621585846,1.0,0.7478633522987366,"[0.0, 0.0, 0.0, 0.0, 0.0, 0.0]","[0.0, 0.0, 0.0, 0.9999524354934692, 7.811714324349948e-31, 0.0]","[-11.931640625, -44.655426025390625, -3.388721466064453]","[-10.52054214477539, -45.53394317626953, -3.2358272075653076]","[614.6259765625, 1652.80322265625, 1.4406269788742065]","[-11.981163024902344, -45.18641662597656, -3.388721466064453]",pedestrian,0.3019450008869171,False,True,12,False,False,False,False,,,False,2.4103093833702816,,False,True,,0,0,False,False
b4_zero,camera_crash_10,recovery_1_5,fcbccedd61424f1b85dcbf8f897f9754,de7593d76648450e947ba0c203dee1b0,1533151609.947025,13,5,681,propagated,keep,recover,3.0,0.5915164351463318,1.9950227737426758,0.046543899923563004,0.006374846678227186,0.977692723274231,1.0,0.7068014740943909,"[0.18184323608875275, 0.4739407002925873, 0.0, 0.0, 0.0, 0.34421607851982117]","[0.0, 0.0, 0.0, 0.9999630451202393, 0.0, 2.5057259653631053e-21]","[5.73236083984375, -22.15936279296875, -2.0272884368896484]","[6.631996154785156, -23.08465003967285, -1.9889321327209473]","[620.9102172851562, 1625.232177734375, 1.1558433771133423]","[5.668137073516846, -22.640243530273438, -2.0272884368896484]",pedestrian,0.3132406771183014,True,True,11,True,True,True,True,b73d145dba9145689b3ff2621c381fe4,pedestrian,True,1.314828751657414,0.5753393790989033,True,False,13,0,0,True,False
b4_zero,camera_crash_10,recovery_1_5,fcbccedd61424f1b85dcbf8f897f9754,de7593d76648450e947ba0c203dee1b0,1533151609.947025,13,5,682,propagated,keep,recover,3.0,0.4761214256286621,2.669370651245117,0.03808971494436264,0.004462929908186197,0.9746090769767761,1.0,0.7722983360290527,"[0.3410067856311798, 0.0, 0.276559978723526, 0.0, 0.3824332058429718, 0.0]","[0.0, 0.0, 0.0, 0.9999747276306152, 9.756500813215629e-21, 0.0]","[-9.251220703125, -22.926300048828125, -2.121255874633789]","[-8.122077941894531, -22.851795196533203, -2.047564744949341]","[630.534912109375, 1636.4168701171875, 1.240147352218628]","[-9.251220703125, -22.926298141479492, -2.121255874633789]",pedestrian,0.28766950964927673,True,True,14,True,True,True,True,e833662c5eb64d2580f877fee97117c5,pedestrian,True,0.2475543287605151,0.27003928270557304,True,False,13,0,0,True,False
b4_zero,camera_crash_10,recovery_1_5,fcbccedd61424f1b85dcbf8f897f9754,de7593d76648450e947ba0c203dee1b0,1533151609.947025,13,5,683,propagated,defer,defer,2.0,0.5273871421813965,0.0,0.0,0.0,0.9707397818565369,1.0,0.7481333613395691,"[0.0, 0.0, 0.0, 0.0, 0.0, 0.0]","[0.0, 0.0, 0.0, 0.9999514818191528, 4.090590301799001e-33, 0.0]","[-11.0977783203125, -47.20965576171875, -3.569620132446289]","[-9.995899200439453, -47.532264709472656, -3.3549442291259766]","[612.7525634765625, 1653.6822509765625, 1.4360653162002563]","[-11.171854019165039, -47.7686653137207, -3.569620132446289]",pedestrian,0.24499496817588806,False,True,19,False,False,False,True,7a0cca0f12d547518dd80d8df2c501bb,pedestrian,True,1.9457123523865258,0.5440959197762528,True,False,,0,0,False,False
b4_zero,camera_crash_10,recovery_1_5,fcbccedd61424f1b85dcbf8f897f9754,de7593d76648450e947ba0c203dee1b0,1533151609.947025,13,5,690,propagated,keep,recover,1.0,0.5253984928131104,1.0221986770629883,0.04203187674283981,0.0,0.9897956252098083,1.0,0.7390179634094238,"[0.15055231750011444, 0.4256480932235718, 0.0, 0.0, 0.0, 0.4237995445728302]","[0.0, 0.0, 0.0, 0.9999769926071167, 0.0, 2.854108629435359e-07]","[7.45794677734375, -14.875244140625, -1.57391357421875]","[8.152641296386719, -14.669612884521484, -1.535341739654541]","[626.4088745117188, 1618.667724609375, 1.0874851942062378]","[7.463813781738281, -14.4776029586792, -1.57391357421875]",pedestrian,0.2959153354167938,True,True,13,True,True,True,True,16a95164fcdd44e99cf99a93dd13b017,pedestrian,True,0.975305823323693,0.6557175803891295,True,False,13,0,0,True,False
b4_zero,camera_crash_10,recovery_1_5,fcbccedd61424f1b85dcbf8f897f9754,de7593d76648450e947ba0c203dee1b0,1533151609.947025,13,5,693,propagated,keep,recover,3.0,0.49671611189842224,1.0786371231079102,0.039737287908792496,0.005639421753585339,0.9638314843177795,1.0,0.7222948670387268,"[5.221805597542596e-26, 0.4612205922603607, 0.0, 0.0, 0.0, 0.5387794375419617]","[0.0, 0.0, 0.0, 0.9999743700027466, 0.0, 1.1048169609163979e-18]","[5.02716064453125, -18.192474365234375, -1.8755226135253906]","[6.231170654296875, -18.94432830810547, -1.833193063735962]","[624.3488159179688, 1622.887939453125, 1.0671125650405884]","[5.003745079040527, -18.366769790649414, -1.8755226135253906]",pedestrian,0.22780606150627136,True,True,23,True,True,True,True,ebc5a02f9ea64bbd9f3ccc3b84563d35,pedestrian,True,0.40799187799892955,0.19080316898601088,True,False,13,0,0,True,False
b4_zero,camera_crash_10,recovery_1_5,fcbccedd61424f1b85dcbf8f897f9754,de7593d76648450e947ba0c203dee1b0,1533151609.947025,13,5,694,propagated,keep,recover,2.0,0.4878411293029785,1.6342277526855469,0.03902728855609894,0.003129972144961357,0.9747411608695984,1.0,0.7198097705841064,"[0.3486437201499939, 0.3883531391620636, 0.0, 0.0, 0.0, 0.2630031406879425]","[0.0, 0.0, 0.0, 0.9999741315841675, 0.0, 3.485265126807466e-18]","[5.347412109375, -18.576141357421875, -1.892740249633789]","[6.411731719970703, -19.05837631225586, -1.8416941165924072]","[624.1453247070312, 1622.822509765625, 1.063551902770996]","[5.325617790222168, -18.747060775756836, -1.892740249633789]",pedestrian,0.24346596002578735,True,True,20,True,True,True,True,ebc5a02f9ea64bbd9f3ccc3b84563d35,pedestrian,True,0.3384747195929408,0.18546613869559753,True,False,13,0,0,True,False
b4_zero,camera_crash_10,recovery_1_5,fcbccedd61424f1b85dcbf8f897f9754,de7593d76648450e947ba0c203dee1b0,1533151609.947025,13,5,703,propagated,keep,recover,2.0,0.5166116952896118,1.9854469299316406,0.04132893308997154,0.002910830546170473,0.9527231454849243,1.0,0.6810864210128784,"[0.25070706009864807, 0.0, 0.33573296666145325, 0.0, 0.4135599732398987, 0.0]","[0.0, 0.0, 0.0, 0.9999754428863525, 1.964195889270215e-10, 0.0]","[-14.6937255859375, -24.20526123046875, -2.2002830505371094]","[-13.283245086669922, -25.145614624023438, -2.2091140747070312]","[632.0742797851562, 1641.853271484375, 1.2713898420333862]","[-14.775740623474121, -24.705244064331055, -2.2002830505371094]",pedestrian,0.18175984919071198,True,True,38,True,True,True,True,84b1b1dde33e44bea0d99dc3094fd49a,pedestrian,True,0.5847274928124733,0.2183971135046965,True,False,13,0,0,True,False
b4_zero,camera_crash_10,recovery_1_5,fcbccedd61424f1b85dcbf8f897f9754,de7593d76648450e947ba0c203dee1b0,1533151609.947025,13,5,707,propagated,defer,defer,5.0,0.5479990243911743,0.0,0.0,0.0,0.9726881980895996,1.0,0.7533442974090576,"[0.0, 0.0, 0.0, 0.0, 0.0, 0.0]","[0.0, 0.0, 0.0, 0.9999376535415649, 0.0, 2.4794039614970617e-22]","[9.70806884765625, -40.96099853515625, -2.8972816467285156]","[10.882118225097656, -41.02931213378906, -2.858245372772217]","[604.3899536132812, 1633.471435546875, 1.3197482824325562]","[9.708067893981934, -40.96099853515625, -2.8972816467285156]",traffic_cone,0.17872510850429535,False,True,39,False,False,False,False,,,False,3.4755792212663676,,False,True,,0,0,False,False
b4_zero,camera_crash_10,recovery_1_5,fcbccedd61424f1b85dcbf8f897f9754,de7593d76648450e947ba0c203dee1b0,1533151609.947025,13,5,708,propagated,keep,recover,2.0,0.5413123369216919,1.9889516830444336,0.043304987251758575,0.0029716799035668373,0.9617531299591064,1.0,0.6770651340484619,"[0.3229507803916931, 0.43496865034103394, 0.0, 0.0, 0.0, 0.24208059906959534]","[0.0, 0.0, 0.0, 0.9999722242355347, 0.0, 2.5622778638406674e-12]","[7.010009765625, -15.898651123046875, -1.6206436157226562]","[7.557994842529297, -17.198444366455078, -1.6725525856018066]","[624.8446044921875, 1620.7462158203125, 1.1085917949676514]","[7.009067535400391, -15.915533065795898, -1.6206436157226562]",pedestrian,0.2684047222137451,True,True,16,True,True,True,True,bff8170575c24b5d8714061f5349892b,pedestrian,True,0.28334485096307344,0.306969099375548,True,False,13,0,0,True,False
b4_zero,camera_crash_10,recovery_1_5,fcbccedd61424f1b85dcbf8f897f9754,de7593d76648450e947ba0c203dee1b0,1533151609.947025,13,5,710,propagated,defer,defer,2.0,0.41833654046058655,0.0,0.0,0.0,0.9809073805809021,1.0,0.7290025353431702,"[0.0, 0.0, 0.0, 0.0, 0.0, 0.0]","[0.0, 0.0, 0.0, 0.9999170303344727, 0.0, 1.1970251755496889e-31]","[5.925537109375, -39.5775146484375, -2.454214096069336]","[6.656669616699219, -40.495361328125, -2.5323004722595215]","[607.518310546875, 1636.3602294921875, 1.6579536199569702]","[5.94167423248291, -39.82712173461914, -2.454214096069336]",pedestrian,0.1589176505804062,False,True,50,False,False,False,False,,,False,2.2143631179747394,,False,True,,0,0,False,False
b4_zero,camera_crash_10,recovery_1_5,fcbccedd61424f1b85dcbf8f897f9754,de7593d76648450e947ba0c203dee1b0,1533151609.947025,13,5,730,propagated,keep,recover,2.0,0.4422834515571594,2.0182390213012695,0.035382676869630814,0.002384260995313525,0.96388179063797,1.0,0.6944387555122375,"[0.0816095843911171, 0.0, 0.36025869846343994, 0.0, 0.558131754398346, 0.0]","[0.0, 0.0, 0.0, 0.999981164932251, 1.7288080300659203e-08, 0.0]","[-16.67626953125, -26.497406005859375, -2.483427047729492]","[-15.521926879882812, -27.207881927490234, -2.5287296772003174]","[631.9134521484375, 1644.90478515625, 1.099906325340271]","[-16.67626953125, -26.497406005859375, -2.483427047729492]",pedestrian,0.11792862415313721,True,True,86,True,False,False,True,c97be344ac4143ffa69b0b5ed22f31c2,pedestrian,True,0.35226026395940396,1.004391806823399e-07,True,False,13,0,0,True,False
b4_zero,camera_crash_10,recovery_1_5,fcbccedd61424f1b85dcbf8f897f9754,de7593d76648450e947ba0c203dee1b0,1533151609.947025,13,5,732,propagated,defer,defer,1.0,0.35143932700157166,0.0,0.0,0.0,0.9199654459953308,1.0,0.7748769521713257,"[0.0, 0.0, 0.0, 0.0, 0.0, 0.0]","[0.0, 0.0, 0.0, 0.9999788999557495, 1.4643947165993154e-10, 0.0]","[-13.349609375, -21.133880615234375, -2.0805606842041016]","[-11.941108703613281, -22.612751007080078, -2.0852510929107666]","[633.1624145507812, 1639.1988525390625, 1.2287741899490356]","[-13.349610328674316, -21.133880615234375, -2.0805606842041016]",pedestrian,0.11187536269426346,False,True,91,False,False,False,False,,,False,2.05467598172712,,False,True,,0,0,False,False
b4_zero,camera_crash_10,recovery_1_5,fcbccedd61424f1b85dcbf8f897f9754,de7593d76648450e947ba0c203dee1b0,1533151609.947025,13,5,734,propagated,defer,defer,2.0,0.42078354954719543,0.0,0.0,0.0,0.9940556287765503,1.0,0.7299429178237915,"[0.0, 0.0, 0.0, 0.0, 0.0, 0.0]","[0.0, 0.0, 0.0, 0.9999520778656006, 2.6172018683862482e-36, 0.0]","[-8.92047119140625, -46.696319580078125, -3.56744384765625]","[-8.770805358886719, -47.691707611083984, -3.3883614540100098]","[611.8443603515625, 1652.8448486328125, 1.3992575407028198]","[-9.008386611938477, -47.2338981628418, -3.56744384765625]",pedestrian,0.1695679873228073,False,True,45,False,False,False,True,7a0cca0f12d547518dd80d8df2c501bb,pedestrian,True,0.8534332092255661,0.5693066530647503,True,False,,0,0,False,False
b4_zero,camera_crash_10,recovery_1_5,fcbccedd61424f1b85dcbf8f897f9754,de7593d76648450e947ba0c203dee1b0,1533151609.947025,13,5,753,propagated,defer,defer,1.0,0.3289138972759247,0.0,0.0,0.0,0.9893819093704224,1.0,0.754801869392395,"[0.0, 0.0, 0.0, 0.0, 0.0, 0.0]","[0.0, 0.0, 0.0, 0.9999734163284302, 7.775732228765264e-05, 0.0]","[-32.4794921875, -48.074951171875, -4.18267822265625]","[-31.804555892944336, -48.35363006591797, -4.2060394287109375]","[626.05517578125, 1670.9951171875, 0.8676110506057739]","[-32.4794921875, -48.074951171875, -4.18267822265625]",pedestrian,0.08882606029510498,False,True,125,False,False,False,False,,,False,22.606385854359715,,False,True,,0,0,False,False
b4_zero,camera_crash_10,recovery_1_5,fcbccedd61424f1b85dcbf8f897f9754,de7593d76648450e947ba0c203dee1b0,1533151609.947025,13,5,769,propagated,keep,recover,1.0,0.47571316361427307,0.9273233413696289,0.038057051599025726,0.0,0.9912025928497314,1.0,0.6734443306922913,"[0.02162541076540947, 0.0, 0.3686997890472412, 0.0, 0.6096748113632202, 0.0]","[0.0, 0.0, 0.0, 0.9999756813049316, 3.2694402761990204e-05, 0.0]","[-18.08465576171875, -26.366912841796875, -2.5248031616210938]","[-17.502666473388672, -26.67456817626953, -2.6167283058166504]","[633.5875244140625, 1646.08935546875, 1.0011202096939087]","[-18.08465576171875, -26.366912841796875, -2.5248031616210938]",pedestrian,0.11955898255109787,True,True,85,False,False,False,False,,,False,2.145339593556357,,False,True,,5,5,False,False
b4_zero,camera_crash_10,recovery_1_5,fcbccedd61424f1b85dcbf8f897f9754,de7593d76648450e947ba0c203dee1b0,1533151609.947025,13,5,780,propagated,keep,recover,1.0,0.3551958203315735,0.36919403076171875,0.02841566503047943,0.0,0.9770292043685913,1.0,0.6860455274581909,"[0.0, 0.0, 0.0, 0.0, 1.0, 0.0]","[0.0, 0.0, 0.0, 0.9999438524246216, 0.00020847388077527285, 0.0]","[-15.84613037109375, -21.257293701171875, -2.169321060180664]","[-14.95621109008789, -21.855361938476562, -2.280200958251953]","[635.6665649414062, 1641.0396728515625, 1.020782709121704]","[-15.84613037109375, -21.257293701171875, -2.169321060180664]",pedestrian,0.10375380516052246,True,True,105,False,False,False,False,,,False,2.9936083265691322,,False,True,,5,5,False,False
b4_zero,camera_crash_10,recovery_1_5,fcbccedd61424f1b85dcbf8f897f9754,de7593d76648450e947ba0c203dee1b0,1533151609.947025,13,5,783,propagated,defer,defer,1.0,0.4584733247756958,0.0,0.0,0.0,0.9736966490745544,1.0,0.7521654367446899,"[0.0, 0.0, 0.0, 0.0, 0.0, 0.0]","[0.0, 0.0, 0.0, 0.9999529123306274, 2.360231848823961e-30, 0.0]","[-11.483154296875, -43.628936767578125, -3.393648147583008]","[-10.542774200439453, -44.700096130371094, -3.1895792484283447]","[615.2816162109375, 1652.285400390625, 1.4369903802871704]","[-11.552715301513672, -44.179378509521484, -3.393648147583008]",pedestrian,0.13608233630657196,False,True,67,False,False,False,True,2f009793dd694578990c045dc8c77e31,pedestrian,True,1.6414775293868098,0.5304325713882441,True,False,,0,0,False,False
b4_zero,camera_crash_10,recovery_1_5,fcbccedd61424f1b85dcbf8f897f9754,de7593d76648450e947ba0c203dee1b0,1533151609.947025,13,5,793,propagated,keep,recover,1.0,0.5489917993545532,0.7778482437133789,0.04391934350132942,0.0,0.9803204536437988,1.0,0.678406834602356,"[0.0, 0.0, 0.15095186233520508, 0.0, 0.8490481376647949, 0.0]","[0.0, 0.0, 0.0, 0.9999592304229736, 0.00023189863713923842, 0.0]","[-20.38836669921875, -28.280242919921875, -2.7093467712402344]","[-19.686017990112305, -28.98333168029785, -2.787844657897949]","[633.2081298828125, 1649.2489013671875, 0.9920631647109985]","[-20.38836669921875, -28.280242919921875, -2.7093467712402344]",pedestrian,0.10531780868768692,True,True,100,False,False,False,False,,,False,4.804352636220617,,False,True,,4,4,False,False
b4_zero,camera_crash_10,recovery_1_5,fcbccedd61424f1b85dcbf8f897f9754,de7593d76648450e947ba0c203dee1b0,1533151609.947025,13,5,819,propagated,defer,defer,1.0,0.41558220982551575,0.0,0.0,0.0,0.9737456440925598,1.0,0.7547460198402405,"[0.0, 0.0, 0.0, 0.0, 0.0, 0.0]","[0.0, 0.0, 0.0, 0.9999525547027588, 2.052002746662258e-35, 0.0]","[-9.8804931640625, -45.540679931640625, -3.591329574584961]","[-8.847858428955078, -46.243125915527344, -3.300858974456787]","[613.00830078125, 1651.974609375, 1.4004942178726196]","[-9.954071998596191, -46.094207763671875, -3.591329574584961]",pedestrian,0.12972122430801392,False,True,75,False,False,False,False,,,False,2.201443134825381,,False,True,,0,0,False,False
b4_zero,camera_crash_10,recovery_1_5,fcbccedd61424f1b85dcbf8f897f9754,de7593d76648450e947ba0c203dee1b0,1533151609.947025,13,5,843,propagated,defer,defer,1.0,0.2420518696308136,0.0,0.0,0.0,0.980634868144989,1.0,0.6722318530082703,"[0.0, 0.0, 0.0, 0.0, 0.0, 0.0]","[0.0, 0.0, 0.0, 0.9999697208404541, 0.0, 3.041325177810528e-11]","[7.52227783203125, -18.076812744140625, -1.6571331024169922]","[8.479534149169922, -18.465225219726562, -1.7456145286560059]","[623.2799072265625, 1620.85107421875, 1.1018850803375244]","[7.516229629516602, -18.260358810424805, -1.6571331024169922]",pedestrian,0.039935968816280365,False,False,-1,True,True,True,True,4eb1a864acc24ef89aa487d5002cc071,pedestrian,True,1.0536504829815383,0.06732543370100319,True,False,13,0,0,True,False
b4_zero,camera_crash_10,recovery_1_5,fcbccedd61424f1b85dcbf8f897f9754,de7593d76648450e947ba0c203dee1b0,1533151609.947025,13,5,848,propagated,keep,recover,1.0,0.4912019371986389,0.6324801445007324,0.03929615393280983,0.0,0.9701224565505981,1.0,0.673323929309845,"[0.0, 0.0, 0.003476035315543413, 0.0, 0.996523916721344, 0.0]","[0.0, 0.0, 0.0, 0.9999570846557617, 0.0002391035814071074, 0.0]","[-19.94085693359375, -27.259552001953125, -2.6177825927734375]","[-18.74658203125, -27.548131942749023, -2.7019011974334717]","[633.7107543945312, 1647.606689453125, 0.9817436933517456]","[-19.94085693359375, -27.259552001953125, -2.6177825927734375]",pedestrian,0.09472967684268951,True,True,112,False,False,False,False,,,False,3.4445528171137325,,False,True,,5,5,False,False
b4_zero,camera_crash_10,recovery_1_5,fcbccedd61424f1b85dcbf8f897f9754,de7593d76648450e947ba0c203dee1b0,1533151609.947025,13,5,852,propagated,keep,recover,1.0,0.4438747763633728,0.6793460845947266,0.03550998121500015,0.0,0.9756314754486084,1.0,0.7146987318992615,"[0.0, 0.0, 0.16803978383541107, 0.0, 0.8319602012634277, 0.0]","[0.0, 0.0, 0.0, 0.9999802112579346, 3.0793287351116305e-06, 0.0]","[-19.42803955078125, -29.4344482421875, -2.708852767944336]","[-18.329002380371094, -29.276660919189453, -2.736009359359741]","[632.1161499023438, 1648.3917236328125, 1.046981692314148]","[-19.42803955078125, -29.4344482421875, -2.708852767944336]",pedestrian,0.07480888068675995,True,True,193,False,False,False,False,,,False,3.8081524884405913,,False,True,,4,4,False,False
b4_zero,camera_crash_10,recovery_1_5,fcbccedd61424f1b85dcbf8f897f9754,de7593d76648450e947ba0c203dee1b0,1533151609.947025,13,5,853,propagated,keep,recover,1.0,0.3705194592475891,0.8706579208374023,0.02964155562222004,0.0,0.9787901043891907,1.0,0.7165446281433105,"[0.011449511162936687, 0.0, 0.3788008689880371, 0.0, 0.6097496747970581, 0.0]","[0.0, 0.0, 0.0, 0.9999816417694092, 1.8712460132519482e-06, 0.0]","[-17.764404296875, -26.751007080078125, -2.535684585571289]","[-16.74665069580078, -26.935508728027344, -2.580852746963501]","[632.9046630859375, 1645.673828125, 1.044552206993103]","[-17.764404296875, -26.751007080078125, -2.535684585571289]",pedestrian,0.07417334616184235,True,True,194,True,False,False,True,c97be344ac4143ffa69b0b5ed22f31c2,pedestrian,True,1.3794460471356873,2.0960794626528622e-07,True,False,13,0,0,True,False
b4_zero,camera_crash_10,recovery_1_5,fcbccedd61424f1b85dcbf8f897f9754,de7593d76648450e947ba0c203dee1b0,1533151609.947025,13,5,855,propagated,keep,recover,1.0,0.44962969422340393,0.6947793960571289,0.03597037494182587,0.0,0.9800726771354675,1.0,0.7089340686798096,"[0.0, 0.0, 0.1706826537847519, 0.0, 0.8293173313140869, 0.0]","[0.0, 0.0, 0.0, 0.9999786615371704, 1.1392180567781907e-05, 0.0]","[-19.7484130859375, -29.05120849609375, -2.684326171875]","[-18.773468017578125, -29.276166915893555, -2.7571537494659424]","[632.4003295898438, 1648.733642578125, 1.0305705070495605]","[-19.7484130859375, -29.05120849609375, -2.684326171875]",pedestrian,0.0774056687951088,True,True,175,False,False,False,False,,,False,4.163656976155736,,False,True,,4,4,False,False
b4_zero,camera_crash_10,recovery_1_5,fcbccedd61424f1b85dcbf8f897f9754,de7593d76648450e947ba0c203dee1b0,1533151609.947025,13,5,876,propagated,defer,defer,2.0,0.3207041919231415,0.0,0.0,0.0,0.9826200008392334,1.0,0.6495104432106018,"[0.0, 0.0, 0.0, 0.0, 0.0, 0.0]","[0.0, 0.0, 0.0, 0.999971866607666, 2.760262504675204e-11, 0.0]","[-14.501220703125, -25.9964599609375, -2.2746238708496094]","[-13.674484252929688, -26.859304428100586, -2.2657885551452637]","[631.0081176757812, 1643.2510986328125, 1.3218085765838623]","[-14.561388969421387, -26.559364318847656, -2.2746238708496094]",pedestrian,0.0754816010594368,False,True,190,True,False,False,True,c97be344ac4143ffa69b0b5ed22f31c2,pedestrian,True,1.6973449013108102,1.4365612608524665,True,False,13,0,0,True,False
b4_zero,camera_crash_10,recovery_1_5,fcbccedd61424f1b85dcbf8f897f9754,de7593d76648450e947ba0c203dee1b0,1533151609.947025,13,5,888,propagated,keep,recover,2.0,0.3822357952594757,0.4603273868560791,0.030578862875699997,0.002501877024769783,0.9755203723907471,1.0,0.6909323334693909,"[0.0, 1.1214034831617346e-18, 0.0, 0.0, 0.0, 1.0]","[0.0, 0.0, 0.0, 0.9999758005142212, 0.0, 7.61092785902532e-17]","[5.15399169921875, -16.7901611328125, -1.7321414947509766]","[6.203083038330078, -17.255691528320312, -1.716768741607666]","[625.6666259765625, 1621.825439453125, 1.0822923183441162]","[5.102171897888184, -17.091461181640625, -1.7321414947509766]",pedestrian,0.05972753465175629,True,False,-1,True,True,True,True,0e9b314c6a1f41189116b67fb257d8ba,pedestrian,True,0.3379242111269032,0.07903069474768704,True,False,13,0,0,True,False
b4_zero,camera_crash_10,recovery_1_5,fcbccedd61424f1b85dcbf8f897f9754,de7593d76648450e947ba0c203dee1b0,1533151609.947025,13,5,890,propagated,keep,recover,1.0,0.49415889382362366,0.6374764442443848,0.03953270986676216,0.0,0.9599435329437256,1.0,0.6916877627372742,"[0.0, 0.0, 3.4270948390258127e-07, 0.0, 0.9999996423721313, 0.0]","[0.0, 0.0, 0.0, 0.9999362230300903, 0.0007219460676424205, 0.0]","[-21.92474365234375, -29.559173583984375, -2.7761707305908203]","[-20.495725631713867, -29.55375862121582, -2.819962978363037]","[633.287841796875, 1650.236572265625, 1.002838134765625]","[-21.92474365234375, -29.559173583984375, -2.7761707305908203]",pedestrian,0.07091739773750305,True,True,210,False,False,False,False,,,False,5.784602439222537,,False,True,,4,4,False,False
b4_zero,camera_crash_10,recovery_1_5,fcbccedd61424f1b85dcbf8f897f9754,de7593d76648450e947ba0c203dee1b0,1533151609.947025,13,5,892,propagated,keep,recover,1.0,0.39357230067253113,0.5133457183837891,0.03148578479886055,0.0,0.9864222407341003,1.0,0.6803586483001709,"[0.0, 0.0, 0.03890733793377876, 0.0, 0.9610927104949951, 0.0]","[0.0, 0.0, 0.0, 0.9999805688858032, 1.9024612356588477e-06, 0.0]","[-16.10150146484375, -24.071533203125, -2.2962398529052734]","[-15.352943420410156, -24.61188316345215, -2.351902723312378]","[633.803466796875, 1643.1085205078125, 1.1188358068466187]","[-16.16623306274414, -24.474031448364258, -2.2962398529052734]",pedestrian,0.04891287162899971,True,False,-1,False,False,False,False,,,False,2.2847766055493235,,False,True,,0,0,False,False
b4_zero,camera_crash_10,recovery_1_5,fcbccedd61424f1b85dcbf8f897f9754,de7593d76648450e947ba0c203dee1b0,1533151609.947025,13,5,898,propagated,defer,defer,1.0,0.3851655423641205,0.0,0.0,0.0,0.9688519239425659,1.0,0.6921401619911194,"[0.0, 0.0, 0.0, 0.0, 0.0, 0.0]","[0.0, 0.0, 0.0, 0.999980092048645, 1.6859406315461456e-08, 0.0]","[-19.68182373046875, -32.2396240234375, -2.986356735229492]","[-18.466697692871094, -32.56098175048828, -2.9376635551452637]","[629.6771850585938, 1650.6048583984375, 1.0442415475845337]","[-19.68182373046875, -32.2396240234375, -2.986356735229492]",pedestrian,0.041386786848306656,False,False,-1,False,False,False,False,,,False,6.47485739373004,,False,True,,0,0,False,False
b4_zero,camera_crash_10,recovery_1_5,fcbccedd61424f1b85dcbf8f897f9754,de7593d76648450e947ba0c203dee1b0,1533151609.947025,13,5,899,propagated,defer,defer,1.0,0.24111421406269073,0.0,0.0,0.0,0.9319183826446533,1.0,0.7195789813995361,"[0.0, 0.0, 0.0, 0.0, 0.0, 0.0]","[0.0, 0.0, 0.0, 0.9999332427978516, 0.00237745582126081, 0.0]","[-36.12847900390625, -53.06610107421875, -4.379732131958008]","[-35.931068420410156, -51.1989631652832, -4.361684799194336]","[626.5091552734375, 1675.989013671875, 0.9268437623977661]","[-36.12847900390625, -53.06610107421875, -4.379732131958008]",pedestrian,0.031115276739001274,False,False,-1,False,False,False,False,,,False,27.33653201752191,,False,True,,0,0,False,False
b4_zero,camera_crash_10,recovery_1_5,325cef682f064c55a255f2625c533b75,61a7bd24f88a46c2963280d8b13ac675,1538984239.948316,53,5,681,propagated,keep,recover,1.0,0.5507142543792725,1.212977409362793,0.04405713826417923,0.0,0.9749617576599121,1.0,0.758083164691925,"[0.08743440359830856, 0.0, 0.30812281370162964, 0.0, 0.6044427752494812, 0.0]","[0.0, 0.0, 0.0, 0.9999972581863403, 1.9223564962089768e-09, 0.0]","[-7.63262939453125, -14.50897216796875, -1.6901130676269531]","[-7.566112518310547, -12.741588592529297, -1.580275535583496]","[716.5421752929688, 1787.5289306640625, 1.1490120887756348]","[-7.6880202293396, -13.85555648803711, -1.6901130676269531]",pedestrian,0.28950127959251404,True,True,20,True,True,False,True,293abeb43b2a439abcd4ff08b981eeb9,pedestrian,True,1.4268262076182157,0.21686802011411022,True,False,13,0,0,True,False
b4_zero,camera_crash_10,recovery_1_5,325cef682f064c55a255f2625c533b75,61a7bd24f88a46c2963280d8b13ac675,1538984239.948316,53,5,733,propagated,defer,defer,4.0,0.36111047863960266,0.0,0.0,0.0,0.9885348677635193,1.0,0.6701985597610474,"[0.0, 0.0, 0.0, 0.0, 0.0, 0.0]","[0.0, 0.0, 0.0, 0.9999974966049194, 0.0, 0.0]","[4.25927734375, -42.25390625, -4.113719940185547]","[5.000835418701172, -42.093910217285156, -4.14628791809082]","[732.9566650390625, 1815.0250244140625, 0.37184321880340576]","[4.259276390075684, -42.25390625, -4.113719940185547]",car,0.002242696238681674,False,False,-1,False,False,False,False,,,False,7.290971762910628,,False,True,,0,0,False,False
b4_zero,camera_crash_10,recovery_1_5,325cef682f064c55a255f2625c533b75,61a7bd24f88a46c2963280d8b13ac675,1538984239.948316,53,5,859,propagated,defer,defer,4.0,0.34027040004730225,0.0,0.0,0.0,0.9893749356269836,1.0,0.6702804565429688,"[0.0, 0.0, 0.0, 0.0, 0.0, 0.0]","[0.0, 0.0, 0.0, 0.9999973773956299, 0.0, 0.0]","[3.45050048828125, -41.66925048828125, -4.0281829833984375]","[3.640827178955078, -40.96365737915039, -4.031033039093018]","[732.8394165039062, 1813.2576904296875, 0.4284297227859497]","[3.4504995346069336, -41.66925048828125, -4.0281829833984375]",bicycle,0.0019981013610959053,False,False,-1,False,False,False,False,,,False,6.7288350803716375,,False,True,,0,0,False,False
b4_zero,camera_crash_10,recovery_1_5,325cef682f064c55a255f2625c533b75,61a7bd24f88a46c2963280d8b13ac675,1538984239.948316,53,5,880,propagated,defer,defer,1.0,0.25274696946144104,0.0,0.0,0.0,0.9739552736282349,1.0,0.7710280418395996,"[0.0, 0.0, 0.0, 0.0, 0.0, 0.0]","[0.0, 0.0, 0.0, 0.9999958276748657, 7.57608544990759e-15, 0.0]","[-13.306396484375, -30.7412109375, -2.9960060119628906]","[-13.579845428466797, -29.639543533325195, -2.8197999000549316]","[733.778076171875, 1792.643798828125, 1.0937913656234741]","[-13.306397438049316, -30.7412109375, -2.9960060119628906]",pedestrian,0.04273959621787071,False,True,174,False,False,False,True,0b4e0eb8ab06454d8904248794faa095,pedestrian,True,0.055671183275344586,1.122010397452748e-06,True,False,,0,0,False,False
b4_zero,camera_crash_10,recovery_1_5,325cef682f064c55a255f2625c533b75,61a7bd24f88a46c2963280d8b13ac675,1538984239.948316,53,5,895,propagated,defer,defer,1.0,0.3979422152042389,0.0,0.0,0.0,0.979590892791748,1.0,0.7759268879890442,"[0.0, 0.0, 0.0, 0.0, 0.0, 0.0]","[0.0, 0.0, 0.0, 0.9999932050704956, 1.9465219750266725e-24, 0.0]","[-10.0009765625, -31.309326171875, -2.8082275390625]","[-9.607006072998047, -30.41652488708496, -2.527681589126587]","[732.0477294921875, 1796.3031005859375, 1.3898676633834839]","[-10.000977516174316, -31.309326171875, -2.8082275390625]",pedestrian,0.17358200252056122,False,True,45,True,False,False,True,26ae4a920a9c4457909454cd8a84c959,pedestrian,True,1.21467299374339,1.224155849741039e-06,True,False,13,0,0,True,False
b4_zero,compound,recovery_1_5,fcbccedd61424f1b85dcbf8f897f9754,de7593d76648450e947ba0c203dee1b0,1533151609.947025,13,5,658,propagated,keep,recover,2.0,0.5939699411392212,1.259542465209961,0.046543899923563004,0.003753045340999961,0.9740926623344421,1.0,0.7205765247344971,"[0.3640907406806946, 0.2367592304944992, 0.0, 0.0, 0.0, 0.399150013923645]","[0.0, 0.0, 0.0, 0.9999737739562988, 0.0, 3.694679894771229e-16]","[5.47418212890625, -17.174468994140625, -1.7391242980957031]","[6.554828643798828, -17.715068817138672, -1.7288682460784912]","[625.0885009765625, 1621.8492431640625, 1.0940420627593994]","[5.4170660972595215, -17.58152961730957, -1.7391242980957031]",pedestrian,0.3955253064632416,True,True,2,True,True,True,True,0e9b314c6a1f41189116b67fb257d8ba,pedestrian,True,0.8611330775749934,0.0921386815364646,True,False,13,0,0,True,False
b4_zero,compound,recovery_1_5,fcbccedd61424f1b85dcbf8f897f9754,de7593d76648450e947ba0c203dee1b0,1533151609.947025,13,5,661,propagated,keep,recover,2.0,0.5433660745620728,1.9539175033569336,0.04346928372979164,0.003267415566369891,0.9759284257888794,1.0,0.6873950362205505,"[0.19846725463867188, 0.0, 0.3644085228443146, 0.0, 0.4371241331100464, 0.0]","[0.0, 0.0, 0.0, 0.9999731779098511, 2.286262325290611e-11, 0.0]","[-13.60565185546875, -23.95196533203125, -2.1431522369384766]","[-12.790828704833984, -25.136962890625, -2.164440870285034]","[631.767333984375, 1641.467529296875, 1.3102275133132935]","[-13.64954948425293, -24.443819046020508, -2.1431522369384766]",pedestrian,0.3418642580509186,True,True,8,True,True,True,True,84b1b1dde33e44bea0d99dc3094fd49a,pedestrian,True,0.4698474955179434,0.19143332125419352,True,False,13,0,0,True,False
b4_zero,compound,recovery_1_5,fcbccedd61424f1b85dcbf8f897f9754,de7593d76648450e947ba0c203dee1b0,1533151609.947025,13,5,670,propagated,defer,defer,2.0,0.5520949959754944,0.0,0.0,0.0,0.9701281189918518,1.0,0.7532312273979187,"[0.0, 0.0, 0.0, 0.0, 0.0, 0.0]","[0.0, 0.0, 0.0, 0.9999501705169678, 4.76250360741299e-31, 0.0]","[-11.61163330078125, -45.040802001953125, -3.3781604766845703]","[-10.442527770996094, -45.58943176269531, -3.1959609985351562]","[614.5350341796875, 1652.77685546875, 1.4829195737838745]","[-11.660135269165039, -45.56511688232422, -3.3781604766845703]",pedestrian,0.29615309834480286,False,True,15,False,False,False,False,,,False,2.439290264146698,,False,True,,0,0,False,False
b4_zero,compound,recovery_1_5,fcbccedd61424f1b85dcbf8f897f9754,de7593d76648450e947ba0c203dee1b0,1533151609.947025,13,5,672,propagated,keep,recover,3.0,0.5338090658187866,0.9025912284851074,0.04270472377538681,0.006306690163910389,0.978188693523407,1.0,0.7224805951118469,"[3.180582091113354e-26, 0.2671468257904053, 0.0, 0.0, 0.0, 0.73285311460495]","[0.0, 0.0, 0.0, 0.9999730587005615, 0.0, 7.785462182452427e-19]","[5.34735107421875, -18.576629638671875, -1.8849430084228516]","[6.277610778808594, -19.229909896850586, -1.8377766609191895]","[624.099853515625, 1623.034912109375, 1.079180359840393]","[5.302755355834961, -18.842527389526367, -1.8849430084228516]",pedestrian,0.30146101117134094,True,True,13,True,True,True,True,ebc5a02f9ea64bbd9f3ccc3b84563d35,pedestrian,True,0.1273043301058618,0.2560337130891107,True,False,13,0,0,True,False
b4_zero,compound,recovery_1_5,fcbccedd61424f1b85dcbf8f897f9754,de7593d76648450e947ba0c203dee1b0,1533151609.947025,13,5,678,propagated,keep,recover,3.0,0.5989978909492493,1.3573226928710938,0.046543899923563004,0.006464914884418249,0.9765523076057434,1.0,0.7091814279556274,"[0.14746862649917603, 0.33922383189201355, 0.0, 0.0, 0.0, 0.5133075714111328]","[0.0, 0.0, 0.0, 0.9999622106552124, 0.0, 2.7310842146697886e-21]","[5.7322998046875, -22.15972900390625, -2.0214405059814453]","[6.653617858886719, -23.112863540649414, -1.980086088180542]","[620.8750610351562, 1625.233154296875, 1.1661362648010254]","[5.667082786560059, -22.653093338012695, -2.0214405059814453]",pedestrian,0.334157258272171,True,True,10,True,True,True,True,b73d145dba9145689b3ff2621c381fe4,pedestrian,True,1.3428581888729998,0.6011608786784658,True,False,13,0,0,True,False
b4_zero,compound,recovery_1_5,fcbccedd61424f1b85dcbf8f897f9754,de7593d76648450e947ba0c203dee1b0,1533151609.947025,13,5,680,propagated,keep,recover,3.0,0.4910939335823059,2.5110645294189453,0.0392875149846077,0.004704378079622984,0.9735321998596191,1.0,0.7706020474433899,"[0.28488633036613464, 0.0, 0.3144972324371338, 0.0, 0.40061649680137634, 0.0]","[0.0, 0.0, 0.0, 0.999974250793457, 8.86676951359968e-21, 0.0]","[-9.25140380859375, -22.92724609375, -2.105661392211914]","[-8.099254608154297, -22.834030151367188, -2.034393072128296]","[630.534423828125, 1636.3873291015625, 1.2519861459732056]","[-9.25140380859375, -22.92724609375, -2.105661392211914]",pedestrian,0.2921682894229889,True,True,16,True,True,True,True,e833662c5eb64d2580f877fee97117c5,pedestrian,True,0.2597526370787717,0.27003928527980803,True,False,13,0,0,True,False
b4_zero,compound,recovery_1_5,fcbccedd61424f1b85dcbf8f897f9754,de7593d76648450e947ba0c203dee1b0,1533151609.947025,13,5,685,propagated,defer,defer,2.0,0.43860846757888794,0.0,0.0,0.0,0.9718937873840332,1.0,0.7396298050880432,"[0.0, 0.0, 0.0, 0.0, 0.0, 0.0]","[0.0, 0.0, 0.0, 0.9999094009399414, 0.0, 1.7192152661143438e-31]","[5.9246826171875, -39.582122802734375, -2.377216339111328]","[6.740245819091797, -40.68365478515625, -2.4640281200408936]","[607.322998046875, 1636.4130859375, 1.7365096807479858]","[5.9312357902526855, -39.8099250793457, -2.377216339111328]",pedestrian,0.19301737844944,False,True,34,False,False,False,False,,,False,2.028350440948374,,False,True,,0,0,False,False
b4_zero,compound,recovery_1_5,fcbccedd61424f1b85dcbf8f897f9754,de7593d76648450e947ba0c203dee1b0,1533151609.947025,13,5,686,propagated,keep,recover,1.0,0.5241498947143555,0.8111696243286133,0.041931990534067154,0.0,0.9904685616493225,1.0,0.7486123442649841,"[0.17238236963748932, 0.2769716680049896, 0.0, 0.0, 0.0, 0.5506459474563599]","[0.0, 0.0, 0.0, 0.9999768733978271, 0.0, 2.951432520603703e-07]","[7.45794677734375, -14.87530517578125, -1.5729389190673828]","[8.135017395019531, -14.619346618652344, -1.5274584293365479]","[626.4590454101562, 1618.6488037109375, 1.0925248861312866]","[7.466073036193848, -14.448165893554688, -1.5729389190673828]",pedestrian,0.30038079619407654,True,True,14,True,True,True,True,16a95164fcdd44e99cf99a93dd13b017,pedestrian,True,0.9218839584128306,0.6030859451968624,True,False,13,0,0,True,False
b4_zero,compound,recovery_1_5,fcbccedd61424f1b85dcbf8f897f9754,de7593d76648450e947ba0c203dee1b0,1533151609.947025,13,5,688,propagated,defer,defer,2.0,0.5357764959335327,0.0,0.0,0.0,0.964657723903656,1.0,0.7512133121490479,"[0.0, 0.0, 0.0, 0.0, 0.0, 0.0]","[0.0, 0.0, 0.0, 0.9999493360519409, 1.9633595212273406e-33, 0.0]","[-11.09808349609375, -47.2113037109375, -3.542329788208008]","[-9.865501403808594, -47.568946838378906, -3.3133087158203125]","[612.6425170898438, 1653.6036376953125, 1.4784384965896606]","[-11.172586441040039, -47.76433563232422, -3.542329788208008]",pedestrian,0.24449209868907928,False,True,21,False,False,False,True,7a0cca0f12d547518dd80d8df2c501bb,pedestrian,True,1.8128626041424682,0.5364966470462269,True,False,,0,0,False,False
b4_zero,compound,recovery_1_5,fcbccedd61424f1b85dcbf8f897f9754,de7593d76648450e947ba0c203dee1b0,1533151609.947025,13,5,694,propagated,keep,recover,2.0,0.5458440184593201,1.4405765533447266,0.043667521327733994,0.003167114220559597,0.9824900031089783,1.0,0.6898625493049622,"[0.35816502571105957, 0.30089670419692993, 0.0, 0.0, 0.0, 0.3409382700920105]","[0.0, 0.0, 0.0, 0.9999724626541138, 0.0, 3.8265452004943024e-13]","[6.5623779296875, -16.92022705078125, -1.6975879669189453]","[7.398021697998047, -17.488758087158203, -1.6969244480133057]","[624.723388671875, 1621.0556640625, 1.1033856868743896]","[6.52866792678833, -17.131715774536133, -1.6975879669189453]",pedestrian,0.3394840359687805,True,True,9,True,True,True,True,bff8170575c24b5d8714061f5349892b,pedestrian,True,0.35254157314395684,0.36392574070939276,True,False,13,0,0,True,False
b4_zero,compound,recovery_1_5,fcbccedd61424f1b85dcbf8f897f9754,de7593d76648450e947ba0c203dee1b0,1533151609.947025,13,5,697,propagated,keep,recover,2.0,0.5090146660804749,1.9425029754638672,0.04072117060422897,0.0029261058662086725,0.969048261642456,1.0,0.6783831119537354,"[0.20934583246707916, 0.0, 0.3650093972682953, 0.0, 0.42564472556114197, 0.0]","[0.0, 0.0, 0.0, 0.9999744892120361, 1.1103558350544773e-10, 0.0]","[-14.3736572265625, -24.590057373046875, -2.1994686126708984]","[-13.200279235839844, -25.24762535095215, -2.197218656539917]","[631.943359375, 1641.8541259765625, 1.2885024547576904]","[-14.443790435791016, -25.087255477905273, -2.1994686126708984]",pedestrian,0.17989833652973175,True,True,45,True,True,True,True,84b1b1dde33e44bea0d99dc3094fd49a,pedestrian,True,0.6266420526967909,0.2115691149025374,True,False,13,0,0,True,False
b4_zero,compound,recovery_1_5,fcbccedd61424f1b85dcbf8f897f9754,de7593d76648450e947ba0c203dee1b0,1533151609.947025,13,5,700,propagated,defer,defer,1.0,0.3813072144985199,0.0,0.0,0.0,0.9678375720977783,1.0,0.6738054752349854,"[0.0, 0.0, 0.0, 0.0, 0.0, 0.0]","[0.0, 0.0, 0.0, 0.9999785423278809, 3.0721633570429674e-10, 0.0]","[-15.58740234375, -26.239288330078125, -2.5062179565429688]","[-14.47458267211914, -27.269790649414062, -2.456596851348877]","[631.1981201171875, 1644.1365966796875, 1.1644893884658813]","[-15.615238189697266, -26.694473266601562, -2.5062179565429688]",pedestrian,0.10477093607187271,False,True,103,False,False,False,True,c97be344ac4143ffa69b0b5ed22f31c2,pedestrian,True,0.970197868302087,1.1328159306769259,True,False,13,0,0,True,False
b4_zero,compound,recovery_1_5,fcbccedd61424f1b85dcbf8f897f9754,de7593d76648450e947ba0c203dee1b0,1533151609.947025,13,5,709,propagated,defer,defer,5.0,0.5550536513328552,0.0,0.0,0.0,0.9743124842643738,1.0,0.744199275970459,"[0.0, 0.0, 0.0, 0.0, 0.0, 0.0]","[0.0, 0.0, 0.0, 0.9999347925186157, 0.0, 2.171428625130944e-22]","[9.70770263671875, -40.9630126953125, -2.8641433715820312]","[10.846141815185547, -41.01525115966797, -2.8153209686279297]","[604.4254760742188, 1633.488037109375, 1.3621312379837036]","[9.707701683044434, -40.9630126953125, -2.8641433715820312]",traffic_cone,0.16676877439022064,False,True,53,False,False,False,False,,,False,3.454204594457012,,False,True,,0,0,False,False
b4_zero,compound,recovery_1_5,fcbccedd61424f1b85dcbf8f897f9754,de7593d76648450e947ba0c203dee1b0,1533151609.947025,13,5,720,propagated,defer,defer,1.0,0.3519538640975952,0.0,0.0,0.0,0.9533571004867554,1.0,0.7678280472755432,"[0.0, 0.0, 0.0, 0.0, 0.0, 0.0]","[0.0, 0.0, 0.0, 0.9999783039093018, 1.3123267750270173e-10, 0.0]","[-13.0294189453125, -21.51800537109375, -2.0904674530029297]","[-11.899974822998047, -22.572629928588867, -2.0702874660491943]","[633.16748046875, 1639.140869140625, 1.2408652305603027]","[-13.029419898986816, -21.51800537109375, -2.0904674530029297]",pedestrian,0.11520058661699295,False,True,85,False,False,False,False,,,False,2.096908243478554,,False,True,,0,0,False,False
b4_zero,compound,recovery_1_5,fcbccedd61424f1b85dcbf8f897f9754,de7593d76648450e947ba0c203dee1b0,1533151609.947025,13,5,723,propagated,keep,recover,2.0,0.4522036612033844,2.0010690689086914,0.03617629036307335,0.00242653489112854,0.9613587856292725,1.0,0.685971736907959,"[0.08230981230735779, 0.0, 0.3606434464454651, 0.0, 0.5570467710494995, 0.0]","[0.0, 0.0, 0.0, 0.9999806880950928, 1.3800619313997231e-08, 0.0]","[-16.6763916015625, -26.49786376953125, -2.4756298065185547]","[-15.471385955810547, -27.216567993164062, -2.518134355545044]","[631.8748779296875, 1644.8709716796875, 1.1104658842086792]","[-16.6763916015625, -26.49786376953125, -2.4756298065185547]",pedestrian,0.11708710342645645,True,True,83,False,False,False,True,c97be344ac4143ffa69b0b5ed22f31c2,pedestrian,True,0.34095994151627323,9.486499093480513e-08,True,False,13,0,0,True,False
b4_zero,compound,recovery_1_5,fcbccedd61424f1b85dcbf8f897f9754,de7593d76648450e947ba0c203dee1b0,1533151609.947025,13,5,738,propagated,defer,defer,2.0,0.4304380714893341,0.0,0.0,0.0,0.9648510813713074,1.0,0.7287918329238892,"[0.0, 0.0, 0.0, 0.0, 0.0, 0.0]","[0.0, 0.0, 0.0, 0.9999499320983887, 3.148431470560286e-36, 0.0]","[-10.00897216796875, -46.952301025390625, -3.579740524291992]","[-8.794784545898438, -47.671714782714844, -3.3404922485351562]","[611.876953125, 1652.8482666015625, 1.446092963218689]","[-10.096244812011719, -47.4766731262207, -3.579740524291992]",pedestrian,0.16947922110557556,False,True,50,False,False,False,True,7a0cca0f12d547518dd80d8df2c501bb,pedestrian,True,0.8859868763975484,0.5582299860614645,True,False,,0,0,False,False
b4_zero,compound,recovery_1_5,fcbccedd61424f1b85dcbf8f897f9754,de7593d76648450e947ba0c203dee1b0,1533151609.947025,13,5,743,propagated,keep,recover,1.0,0.3640654981136322,0.37230873107910156,0.029125239700078964,0.0,0.9745264053344727,1.0,0.694543719291687,"[0.0, 0.0, 0.0, 0.0, 1.0, 0.0]","[0.0, 0.0, 0.0, 0.9999488592147827, 0.00016693194629624486, 0.0]","[-15.84613037109375, -21.257293701171875, -2.169321060180664]","[-14.863044738769531, -21.81760597229004, -2.2681896686553955]","[635.6363525390625, 1640.943359375, 1.0295159816741943]","[-15.84613037109375, -21.257293701171875, -2.169321060180664]",pedestrian,0.10983776301145554,True,True,94,False,False,False,False,,,False,3.074174110939733,,False,True,,5,5,False,False
b4_zero,compound,recovery_1_5,fcbccedd61424f1b85dcbf8f897f9754,de7593d76648450e947ba0c203dee1b0,1533151609.947025,13,5,759,propagated,defer,defer,1.0,0.4738675355911255,0.0,0.0,0.0,0.9719505310058594,1.0,0.7552058696746826,"[0.0, 0.0, 0.0, 0.0, 0.0, 0.0]","[0.0, 0.0, 0.0, 0.9999507665634155, 2.0103428519966208e-30, 0.0]","[-11.483642578125, -43.631927490234375, -3.3439407348632812]","[-10.514984130859375, -44.72211837768555, -3.149021625518799]","[615.24853515625, 1652.2762451171875, 1.4784983396530151]","[-11.553009986877441, -44.16801834106445, -3.3439407348632812]",pedestrian,0.15810246765613556,False,True,57,False,False,False,True,2f009793dd694578990c045dc8c77e31,pedestrian,True,1.6466199810823923,0.5072738910898993,True,False,,0,0,False,False
b4_zero,compound,recovery_1_5,fcbccedd61424f1b85dcbf8f897f9754,de7593d76648450e947ba0c203dee1b0,1533151609.947025,13,5,762,propagated,keep,recover,1.0,0.4570327699184418,0.925236701965332,0.03656262159347534,0.0,0.9915858507156372,1.0,0.6747554540634155,"[0.02167416550219059, 0.0, 0.36915111541748047, 0.0, 0.6091747879981995, 0.0]","[0.0, 0.0, 0.0, 0.9999750852584839, 3.433301390032284e-05, 0.0]","[-18.08477783203125, -26.36767578125, -2.5121326446533203]","[-17.515193939208984, -26.666526794433594, -2.605679750442505]","[633.6021728515625, 1646.0933837890625, 1.0117988586425781]","[-18.08477783203125, -26.36767578125, -2.5121326446533203]",pedestrian,0.11158111691474915,True,True,92,False,False,False,False,,,False,2.158615730620928,,False,True,,5,5,False,False
b4_zero,compound,recovery_1_5,fcbccedd61424f1b85dcbf8f897f9754,de7593d76648450e947ba0c203dee1b0,1533151609.947025,13,5,767,propagated,keep,recover,1.0,0.5532970428466797,0.7829809188842773,0.04426376149058342,0.0,0.9843040108680725,1.0,0.6834456324577332,"[0.0, 0.0, 0.14973339438438416, 0.0, 0.8502666354179382, 0.0]","[0.0, 0.0, 0.0, 0.999953031539917, 0.00032775921863503754, 0.0]","[-20.38836669921875, -28.280487060546875, -2.7054481506347656]","[-19.758947372436523, -28.90557098388672, -2.769688606262207]","[633.315185546875, 1649.25439453125, 1.0062943696975708]","[-20.38836669921875, -28.280487060546875, -2.7054481506347656]",pedestrian,0.10322865098714828,True,True,107,False,False,False,False,,,False,4.8363816232496655,,False,True,,4,4,False,False
b4_zero,compound,recovery_1_5,fcbccedd61424f1b85dcbf8f897f9754,de7593d76648450e947ba0c203dee1b0,1533151609.947025,13,5,770,propagated,keep,recover,2.0,0.37908604741096497,1.5044746398925781,0.030326882377266884,0.0022067874670028687,0.9597721099853516,1.0,0.707828938961029,"[0.3309440314769745, 0.2214479297399521, 0.0, 0.0, 0.0, 0.4476080536842346]","[0.0, 0.0, 0.0, 0.9999707937240601, 0.0, 9.791114723460212e-15]","[6.11468505859375, -17.94207763671875, -1.7696590423583984]","[7.360645294189453, -18.75580596923828, -1.7730276584625244]","[623.7724609375, 1621.8973388671875, 1.103850245475769]","[6.109062671661377, -18.05830955505371, -1.7696590423583984]",pedestrian,0.10419141501188278,True,True,104,True,True,True,True,4eb1a864acc24ef89aa487d5002cc071,pedestrian,True,0.1893184144766874,0.11702226966545544,True,False,13,0,0,True,False
b4_zero,compound,recovery_1_5,fcbccedd61424f1b85dcbf8f897f9754,de7593d76648450e947ba0c203dee1b0,1533151609.947025,13,5,779,propagated,defer,defer,1.0,0.44791465997695923,0.0,0.0,0.0,0.9759997725486755,1.0,0.757106602191925,"[0.0, 0.0, 0.0, 0.0, 0.0, 0.0]","[0.0, 0.0, 0.0, 0.9999493360519409, 2.8678503534587693e-35, 0.0]","[-9.88116455078125, -45.544281005859375, -3.5318756103515625]","[-8.900413513183594, -46.204505920410156, -3.23124361038208]","[613.0742797851562, 1651.987060546875, 1.4682210683822632]","[-9.953453063964844, -46.08052062988281, -3.5318756103515625]",pedestrian,0.15451547503471375,False,True,61,False,False,False,False,,,False,2.257235130959532,,False,True,,0,0,False,False
b4_zero,compound,recovery_1_5,fcbccedd61424f1b85dcbf8f897f9754,de7593d76648450e947ba0c203dee1b0,1533151609.947025,13,5,785,propagated,keep,recover,1.0,0.3774983286857605,1.0597858428955078,0.030199864879250526,0.0,0.9803094863891602,1.0,0.6839641332626343,"[0.13235601782798767, 0.0, 0.35511383414268494, 0.0, 0.5125302076339722, 0.0]","[0.0, 0.0, 0.0, 0.9999432563781738, 0.0002347040717722848, 0.0]","[-16.29351806640625, -22.277587890625, -2.2677078247070312]","[-15.299312591552734, -22.326017379760742, -2.327343463897705]","[635.5234375, 1641.60595703125, 1.0056158304214478]","[-16.29351806640625, -22.277587890625, -2.2677078247070312]",pedestrian,0.0941835269331932,True,True,123,False,False,False,False,,,False,2.839443001794602,,False,True,,5,5,False,False
b4_zero,compound,recovery_1_5,fcbccedd61424f1b85dcbf8f897f9754,de7593d76648450e947ba0c203dee1b0,1533151609.947025,13,5,804,propagated,keep,recover,1.0,0.36643311381340027,0.8688125610351562,0.029314648360013962,0.0,0.9833067059516907,1.0,0.7109693884849548,"[0.011473841033875942, 0.0, 0.3794792890548706, 0.0, 0.6090468764305115, 0.0]","[0.0, 0.0, 0.0, 0.9999812841415405, 2.8269498670852045e-06, 0.0]","[-17.7645263671875, -26.7518310546875, -2.5220394134521484]","[-16.862388610839844, -26.908124923706055, -2.580601215362549]","[632.9998168945312, 1645.7451171875, 1.044390082359314]","[-17.7645263671875, -26.7518310546875, -2.5220394134521484]",pedestrian,0.07745588570833206,True,True,176,False,False,False,True,c97be344ac4143ffa69b0b5ed22f31c2,pedestrian,True,1.4944328530058668,2.0598860116367386e-07,True,False,13,0,0,True,False
b4_zero,compound,recovery_1_5,fcbccedd61424f1b85dcbf8f897f9754,de7593d76648450e947ba0c203dee1b0,1533151609.947025,13,5,809,propagated,keep,recover,1.0,0.3584691882133484,1.0184288024902344,0.02867753431200981,0.0,0.9826908707618713,1.0,0.6878241300582886,"[0.09328312426805496, 0.0, 0.35853490233421326, 0.0, 0.54818195104599, 0.0]","[0.0, 0.0, 0.0, 0.9999468326568604, 0.00021153500711079687, 0.0]","[-16.29345703125, -22.27728271484375, -2.272581100463867]","[-15.392074584960938, -22.511871337890625, -2.346825361251831]","[635.4395141601562, 1641.796875, 0.9983081817626953]","[-16.29345703125, -22.27728271484375, -2.272581100463867]",pedestrian,0.07958593964576721,True,True,168,False,False,False,False,,,False,2.846578271052473,,False,True,,5,5,False,False
b4_zero,compound,recovery_1_5,fcbccedd61424f1b85dcbf8f897f9754,de7593d76648450e947ba0c203dee1b0,1533151609.947025,13,5,813,propagated,keep,recover,1.0,0.45395299792289734,0.6932687759399414,0.03631623834371567,0.0,0.9817526936531067,1.0,0.7055051922798157,"[0.0, 0.0, 0.1713368147611618, 0.0, 0.828663170337677, 0.0]","[0.0, 0.0, 0.0, 0.9999778270721436, 1.3926706742495298e-05, 0.0]","[-19.74859619140625, -29.05224609375, -2.6667823791503906]","[-18.80602264404297, -29.215768814086914, -2.741644859313965]","[632.4680786132812, 1648.7193603515625, 1.0427722930908203]","[-19.74859619140625, -29.05224609375, -2.6667823791503906]",pedestrian,0.0771917775273323,True,True,178,False,False,False,False,,,False,4.155544555063604,,False,True,,4,4,False,False
b4_zero,compound,recovery_1_5,fcbccedd61424f1b85dcbf8f897f9754,de7593d76648450e947ba0c203dee1b0,1533151609.947025,13,5,814,propagated,keep,recover,1.0,0.48587650060653687,0.63055419921875,0.03887011855840683,0.0,0.9710110425949097,1.0,0.6764797568321228,"[0.0, 0.0, 0.0034290009643882513, 0.0, 0.9965709447860718, 0.0]","[0.0, 0.0, 0.0, 0.9999558925628662, 0.0002502817951608449, 0.0]","[-19.94097900390625, -27.26031494140625, -2.605112075805664]","[-18.763263702392578, -27.53913688659668, -2.683331251144409]","[633.7290649414062, 1647.61279296875, 0.9999165534973145]","[-19.94097900390625, -27.26031494140625, -2.605112075805664]",pedestrian,0.09033199399709702,True,True,134,False,False,False,False,,,False,3.4587141766939116,,False,True,,5,5,False,False
b4_zero,compound,recovery_1_5,fcbccedd61424f1b85dcbf8f897f9754,de7593d76648450e947ba0c203dee1b0,1533151609.947025,13,5,817,propagated,keep,recover,2.0,0.41879338026046753,0.46758508682250977,0.033503469079732895,0.0027485541068017483,0.971145510673523,1.0,0.6961140036582947,"[0.0, 1.6426143556790074e-19, 0.0, 0.0, 0.0, 1.0]","[0.0, 0.0, 0.0, 0.9999738931655884, 0.0, 9.417326204207602e-17]","[5.15362548828125, -16.792022705078125, -1.7009525299072266]","[6.270210266113281, -17.377532958984375, -1.6992771625518799]","[625.5308837890625, 1621.850830078125, 1.106349229812622]","[5.102054119110107, -17.062328338623047, -1.7009525299072266]",pedestrian,0.08437125384807587,True,True,152,True,True,True,True,0e9b314c6a1f41189116b67fb257d8ba,pedestrian,True,0.4596093677179364,0.08340023270614998,True,False,13,0,0,True,False
b4_zero,compound,recovery_1_5,fcbccedd61424f1b85dcbf8f897f9754,de7593d76648450e947ba0c203dee1b0,1533151609.947025,13,5,818,propagated,defer,defer,1.0,0.41662541031837463,0.0,0.0,0.0,0.894273042678833,1.0,0.7504861354827881,"[0.0, 0.0, 0.0, 0.0, 0.0, 0.0]","[0.0, 0.0, 0.0, 0.9999423027038574, 0.0, 0.0]","[-4.7581787109375, -36.06219482421875, -3.3577804565429688]","[-3.251361846923828, -38.926815032958984, -2.6838176250457764]","[615.0604858398438, 1642.974365234375, 1.5178955793380737]","[-4.94999361038208, -40.426025390625, -3.3577804565429688]",traffic_cone,0.0007420137990266085,False,False,-1,False,False,False,True,cf11445013d14ce98d71c50b898e0744,car,False,1.0618109941085399,1.2786898176248471,False,True,,0,0,False,False
b4_zero,compound,recovery_1_5,fcbccedd61424f1b85dcbf8f897f9754,de7593d76648450e947ba0c203dee1b0,1533151609.947025,13,5,832,propagated,keep,recover,1.0,0.43065905570983887,0.6755084991455078,0.03445272520184517,0.0,0.9926257729530334,1.0,0.7136846780776978,"[0.0, 0.0, 0.16723188757896423, 0.0, 0.8327680826187134, 0.0]","[0.0, 0.0, 0.0, 0.9999799728393555, 2.5915453534253174e-06, 0.0]","[-18.66021728515625, -28.797027587890625, -2.641815185546875]","[-18.257164001464844, -29.246440887451172, -2.716996908187866]","[632.0940551757812, 1648.3162841796875, 1.0633819103240967]","[-18.66021728515625, -28.797027587890625, -2.641815185546875]",pedestrian,0.07012967765331268,True,True,206,False,False,False,False,,,False,3.732448802501409,,False,True,,4,4,False,False
b4_zero,compound,recovery_1_5,fcbccedd61424f1b85dcbf8f897f9754,de7593d76648450e947ba0c203dee1b0,1533151609.947025,13,5,844,propagated,defer,defer,1.0,0.39963680505752563,0.0,0.0,0.0,0.9808704853057861,1.0,0.7439164519309998,"[0.0, 0.0, 0.0, 0.0, 0.0, 0.0]","[0.0, 0.0, 0.0, 0.9999781847000122, 1.9585115751397097e-06, 0.0]","[-29.08685302734375, -45.90350341796875, -4.020925521850586]","[-28.732755661010742, -46.81968688964844, -4.051937580108643]","[625.2706298828125, 1667.6490478515625, 0.8967362642288208]","[-29.08685302734375, -45.90350341796875, -4.020925521850586]",pedestrian,0.050542090088129044,False,False,-1,False,False,False,False,,,False,19.27952516187579,,False,True,,0,0,False,False
b4_zero,compound,recovery_1_5,fcbccedd61424f1b85dcbf8f897f9754,de7593d76648450e947ba0c203dee1b0,1533151609.947025,13,5,850,propagated,defer,defer,1.0,0.32030072808265686,0.0,0.0,0.0,0.9841479063034058,1.0,0.7124527096748352,"[0.0, 0.0, 0.0, 0.0, 0.0, 0.0]","[0.0, 0.0, 0.0, 0.9999761581420898, 2.47030152422667e-06, 0.0]","[-31.967041015625, -50.252044677734375, -4.237199783325195]","[-31.12366485595703, -50.54778289794922, -4.2516632080078125]","[623.934326171875, 1671.8759765625, 0.9464958906173706]","[-31.967041015625, -50.252044677734375, -4.237199783325195]",pedestrian,0.04531757906079292,False,False,-1,False,False,False,False,,,False,22.56132639445763,,False,True,,0,0,False,False
b4_zero,compound,recovery_1_5,fcbccedd61424f1b85dcbf8f897f9754,de7593d76648450e947ba0c203dee1b0,1533151609.947025,13,5,851,propagated,defer,defer,1.0,0.21416454017162323,0.0,0.0,0.0,0.9816396236419678,1.0,0.7584825158119202,"[0.0, 0.0, 0.0, 0.0, 0.0, 0.0]","[0.0, 0.0, 0.0, 0.9999737739562988, 0.00011490657925605774, 0.0]","[-32.47955322265625, -48.075164794921875, -4.178779602050781]","[-31.53274917602539, -47.563411712646484, -4.262197494506836]","[626.4850463867188, 1670.2841796875, 0.7612513303756714]","[-32.42082595825195, -47.925228118896484, -4.178779602050781]",traffic_cone,0.006640899460762739,False,False,-1,False,False,False,False,,,False,22.174205847142122,,False,True,,0,0,False,False
b4_zero,compound,recovery_1_5,fcbccedd61424f1b85dcbf8f897f9754,de7593d76648450e947ba0c203dee1b0,1533151609.947025,13,5,867,propagated,defer,defer,4.0,0.38259321451187134,0.0,0.0,0.0,0.9994649887084961,1.0,0.6722702383995056,"[0.0, 0.0, 0.0, 0.0, 0.0, 0.0]","[0.0, 0.0, 0.0, 0.9999517202377319, 3.979727930623556e-24, 0.0]","[-12.19171142578125, -39.68084716796875, -2.929018020629883]","[-12.076377868652344, -39.87417984008789, -2.829185724258423]","[619.9796142578125, 1650.3636474609375, 1.5234330892562866]","[-12.204913139343262, -39.8906135559082, -2.929018020629883]",pedestrian,0.10117309540510178,False,True,109,False,False,False,False,,,False,4.064992706360987,,False,True,,0,0,False,False
b4_zero,compound,recovery_1_5,fcbccedd61424f1b85dcbf8f897f9754,de7593d76648450e947ba0c203dee1b0,1533151609.947025,13,5,872,propagated,keep,recover,1.0,0.4405752718448639,0.14578771591186523,0.035246022045612335,0.0,0.9756979942321777,1.0,0.7596692442893982,"[0.0, 0.0, 0.0, 0.0, 1.0, 0.0]","[0.0, 0.0, 0.0, 0.9999728202819824, 0.00013236752420198172, 0.0]","[-32.350830078125, -46.662506103515625, -4.207912445068359]","[-31.451061248779297, -47.31062316894531, -4.22960090637207]","[626.6278686523438, 1670.0584716796875, 0.7777506113052368]","[-32.350830078125, -46.662506103515625, -4.207912445068359]",pedestrian,0.057948559522628784,True,False,-1,False,False,False,False,,,False,22.04485258702095,,False,True,,0,0,False,False
b4_zero,compound,recovery_1_5,fcbccedd61424f1b85dcbf8f897f9754,de7593d76648450e947ba0c203dee1b0,1533151609.947025,13,5,879,propagated,defer,defer,3.0,0.4599442780017853,0.0,0.0,0.0,0.9043924808502197,1.0,0.7431285977363586,"[0.0, 0.0, 0.0, 0.0, 0.0, 0.0]","[0.0, 0.0, 0.0, 0.9999434947967529, 0.0, 0.0]","[-6.4886474609375, -35.5582275390625, -3.2128372192382812]","[-4.8408966064453125, -39.37528991699219, -2.716487407684326]","[615.733154296875, 1644.483154296875, 1.5290902853012085]","[-6.991093158721924, -39.76884460449219, -3.2128372192382812]",bicycle,0.001572981127537787,False,False,-1,False,False,False,False,,,False,2.4224414169817257,,False,True,,0,0,False,False
b4_zero,compound,recovery_1_5,fcbccedd61424f1b85dcbf8f897f9754,de7593d76648450e947ba0c203dee1b0,1533151609.947025,13,5,895,propagated,defer,defer,1.0,0.3819344937801361,0.0,0.0,0.0,0.9671435356140137,1.0,0.6983861923217773,"[0.0, 0.0, 0.0, 0.0, 0.0, 0.0]","[0.0, 0.0, 0.0, 0.9999798536300659, 1.5365602124006728e-08, 0.0]","[-19.68182373046875, -32.239715576171875, -2.984893798828125]","[-18.43376922607422, -32.570987701416016, -2.9297940731048584]","[629.6487426757812, 1650.5855712890625, 1.0523465871810913]","[-19.68182373046875, -32.239715576171875, -2.984893798828125]",pedestrian,0.038329459726810455,False,False,-1,False,False,False,False,,,False,6.467472327474511,,False,True,,0,0,False,False
b4_zero,compound,recovery_1_5,325cef682f064c55a255f2625c533b75,61a7bd24f88a46c2963280d8b13ac675,1538984239.948316,53,5,680,propagated,keep,recover,1.0,0.5472473502159119,1.2141828536987305,0.04377978667616844,0.0,0.975168764591217,1.0,0.7571864724159241,"[0.08734752237796783, 0.0, 0.30736956000328064, 0.0, 0.6052829623222351, 0.0]","[0.0, 0.0, 0.0, 0.9999972581863403, 1.8660106793078057e-09, 0.0]","[-7.6326904296875, -14.50921630859375, -1.6862144470214844]","[-7.561683654785156, -12.744644165039062, -1.577484369277954]","[716.5418701171875, 1787.5343017578125, 1.1519461870193481]","[-7.679215908050537, -13.854418754577637, -1.6862144470214844]",pedestrian,0.2892642617225647,True,True,26,True,True,False,True,293abeb43b2a439abcd4ff08b981eeb9,pedestrian,True,1.427133702223172,0.20419076496450003,True,False,13,0,0,True,False
b4_zero,compound,recovery_1_5,325cef682f064c55a255f2625c533b75,61a7bd24f88a46c2963280d8b13ac675,1538984239.948316,53,5,734,propagated,defer,defer,4.0,0.3592148423194885,0.0,0.0,0.0,0.9890705347061157,1.0,0.6719799041748047,"[0.0, 0.0, 0.0, 0.0, 0.0, 0.0]","[0.0, 0.0, 0.0, 0.9999973773956299, 0.0, 0.0]","[4.25897216796875, -42.255615234375, -4.0883941650390625]","[4.978290557861328, -42.07924270629883, -4.1192522048950195]","[732.9564819335938, 1814.997314453125, 0.39811766147613525]","[4.258971214294434, -42.255615234375, -4.0883941650390625]",car,0.002064612228423357,False,False,-1,False,False,False,False,,,False,7.280710532194045,,False,True,,0,0,False,False
b4_zero,compound,recovery_1_5,325cef682f064c55a255f2625c533b75,61a7bd24f88a46c2963280d8b13ac675,1538984239.948316,53,5,839,propagated,defer,defer,1.0,0.33942317962646484,0.0,0.0,0.0,0.9845809936523438,1.0,0.7781499624252319,"[0.0, 0.0, 0.0, 0.0, 0.0, 0.0]","[0.0, 0.0, 0.0, 0.9999957084655762, 4.451407165507841e-15, 0.0]","[-12.05364990234375, -27.3321533203125, -2.7439613342285156]","[-12.077186584472656, -26.476722717285156, -2.5326759815216064]","[730.3267211914062, 1791.9896240234375, 1.154712200164795]","[-12.053650856018066, -27.3321533203125, -2.7439613342285156]",pedestrian,0.10873696208000183,False,True,66,False,False,False,False,,,False,3.457534814927602,,False,True,,0,0,False,False
b4_zero,compound,recovery_1_5,325cef682f064c55a255f2625c533b75,61a7bd24f88a46c2963280d8b13ac675,1538984239.948316,53,5,856,propagated,defer,defer,4.0,0.3411481976509094,0.0,0.0,0.0,0.9897509813308716,1.0,0.6739739179611206,"[0.0, 0.0, 0.0, 0.0, 0.0, 0.0]","[0.0, 0.0, 0.0, 0.9999973773956299, 0.0, 0.0]","[3.45025634765625, -41.6705322265625, -4.008697509765625]","[3.628875732421875, -40.97541427612305, -4.009803295135498]","[732.8546752929688, 1813.2542724609375, 0.4505249261856079]","[3.4502553939819336, -41.6705322265625, -4.008697509765625]",bicycle,0.001918744295835495,False,False,-1,False,False,False,False,,,False,6.743502038709213,,False,True,,0,0,False,False
b4_zero,compound,recovery_1_5,325cef682f064c55a255f2625c533b75,61a7bd24f88a46c2963280d8b13ac675,1538984239.948316,53,5,876,propagated,defer,defer,1.0,0.24809150397777557,0.0,0.0,0.0,0.975107729434967,1.0,0.7800832390785217,"[0.0, 0.0, 0.0, 0.0, 0.0, 0.0]","[0.0, 0.0, 0.0, 0.9999959468841553, 5.079983962918153e-15, 0.0]","[-13.3060302734375, -30.739013671875, -3.029613494873047]","[-13.494087219238281, -29.649751663208008, -2.83337664604187]","[733.7366333007812, 1792.719482421875, 1.079912781715393]","[-13.306031227111816, -30.739013671875, -3.029613494873047]",pedestrian,0.04718128219246864,False,True,167,False,False,False,True,0b4e0eb8ab06454d8904248794faa095,pedestrian,True,0.09321122273063864,1.2519144069392812e-06,True,False,,0,0,False,False
b4_zero,compound,recovery_1_5,325cef682f064c55a255f2625c533b75,61a7bd24f88a46c2963280d8b13ac675,1538984239.948316,53,5,884,propagated,defer,defer,1.0,0.38527584075927734,0.0,0.0,0.0,0.9815770387649536,1.0,0.7795062065124512,"[0.0, 0.0, 0.0, 0.0, 0.0, 0.0]","[0.0, 0.0, 0.0, 0.9999934434890747, 5.556115382844398e-24, 0.0]","[-10.00067138671875, -31.3077392578125, -2.83258056640625]","[-9.775943756103516, -30.412973403930664, -2.5521697998046875]","[732.1458129882812, 1796.165283203125, 1.36717689037323]","[-10.000672340393066, -31.3077392578125, -2.83258056640625]",pedestrian,0.17031152546405792,False,True,46,True,False,False,True,26ae4a920a9c4457909454cd8a84c959,pedestrian,True,1.3656572056920655,1.3130029519315965e-06,True,False,13,0,0,True,False
b6_zero,camera_crash_5,recovery_1_5,fcbccedd61424f1b85dcbf8f897f9754,fa65a298c01f44e7a182bbf9e5fe3697,1533151607.548824,8,5,655,propagated,keep,recover,1.0,0.39999401569366455,0.1342625617980957,0.03199952095746994,0.0,0.9021583795547485,0.0,0.7246978282928467,"[0.0, 0.0, 0.0, 0.0, 1.0, 0.0]","[0.0, 0.0, 0.0, 0.9998987913131714, 0.0, 0.0]","[-4.4727783203125, -17.782318115234375, -1.609182357788086]","[-2.9723854064941406, -20.62300682067871, -1.2681334018707275]","[615.093017578125, 1642.7025146484375, 1.626086711883545]","[-4.494548797607422, -22.270721435546875, -1.609182357788086]",barrier,0.00024844001745805144,True,False,-1,False,False,False,False,,,False,2.1255089954600117,,False,True,,0,0,False,False
b6_zero,camera_crash_5,recovery_1_5,fcbccedd61424f1b85dcbf8f897f9754,fa65a298c01f44e7a182bbf9e5fe3697,1533151607.548824,8,5,666,propagated,keep,recover,2.0,0.5852975249290466,1.3055386543273926,0.046543899923563004,0.0,0.9951579570770264,3.391039845858208e-19,0.6927732825279236,"[0.20432423055171967, 0.4027843475341797, 0.0, 0.0, 0.0, 0.39289140701293945]","[0.0, 0.0, 0.0, 0.9997053742408752, 0.0, 5.165168034867933e-19]","[6.65521240234375, -20.262725830078125, -1.3687705993652344]","[6.644737243652344, -20.793445587158203, -0.877342700958252]","[608.8411865234375, 1635.3909912109375, 1.9832115173339844]","[6.664652347564697, -20.821630477905273, -1.3687705993652344]",pedestrian,0.34902751445770264,True,True,10,True,True,False,True,aa0ab0cab40d4467aa12cd5c491829d3,pedestrian,True,0.48575254288075476,0.21969369749504875,True,False,8,0,0,True,False
b6_zero,camera_crash_5,recovery_1_5,fcbccedd61424f1b85dcbf8f897f9754,fa65a298c01f44e7a182bbf9e5fe3697,1533151607.548824,8,5,678,propagated,keep,recover,2.0,0.5525408983230591,1.1922531127929688,0.044203270226716995,0.0,0.9958161115646362,5.407221907019105e-21,0.7050058841705322,"[0.00864425115287304, 0.0, 0.39488857984542847, 0.0, 0.596467137336731, 0.0]","[0.0, 0.0, 0.0, 0.9998936653137207, 6.484629097734042e-21, 0.0]","[-9.171875, -26.2147216796875, -1.8539409637451172]","[-9.396011352539062, -26.95732879638672, -1.499145269393921]","[614.3096313476562, 1651.6920166015625, 1.7438931465148926]","[-9.125779151916504, -26.853748321533203, -1.8539409637451172]",pedestrian,0.3211306035518646,True,True,15,True,False,False,True,101185cd967c4b039511966867bd0c55,pedestrian,True,0.4466601936181949,0.06526878420274919,True,False,8,0,0,True,False
b6_zero,camera_crash_5,recovery_1_5,fcbccedd61424f1b85dcbf8f897f9754,fa65a298c01f44e7a182bbf9e5fe3697,1533151607.548824,8,5,688,propagated,keep,recover,1.0,0.5050300359725952,0.7780723571777344,0.040402401238679886,0.0,0.9989355206489563,2.6872911380415414e-14,0.6991068124771118,"[0.0800115168094635, 0.0, 0.4086270332336426, 0.0, 0.5113614797592163, 0.0]","[0.0, 0.0, 0.0, 0.999923586845398, 3.4652331324476135e-14, 0.0]","[-10.1826171875, -21.864501953125, -1.6494560241699219]","[-10.279033660888672, -22.5369930267334, -1.4403791427612305]","[618.2754516601562, 1649.554443359375, 1.5826873779296875]","[-10.187853813171387, -22.501991271972656, -1.6494560241699219]",pedestrian,0.2923281490802765,True,True,18,True,True,False,True,09ed64da038c4baba2468c94874e1e19,pedestrian,True,0.40267069019749835,0.029999128656480314,True,False,8,0,0,True,False
b6_zero,camera_crash_5,recovery_1_5,fcbccedd61424f1b85dcbf8f897f9754,fa65a298c01f44e7a182bbf9e5fe3697,1533151607.548824,8,5,714,propagated,defer,defer,1.0,0.6428644061088562,0.0,0.0,0.0,0.9783931374549866,0.0,0.7072105407714844,"[0.0, 0.0, 0.0, 0.0, 0.0, 0.0]","[0.0, 0.0, 0.0, 0.9997276663780212, 0.0, 4.0692335978630715e-20]","[9.31463623046875, -29.728668212890625, -1.883199691772461]","[8.669212341308594, -29.110593795776367, -1.1551165580749512]","[601.1416625976562, 1639.1392822265625, 2.1179676055908203]","[9.281977653503418, -29.542564392089844, -1.883199691772461]",pedestrian,0.43364906311035156,False,True,4,True,True,False,True,9e8c9ceb4d984442b41fcc25342df4b4,pedestrian,True,1.193962685215708,0.20948339275709082,True,False,8,0,0,True,False
b6_zero,camera_crash_5,recovery_1_5,fcbccedd61424f1b85dcbf8f897f9754,fa65a298c01f44e7a182bbf9e5fe3697,1533151607.548824,8,5,739,propagated,keep,recover,2.0,0.5848299264907837,0.8698291778564453,0.046543899923563004,0.0,0.9932065010070801,7.200566098236605e-13,0.703005313873291,"[0.0, 0.21177327632904053, 0.0, 0.0, 0.0, 0.7882267236709595]","[0.0, 0.0, 0.0, 0.9998669624328613, 0.0, 7.454928059417998e-13]","[9.977294921875, -22.68780517578125, -1.7617874145507812]","[9.626686096191406, -22.914945602416992, -1.353968858718872]","[605.2896728515625, 1634.462890625, 1.601622462272644]","[9.977294921875, -22.68780517578125, -1.7617874145507812]",traffic_cone,0.1276024878025055,True,True,92,False,False,False,False,,,False,3.4194631103053936,,False,True,,1,1,False,False
b6_zero,camera_crash_5,recovery_1_5,fcbccedd61424f1b85dcbf8f897f9754,fa65a298c01f44e7a182bbf9e5fe3697,1533151607.548824,8,5,791,propagated,defer,defer,2.0,0.48117539286613464,0.0,0.0,0.0,0.9918581247329712,0.0,0.7521753907203674,"[0.0, 0.0, 0.0, 0.0, 0.0, 0.0]","[0.0, 0.0, 0.0, 0.9997342228889465, 0.0, 7.701237108963255e-14]","[10.986328125, -27.056793212890625, -1.5957221984863281]","[10.622138977050781, -26.662412643432617, -1.119680643081665]","[601.7803955078125, 1636.0748291015625, 2.020958662033081]","[10.97863483428955, -26.427780151367188, -1.5957221984863281]",pedestrian,0.1431163251399994,False,True,80,False,False,False,False,,,False,2.649228712213622,,False,True,,0,0,False,False
b6_zero,camera_crash_5,recovery_1_5,325cef682f064c55a255f2625c533b75,5b7cb170eee6468aa1fdbd3abcf63c5a,1538984237.446737,48,5,741,propagated,keep,recover,1.0,0.4295710027217865,0.620628833770752,0.03436568006873131,0.0,0.9709899425506592,9.535492395684741e-10,0.692499577999115,"[0.0, 0.0, 0.20133553445339203, 0.0, 0.7986644506454468, 0.0]","[0.0, 0.0, 0.0, 0.9999885559082031, 9.833701630768132e-10, 0.0]","[-14.5728759765625, -26.90325927734375, -1.9712677001953125]","[-14.520011901855469, -25.69147300720215, -1.9440865516662598]","[737.1032104492188, 1805.5615234375, 1.0034606456756592]","[-14.572876930236816, -26.90325927734375, -1.9712677001953125]",bicycle,0.0987008586525917,True,True,105,False,False,False,True,4568d80512604a31a3adc93ff236bf5a,bicycle,True,1.0383471997087537,2.2185404936919135e-06,True,False,8,0,0,True,False
b6_zero,camera_crash_5,recovery_1_5,325cef682f064c55a255f2625c533b75,5b7cb170eee6468aa1fdbd3abcf63c5a,1538984237.446737,48,5,839,propagated,defer,defer,4.0,0.37376487255096436,0.0,0.0,0.0,0.9518104195594788,0.0,0.7341686487197876,"[0.0, 0.0, 0.0, 0.0, 0.0, 0.0]","[0.0, 0.0, 0.0, 0.9999858140945435, 0.0, 0.0]","[-0.79913330078125, -25.07421875, -1.8852119445800781]","[-2.1991615295410156, -23.84590721130371, -1.5955729484558105]","[726.2308959960938, 1811.6507568359375, 1.2132834196090698]","[-1.388089895248413, -25.160343170166016, -1.8852119445800781]",pedestrian,0.07680036127567291,False,True,147,False,False,False,False,,,False,2.0688321178057634,,False,True,,0,0,False,False
b6_zero,camera_crash_5,recovery_1_5,325cef682f064c55a255f2625c533b75,5b7cb170eee6468aa1fdbd3abcf63c5a,1538984237.446737,48,5,841,propagated,defer,defer,4.0,0.402838796377182,0.0,0.0,0.0,0.9050626158714294,0.0,0.707520067691803,"[0.0, 0.0, 0.0, 0.0, 0.0, 0.0]","[0.0, 0.0, 0.0, 0.9999837875366211, 0.0, 0.0]","[-3.741241455078125, -28.62310791015625, -2.0010337829589844]","[-3.0199508666992188, -26.933984756469727, -1.7022895812988281]","[728.7740478515625, 1813.5880126953125, 1.236722469329834]","[-4.349804878234863, -28.703107833862305, -2.0010337829589844]",pedestrian,0.04690750688314438,False,True,212,False,False,False,False,,,False,5.249313460738692,,False,True,,0,0,False,False
b6_zero,camera_crash_5,recovery_1_5,325cef682f064c55a255f2625c533b75,5b7cb170eee6468aa1fdbd3abcf63c5a,1538984237.446737,48,5,855,propagated,defer,defer,4.0,0.478169322013855,0.0,0.0,0.0,0.9742958545684814,0.0,0.7722885608673096,"[0.0, 0.0, 0.0, 0.0, 0.0, 0.0]","[0.0, 0.0, 0.0, 0.9999847412109375, 0.0, 0.0]","[-2.81610107421875, -24.1109619140625, -1.7815093994140625]","[-2.741790771484375, -23.07637596130371, -1.5215532779693604]","[726.1859130859375, 1810.7083740234375, 1.2586603164672852]","[-3.402035713195801, -23.969972610473633, -1.7815093994140625]",pedestrian,0.076747365295887,False,True,148,False,False,False,True,1549e245295746028d52a8225503af6c,pedestrian,True,1.4865761643352304,0.9490400373989641,True,False,,0,0,False,False
b6_zero,camera_crash_5,recovery_1_5,325cef682f064c55a255f2625c533b75,5b7cb170eee6468aa1fdbd3abcf63c5a,1538984237.446737,48,5,860,propagated,defer,defer,3.0,0.454184353351593,0.0,0.0,0.0,0.9986445903778076,0.0,0.7948402762413025,"[0.0, 0.0, 0.0, 0.0, 0.0, 0.0]","[0.0, 0.0, 0.0, 0.9999858140945435, 2.4698140182951863e-31, 0.0]","[-5.22808837890625, -23.4539794921875, -1.6947669982910156]","[-5.700294494628906, -23.04355812072754, -1.585303544998169]","[728.50439453125, 1808.8699951171875, 1.2087969779968262]","[-5.837892532348633, -23.235660552978516, -1.6947669982910156]",pedestrian,0.017591997981071472,False,False,-1,False,False,False,False,,,False,3.910145422114758,,False,True,,0,0,False,False
b6_zero,camera_crash_10,recovery_1_5,fcbccedd61424f1b85dcbf8f897f9754,de7593d76648450e947ba0c203dee1b0,1533151609.947025,13,5,658,propagated,keep,recover,2.0,0.5380589365959167,1.9718456268310547,0.04304471239447594,0.0,0.976837158203125,1.9551429919495433e-11,0.6903524398803711,"[0.23009777069091797, 0.0, 0.34281572699546814, 0.0, 0.42708656191825867, 0.0]","[0.0, 0.0, 0.0, 0.9999736547470093, 2.7193108875778194e-11, 0.0]","[-13.6055908203125, -23.951446533203125, -2.1519241333007812]","[-12.828849792480469, -25.144500732421875, -2.1738524436950684]","[631.7855224609375, 1641.501953125, 1.3016899824142456]","[-13.656327247619629, -24.446958541870117, -2.1519241333007812]",pedestrian,0.33106115460395813,True,True,9,True,True,True,True,84b1b1dde33e44bea0d99dc3094fd49a,pedestrian,True,0.4683407440170487,0.20382589215456764,True,False,13,0,0,True,False
b6_zero,camera_crash_10,recovery_1_5,fcbccedd61424f1b85dcbf8f897f9754,de7593d76648450e947ba0c203dee1b0,1533151609.947025,13,5,660,propagated,keep,recover,2.0,0.5858240723609924,1.923126220703125,0.046543899923563004,0.0,0.9606045484542847,9.630667995585849e-17,0.7224138379096985,"[0.41884902119636536, 0.3266882300376892, 0.0, 0.0, 0.0, 0.2544627785682678]","[0.0, 0.0, 0.0, 0.9999749660491943, 0.0, 2.229104049460232e-16]","[5.15399169921875, -16.79010009765625, -1.7331161499023438]","[6.447654724121094, -17.598743438720703, -1.735654354095459]","[625.24609375, 1621.8575439453125, 1.0814274549484253]","[5.078790664672852, -17.23019027709961, -1.7331161499023438]",pedestrian,0.37107303738594055,True,True,3,True,True,True,True,0e9b314c6a1f41189116b67fb257d8ba,pedestrian,True,0.7154139945317184,0.09024418004171968,True,False,13,0,0,True,False
b6_zero,camera_crash_10,recovery_1_5,fcbccedd61424f1b85dcbf8f897f9754,de7593d76648450e947ba0c203dee1b0,1533151609.947025,13,5,665,propagated,defer,defer,2.0,0.5353086590766907,0.0,0.0,0.0,0.9546973705291748,0.0,0.7477715015411377,"[0.0, 0.0, 0.0, 0.0, 0.0, 0.0]","[0.0, 0.0, 0.0, 0.9999521970748901, 6.879731151464343e-31, 0.0]","[-11.931640625, -44.655548095703125, -3.3867721557617188]","[-10.502754211425781, -45.521644592285156, -3.2327303886413574]","[614.6241455078125, 1652.781494140625, 1.4427911043167114]","[-11.979914665222168, -45.18651580810547, -3.3867721557617188]",pedestrian,0.3028365671634674,False,True,12,False,False,False,False,,,False,2.393102798383081,,False,True,,0,0,False,False
b6_zero,camera_crash_10,recovery_1_5,fcbccedd61424f1b85dcbf8f897f9754,de7593d76648450e947ba0c203dee1b0,1533151609.947025,13,5,682,propagated,keep,recover,3.0,0.5912675261497498,1.9739189147949219,0.046543899923563004,0.0,0.9776058197021484,1.4541645337193994e-21,0.7060643434524536,"[0.18201962113380432, 0.47261130809783936, 0.0, 0.0, 0.0, 0.3453691601753235]","[0.0, 0.0, 0.0, 0.9999629259109497, 0.0, 2.580930940600632e-21]","[5.73236083984375, -22.15948486328125, -2.025339126586914]","[6.635169982910156, -23.085193634033203, -1.988037109375]","[620.9077758789062, 1625.22998046875, 1.1567356586456299]","[5.671330451965332, -22.635683059692383, -2.025339126586914]",pedestrian,0.3108998239040375,True,True,10,True,True,True,True,b73d145dba9145689b3ff2621c381fe4,pedestrian,True,1.3153354412743947,0.5701425325018903,True,False,13,0,0,True,False
b6_zero,camera_crash_10,recovery_1_5,fcbccedd61424f1b85dcbf8f897f9754,de7593d76648450e947ba0c203dee1b0,1533151609.947025,13,5,683,propagated,keep,recover,3.0,0.4754379987716675,2.6480493545532227,0.038035038858652115,0.0,0.9745630621910095,6.050793465185936e-21,0.7729015350341797,"[0.34045910835266113, 0.0, 0.2767032980918884, 0.0, 0.38283759355545044, 0.0]","[0.0, 0.0, 0.0, 0.9999747276306152, 9.202659772258762e-21, 0.0]","[-9.25128173828125, -22.926422119140625, -2.1193065643310547]","[-8.120967864990234, -22.853185653686523, -2.0462985038757324]","[630.5331420898438, 1636.4168701171875, 1.2414828538894653]","[-9.25128173828125, -22.926420211791992, -2.1193065643310547]",pedestrian,0.2845214605331421,True,True,14,True,True,True,True,e833662c5eb64d2580f877fee97117c5,pedestrian,True,0.24921452376608416,0.270039282592309,True,False,13,0,0,True,False
b6_zero,camera_crash_10,recovery_1_5,fcbccedd61424f1b85dcbf8f897f9754,de7593d76648450e947ba0c203dee1b0,1533151609.947025,13,5,686,propagated,defer,defer,2.0,0.5273054242134094,0.0,0.0,0.0,0.971433162689209,0.0,0.748577892780304,"[0.0, 0.0, 0.0, 0.0, 0.0, 0.0]","[0.0, 0.0, 0.0, 0.9999513626098633, 4.667538357545934e-33, 0.0]","[-11.09783935546875, -47.20989990234375, -3.5657215118408203]","[-10.014793395996094, -47.516143798828125, -3.352257251739502]","[612.777099609375, 1653.6864013671875, 1.4379805326461792]","[-11.17181396484375, -47.77085494995117, -3.5657215118408203]",pedestrian,0.24261213839054108,False,True,19,False,False,False,True,7a0cca0f12d547518dd80d8df2c501bb,pedestrian,True,1.9697000394061166,0.5457226629173756,True,False,,0,0,False,False
b6_zero,camera_crash_10,recovery_1_5,fcbccedd61424f1b85dcbf8f897f9754,de7593d76648450e947ba0c203dee1b0,1533151609.947025,13,5,690,propagated,keep,recover,1.0,0.524026095867157,1.0122251510620117,0.041922084987163544,0.0,0.9896258115768433,1.905859932094245e-07,0.7376386523246765,"[0.15071089565753937, 0.42510563135147095, 0.0, 0.0, 0.0, 0.4241834878921509]","[0.0, 0.0, 0.0, 0.9999771118164062, 0.0, 2.7818313697025587e-07]","[7.45794677734375, -14.875244140625, -1.57391357421875]","[8.156898498535156, -14.681278228759766, -1.5361783504486084]","[626.3971557617188, 1618.6719970703125, 1.0873048305511475]","[7.46421480178833, -14.480817794799805, -1.57391357421875]",pedestrian,0.2905154824256897,True,True,13,True,True,True,True,16a95164fcdd44e99cf99a93dd13b017,pedestrian,True,0.9877466725400657,0.6656411223920103,True,False,13,0,0,True,False
b6_zero,camera_crash_10,recovery_1_5,fcbccedd61424f1b85dcbf8f897f9754,de7593d76648450e947ba0c203dee1b0,1533151609.947025,13,5,692,propagated,keep,recover,3.0,0.4957684576511383,1.0680394172668457,0.0396614745259285,0.0,0.9638263583183289,1.0327324098330408e-18,0.7194324731826782,"[5.219699092406623e-26, 0.46094536781311035, 0.0, 0.0, 0.0, 0.5390546321868896]","[0.0, 0.0, 0.0, 0.9999744892120361, 0.0, 1.3587819850879146e-18]","[5.02716064453125, -18.192474365234375, -1.8755226135253906]","[6.24468994140625, -18.911937713623047, -1.8316564559936523]","[624.3650512695312, 1622.8568115234375, 1.0665589570999146]","[5.0115251541137695, -18.346616744995117, -1.8755226135253906]",pedestrian,0.23384492099285126,True,True,21,True,True,True,True,ebc5a02f9ea64bbd9f3ccc3b84563d35,pedestrian,True,0.44022638670400044,0.18752039399767712,True,False,13,0,0,True,False
b6_zero,camera_crash_10,recovery_1_5,fcbccedd61424f1b85dcbf8f897f9754,de7593d76648450e947ba0c203dee1b0,1533151609.947025,13,5,696,propagated,keep,recover,2.0,0.48456674814224243,1.6211223602294922,0.03876533731818199,0.0,0.9743129014968872,1.9236918529387806e-18,0.7174124121665955,"[0.34698885679244995, 0.38791191577911377, 0.0, 0.0, 0.0, 0.2650991678237915]","[0.0, 0.0, 0.0, 0.9999741315841675, 0.0, 4.2382980964318526e-18]","[5.347412109375, -18.576141357421875, -1.892740249633789]","[6.429004669189453, -19.04052734375, -1.8406565189361572]","[624.1480102539062, 1622.7977294921875, 1.0633330345153809]","[5.333236217498779, -18.727930068969727, -1.892740249633789]",pedestrian,0.23995637893676758,True,True,20,True,True,True,True,ebc5a02f9ea64bbd9f3ccc3b84563d35,pedestrian,True,0.36270037436006725,0.1815901657487528,True,False,13,0,0,True,False
b6_zero,camera_crash_10,recovery_1_5,fcbccedd61424f1b85dcbf8f897f9754,de7593d76648450e947ba0c203dee1b0,1533151609.947025,13,5,703,propagated,keep,recover,2.0,0.5105137228965759,1.9651451110839844,0.04084109514951706,0.0,0.9522091746330261,1.3348665228729573e-10,0.6800322532653809,"[0.2505386471748352, 0.0, 0.33585309982299805, 0.0, 0.41360828280448914, 0.0]","[0.0, 0.0, 0.0, 0.999975323677063, 1.900099938501043e-10, 0.0]","[-14.6937255859375, -24.20526123046875, -2.2002830505371094]","[-13.275413513183594, -25.144683837890625, -2.2077982425689697]","[632.0700073242188, 1641.8466796875, 1.2725639343261719]","[-14.776491165161133, -24.70282745361328, -2.2002830505371094]",pedestrian,0.17741385102272034,True,True,40,True,True,True,True,84b1b1dde33e44bea0d99dc3094fd49a,pedestrian,True,0.5792255690837353,0.21156304963086797,True,False,13,0,0,True,False
b6_zero,camera_crash_10,recovery_1_5,fcbccedd61424f1b85dcbf8f897f9754,de7593d76648450e947ba0c203dee1b0,1533151609.947025,13,5,707,propagated,defer,defer,5.0,0.5474086403846741,0.0,0.0,0.0,0.9732089638710022,0.0,0.753998339176178,"[0.0, 0.0, 0.0, 0.0, 0.0, 0.0]","[0.0, 0.0, 0.0, 0.9999377727508545, 0.0, 2.3140228699232043e-22]","[9.70806884765625, -40.96087646484375, -2.89923095703125]","[10.870277404785156, -41.03517150878906, -2.859607458114624]","[604.3930053710938, 1633.4842529296875, 1.3188656568527222]","[9.708067893981934, -40.96087646484375, -2.89923095703125]",traffic_cone,0.17772743105888367,False,True,39,False,False,False,False,,,False,3.462456664826227,,False,True,,0,0,False,False
b6_zero,camera_crash_10,recovery_1_5,fcbccedd61424f1b85dcbf8f897f9754,de7593d76648450e947ba0c203dee1b0,1533151609.947025,13,5,708,propagated,defer,defer,2.0,0.4179113209247589,0.0,0.0,0.0,0.9826470017433167,0.0,0.7296864986419678,"[0.0, 0.0, 0.0, 0.0, 0.0, 0.0]","[0.0, 0.0, 0.0, 0.999916672706604, 0.0, 1.2106724298638654e-31]","[5.92547607421875, -39.577728271484375, -2.450315475463867]","[6.650367736816406, -40.42625427246094, -2.52455997467041]","[607.5756225585938, 1636.320556640625, 1.6615999937057495]","[5.941959381103516, -39.819698333740234, -2.450315475463867]",pedestrian,0.15899044275283813,False,True,49,False,False,False,False,,,False,2.283998713700593,,False,True,,0,0,False,False
b6_zero,camera_crash_10,recovery_1_5,fcbccedd61424f1b85dcbf8f897f9754,de7593d76648450e947ba0c203dee1b0,1533151609.947025,13,5,711,propagated,keep,recover,2.0,0.5373186469078064,1.9653539657592773,0.04298549145460129,0.0,0.9627557396888733,1.4405640309106404e-12,0.6750600337982178,"[0.3230850100517273, 0.4350194036960602, 0.0, 0.0, 0.0, 0.24189558625221252]","[0.0, 0.0, 0.0, 0.9999717473983765, 0.0, 3.5338617882657575e-12]","[7.00994873046875, -15.899169921875, -1.6118717193603516]","[7.584358215332031, -17.15027618408203, -1.6629571914672852]","[624.8650512695312, 1620.69482421875, 1.1149988174438477]","[7.009873390197754, -15.899222373962402, -1.6118717193603516]",pedestrian,0.2448589950799942,True,True,18,True,True,True,True,bff8170575c24b5d8714061f5349892b,pedestrian,True,0.3069955662028052,0.2850619822044101,True,False,13,0,0,True,False
b6_zero,camera_crash_10,recovery_1_5,fcbccedd61424f1b85dcbf8f897f9754,de7593d76648450e947ba0c203dee1b0,1533151609.947025,13,5,719,propagated,defer,defer,1.0,0.361495703458786,0.0,0.0,0.0,0.9364134073257446,0.0,0.668109655380249,"[0.0, 0.0, 0.0, 0.0, 0.0, 0.0]","[0.0, 0.0, 0.0, 0.9999784231185913, 4.023014421594695e-10, 0.0]","[-16.3555908203125, -26.878662109375, -2.5410919189453125]","[-14.590007781982422, -27.365280151367188, -2.4597513675689697]","[631.1986694335938, 1644.286376953125, 1.1682970523834229]","[-16.40061378479004, -27.36612892150879, -2.5410919189453125]",pedestrian,0.05872735008597374,False,False,-1,True,False,False,True,c97be344ac4143ffa69b0b5ed22f31c2,pedestrian,True,0.9103560630456855,1.1838889918860351,True,False,13,0,0,True,False
b6_zero,camera_crash_10,recovery_1_5,fcbccedd61424f1b85dcbf8f897f9754,de7593d76648450e947ba0c203dee1b0,1533151609.947025,13,5,731,propagated,defer,defer,2.0,0.42249491810798645,0.0,0.0,0.0,0.9641926884651184,0.0,0.7298800945281982,"[0.0, 0.0, 0.0, 0.0, 0.0, 0.0]","[0.0, 0.0, 0.0, 0.999951958656311, 2.6179209474958134e-36, 0.0]","[-10.00885009765625, -46.95159912109375, -3.5914363861083984]","[-8.776084899902344, -47.686241149902344, -3.386411666870117]","[611.85205078125, 1652.8453369140625, 1.400931715965271]","[-10.096091270446777, -47.489376068115234, -3.5914363861083984]",pedestrian,0.16992224752902985,False,True,45,False,False,False,True,7a0cca0f12d547518dd80d8df2c501bb,pedestrian,True,0.8611168035133044,0.5701587086847326,True,False,,0,0,False,False
b6_zero,camera_crash_10,recovery_1_5,fcbccedd61424f1b85dcbf8f897f9754,de7593d76648450e947ba0c203dee1b0,1533151609.947025,13,5,732,propagated,defer,defer,1.0,0.35172465443611145,0.0,0.0,0.0,0.9208345413208008,0.0,0.7761549949645996,"[0.0, 0.0, 0.0, 0.0, 0.0, 0.0]","[0.0, 0.0, 0.0, 0.99997878074646, 1.4655851532374697e-10, 0.0]","[-13.34967041015625, -21.134002685546875, -2.078611373901367]","[-11.932144165039062, -22.58807945251465, -2.0829873085021973]","[633.1757202148438, 1639.1761474609375, 1.229457974433899]","[-13.349671363830566, -21.134002685546875, -2.078611373901367]",pedestrian,0.11020032316446304,False,True,93,False,False,False,False,,,False,2.079626247554309,,False,True,,0,0,False,False
b6_zero,camera_crash_10,recovery_1_5,fcbccedd61424f1b85dcbf8f897f9754,de7593d76648450e947ba0c203dee1b0,1533151609.947025,13,5,733,propagated,keep,recover,2.0,0.44158607721328735,1.9999351501464844,0.03532688692212105,0.0,0.9627606272697449,1.3271393761726813e-08,0.6912721991539001,"[0.08164123445749283, 0.0, 0.3595688045024872, 0.0, 0.5587900280952454, 0.0]","[0.0, 0.0, 0.0, 0.9999810457229614, 1.589996756479195e-08, 0.0]","[-16.67626953125, -26.497406005859375, -2.483427047729492]","[-15.496238708496094, -27.206668853759766, -2.5281283855438232]","[631.8980102539062, 1644.88427734375, 1.1001607179641724]","[-16.67626953125, -26.497406005859375, -2.483427047729492]",pedestrian,0.11580551415681839,True,True,88,True,False,False,True,c97be344ac4143ffa69b0b5ed22f31c2,pedestrian,True,0.3407112876275744,8.24400442965742e-08,True,False,13,0,0,True,False
b6_zero,camera_crash_10,recovery_1_5,fcbccedd61424f1b85dcbf8f897f9754,de7593d76648450e947ba0c203dee1b0,1533151609.947025,13,5,744,propagated,defer,defer,1.0,0.3375532329082489,0.0,0.0,0.0,0.9860559105873108,0.0,0.7485935091972351,"[0.0, 0.0, 0.0, 0.0, 0.0, 0.0]","[0.0, 0.0, 0.0, 0.9999741315841675, 6.191440479597077e-05, 0.0]","[-32.4794921875, -48.07513427734375, -4.179754257202148]","[-31.723373413085938, -48.435340881347656, -4.205211162567139]","[625.9405517578125, 1670.9849853515625, 0.872477650642395]","[-32.4794921875, -48.07513427734375, -4.179754257202148]",pedestrian,0.09060671180486679,False,True,119,False,False,False,False,,,False,22.546230038115127,,False,True,,0,0,False,False
b6_zero,camera_crash_10,recovery_1_5,fcbccedd61424f1b85dcbf8f897f9754,de7593d76648450e947ba0c203dee1b0,1533151609.947025,13,5,768,propagated,defer,defer,1.0,0.46397483348846436,0.0,0.0,0.0,0.9731274247169495,0.0,0.7524322271347046,"[0.0, 0.0, 0.0, 0.0, 0.0, 0.0]","[0.0, 0.0, 0.0, 0.9999527931213379, 2.1774847950677247e-30, 0.0]","[-11.483154296875, -43.629058837890625, -3.3916988372802734]","[-10.532760620117188, -44.71330642700195, -3.188796043395996]","[615.26513671875, 1652.2861328125, 1.4384583234786987]","[-11.550992012023926, -44.18034744262695, -3.3916988372802734]",pedestrian,0.14410333335399628,False,True,61,False,False,False,True,2f009793dd694578990c045dc8c77e31,pedestrian,True,1.6487854896919754,0.5286547979334146,True,False,,0,0,False,False
b6_zero,camera_crash_10,recovery_1_5,fcbccedd61424f1b85dcbf8f897f9754,de7593d76648450e947ba0c203dee1b0,1533151609.947025,13,5,779,propagated,keep,recover,1.0,0.47308188676834106,0.9185924530029297,0.03784655034542084,0.0,0.9912773370742798,2.80057211057283e-05,0.6745173335075378,"[0.021728891879320145, 0.0, 0.36738163232803345, 0.0, 0.6108894348144531, 0.0]","[0.0, 0.0, 0.0, 0.9999756813049316, 3.2694402761990204e-05, 0.0]","[-18.0845947265625, -26.3668212890625, -2.526752471923828]","[-17.503856658935547, -26.671234130859375, -2.616877555847168]","[633.5908813476562, 1646.088134765625, 1.0007838010787964]","[-18.0845947265625, -26.3668212890625, -2.526752471923828]",pedestrian,0.1161067932844162,True,True,87,False,False,False,False,,,False,2.146877233671925,,False,True,,5,5,False,False
b6_zero,camera_crash_10,recovery_1_5,fcbccedd61424f1b85dcbf8f897f9754,de7593d76648450e947ba0c203dee1b0,1533151609.947025,13,5,783,propagated,keep,recover,1.0,0.35586947202682495,0.36588144302368164,0.02846955694258213,0.0,0.9770482778549194,0.00021618310711346567,0.6849855780601501,"[0.0, 0.0, 0.0, 0.0, 1.0, 0.0]","[0.0, 0.0, 0.0, 0.9999428987503052, 0.000216170767089352, 0.0]","[-15.84613037109375, -21.257415771484375, -2.1673717498779297]","[-14.953666687011719, -21.850723266601562, -2.278975248336792]","[635.6685791015625, 1641.03466796875, 1.0217007398605347]","[-15.84613037109375, -21.257415771484375, -2.1673717498779297]",pedestrian,0.1037369817495346,True,True,104,False,False,False,False,,,False,2.9948299983540414,,False,True,,5,5,False,False
b6_zero,camera_crash_10,recovery_1_5,fcbccedd61424f1b85dcbf8f897f9754,de7593d76648450e947ba0c203dee1b0,1533151609.947025,13,5,796,propagated,keep,recover,1.0,0.550968587398529,0.7677593231201172,0.04407748579978943,0.0,0.980168879032135,0.0002189882507082075,0.679263174533844,"[0.0, 0.0, 0.15154118835926056, 0.0, 0.8484587669372559, 0.0]","[0.0, 0.0, 0.0, 0.9999598264694214, 0.0002224448398919776, 0.0]","[-20.38836669921875, -28.280303955078125, -2.708372116088867]","[-19.676666259765625, -28.979455947875977, -2.7870237827301025]","[633.2051391601562, 1649.2391357421875, 0.9925507307052612]","[-20.38836669921875, -28.280303955078125, -2.708372116088867]",pedestrian,0.10433037579059601,True,True,103,False,False,False,False,,,False,4.794155165681932,,False,True,,5,5,False,False
b6_zero,camera_crash_10,recovery_1_5,fcbccedd61424f1b85dcbf8f897f9754,de7593d76648450e947ba0c203dee1b0,1533151609.947025,13,5,818,propagated,defer,defer,1.0,0.41683846712112427,0.0,0.0,0.0,0.9735888242721558,0.0,0.7548237442970276,"[0.0, 0.0, 0.0, 0.0, 0.0, 0.0]","[0.0, 0.0, 0.0, 0.9999523162841797, 1.9559891659079664e-35, 0.0]","[-9.88055419921875, -45.540924072265625, -3.587430953979492]","[-8.841690063476562, -46.23759078979492, -3.297524929046631]","[613.0087280273438, 1651.9661865234375, 1.4034243822097778]","[-9.952534675598145, -46.09515380859375, -3.587430953979492]",pedestrian,0.13161468505859375,False,True,74,False,False,False,False,,,False,2.205219811130127,,False,True,,0,0,False,False
b6_zero,camera_crash_10,recovery_1_5,fcbccedd61424f1b85dcbf8f897f9754,de7593d76648450e947ba0c203dee1b0,1533151609.947025,13,5,839,propagated,keep,recover,1.0,0.3699837028980255,0.8624181747436523,0.029598696157336235,0.0,0.9812594056129456,2.066728484351188e-06,0.7135870456695557,"[0.011496330611407757, 0.0, 0.3774873912334442, 0.0, 0.6110162734985352, 0.0]","[0.0, 0.0, 0.0, 0.9999817609786987, 2.429600272080279e-06, 0.0]","[-17.764404296875, -26.751007080078125, -2.535684585571289]","[-16.80675506591797, -26.91257095336914, -2.58789324760437]","[632.96044921875, 1645.70556640625, 1.0367871522903442]","[-17.764404296875, -26.751007080078125, -2.535684585571289]",pedestrian,0.07752881944179535,True,True,178,True,False,False,True,c97be344ac4143ffa69b0b5ed22f31c2,pedestrian,True,1.4389308175216229,2.0241161748983618e-07,True,False,13,0,0,True,False
b6_zero,camera_crash_10,recovery_1_5,fcbccedd61424f1b85dcbf8f897f9754,de7593d76648450e947ba0c203dee1b0,1533151609.947025,13,5,845,propagated,defer,defer,1.0,0.24000497162342072,0.0,0.0,0.0,0.9806206822395325,0.0,0.6748479008674622,"[0.0, 0.0, 0.0, 0.0, 0.0, 0.0]","[0.0, 0.0, 0.0, 0.9999698400497437, 0.0, 3.187768798929014e-11]","[7.52227783203125, -18.0767822265625, -1.6581077575683594]","[8.484729766845703, -18.473552703857422, -1.7480714321136475]","[623.2700805664062, 1620.8525390625, 1.0998772382736206]","[7.520877361297607, -18.2701473236084, -1.6581077575683594]",pedestrian,0.03795609250664711,False,False,-1,True,True,True,True,4eb1a864acc24ef89aa487d5002cc071,pedestrian,True,1.0578863236837677,0.05761652309317713,True,False,13,0,0,True,False
b6_zero,camera_crash_10,recovery_1_5,fcbccedd61424f1b85dcbf8f897f9754,de7593d76648450e947ba0c203dee1b0,1533151609.947025,13,5,849,propagated,keep,recover,1.0,0.49346548318862915,0.625676155090332,0.039477236568927765,0.0,0.9710395932197571,0.00024266140826512128,0.6741551756858826,"[0.0, 0.0, 0.0032671752851456404, 0.0, 0.9967328310012817, 0.0]","[0.0, 0.0, 0.0, 0.9999568462371826, 0.00024265226966235787, 0.0]","[-19.94085693359375, -27.259490966796875, -2.6187572479248047]","[-18.76931381225586, -27.559186935424805, -2.702848434448242]","[633.716796875, 1647.6312255859375, 0.9817031621932983]","[-19.94085693359375, -27.259490966796875, -2.6187572479248047]",pedestrian,0.09324952960014343,True,True,114,False,False,False,False,,,False,3.468987496424806,,False,True,,5,5,False,False
b6_zero,camera_crash_10,recovery_1_5,fcbccedd61424f1b85dcbf8f897f9754,de7593d76648450e947ba0c203dee1b0,1533151609.947025,13,5,852,propagated,keep,recover,1.0,0.44281870126724243,0.671076774597168,0.035425495356321335,0.0,0.9930290579795837,3.018584266101243e-06,0.7148858308792114,"[0.0, 0.0, 0.16864092648029327, 0.0, 0.8313590884208679, 0.0]","[0.0, 0.0, 0.0, 0.9999802112579346, 3.080001533817267e-06, 0.0]","[-18.65997314453125, -28.7957763671875, -2.662282943725586]","[-18.323261260986328, -29.276491165161133, -2.7351129055023193]","[632.1126098632812, 1648.3870849609375, 1.0478051900863647]","[-18.65997314453125, -28.7957763671875, -2.662282943725586]",pedestrian,0.07355833053588867,True,True,199,False,False,False,False,,,False,3.803462795604758,,False,True,,5,5,False,False
b6_zero,camera_crash_10,recovery_1_5,fcbccedd61424f1b85dcbf8f897f9754,de7593d76648450e947ba0c203dee1b0,1533151609.947025,13,5,855,propagated,keep,recover,1.0,0.44891929626464844,0.686640739440918,0.03591354191303253,0.0,0.9800228476524353,1.0671295967767946e-05,0.7090529203414917,"[0.0, 0.0, 0.17122429609298706, 0.0, 0.8287757039070129, 0.0]","[0.0, 0.0, 0.0, 0.99997878074646, 1.0896426829276606e-05, 0.0]","[-19.7484130859375, -29.05120849609375, -2.684326171875]","[-18.772506713867188, -29.277585983276367, -2.757327079772949]","[632.3986206054688, 1648.73388671875, 1.0304722785949707]","[-19.7484130859375, -29.05120849609375, -2.684326171875]",pedestrian,0.07577759027481079,True,True,185,False,False,False,False,,,False,4.163760551966951,,False,True,,5,5,False,False
b6_zero,camera_crash_10,recovery_1_5,fcbccedd61424f1b85dcbf8f897f9754,de7593d76648450e947ba0c203dee1b0,1533151609.947025,13,5,864,propagated,keep,recover,2.0,0.3823639154434204,0.4553837776184082,0.030589113011956215,0.0,0.9749267101287842,7.134774905171216e-17,0.6962475776672363,"[0.0, 7.578017175545433e-19, 0.0, 0.0, 0.0, 1.0]","[0.0, 0.0, 0.0, 0.9999756813049316, 0.0, 7.134601528114825e-17]","[5.1539306640625, -16.7904052734375, -1.7282428741455078]","[6.210033416748047, -17.301612854003906, -1.7184019088745117]","[625.6268920898438, 1621.8494873046875, 1.0833438634872437]","[5.102336883544922, -17.095317840576172, -1.7282428741455078]",pedestrian,0.06486585736274719,True,True,237,True,True,True,True,0e9b314c6a1f41189116b67fb257d8ba,pedestrian,True,0.383361155410514,0.07396315230533045,True,False,13,0,0,True,False
b6_zero,camera_crash_10,recovery_1_5,fcbccedd61424f1b85dcbf8f897f9754,de7593d76648450e947ba0c203dee1b0,1533151609.947025,13,5,891,propagated,keep,recover,1.0,0.4928719699382782,0.6308469772338867,0.03942975774407387,0.0,0.95987868309021,0.0007219919934868813,0.6929169297218323,"[0.0, 0.0, 3.3938400179067685e-07, 0.0, 0.9999996423721313, 0.0]","[0.0, 0.0, 0.0, 0.9999362230300903, 0.0007219460676424205, 0.0]","[-21.92474365234375, -29.559173583984375, -2.7761707305908203]","[-20.494586944580078, -29.551937103271484, -2.821086883544922]","[633.2884521484375, 1650.234619140625, 1.001595139503479]","[-21.92474365234375, -29.559173583984375, -2.7761707305908203]",pedestrian,0.06926275789737701,True,True,215,False,False,False,False,,,False,5.782823640549191,,False,True,,5,5,False,False
b6_zero,camera_crash_10,recovery_1_5,fcbccedd61424f1b85dcbf8f897f9754,de7593d76648450e947ba0c203dee1b0,1533151609.947025,13,5,892,propagated,defer,defer,1.0,0.23316563665866852,0.0,0.0,0.0,0.9319823980331421,0.0,0.7214362025260925,"[0.0, 0.0, 0.0, 0.0, 0.0, 0.0]","[0.0, 0.0, 0.0, 0.9999332427978516, 0.0023780043702572584, 0.0]","[-36.12841796875, -53.0660400390625, -4.380706787109375]","[-35.939697265625, -51.19895553588867, -4.359488487243652]","[626.5147705078125, 1675.9954833984375, 0.9291278123855591]","[-36.12841796875, -53.0660400390625, -4.380706787109375]",pedestrian,0.03229980915784836,False,False,-1,False,False,False,False,,,False,27.34467020232355,,False,True,,0,0,False,False
b6_zero,camera_crash_10,recovery_1_5,fcbccedd61424f1b85dcbf8f897f9754,de7593d76648450e947ba0c203dee1b0,1533151609.947025,13,5,893,propagated,keep,recover,1.0,0.3946523070335388,0.5045666694641113,0.03157218545675278,0.0,0.9846510887145996,1.4576201010640943e-06,0.6800638437271118,"[0.0, 0.0, 0.03971315175294876, 0.0, 0.9602868556976318, 0.0]","[0.0, 0.0, 0.0, 0.9999806880950928, 1.458838028156606e-06, 0.0]","[-16.10150146484375, -24.0716552734375, -2.294290542602539]","[-15.306446075439453, -24.65445327758789, -2.3524818420410156]","[633.7410278320312, 1643.0999755859375, 1.1203179359436035]","[-16.163616180419922, -24.466655731201172, -2.294290542602539]",pedestrian,0.04803696647286415,True,False,-1,False,False,False,False,,,False,2.2431108062825555,,False,True,,0,0,False,False
b6_zero,camera_crash_10,recovery_1_5,fcbccedd61424f1b85dcbf8f897f9754,de7593d76648450e947ba0c203dee1b0,1533151609.947025,13,5,897,propagated,defer,defer,1.0,0.3812140226364136,0.0,0.0,0.0,0.970443069934845,0.0,0.6927341818809509,"[0.0, 0.0, 0.0, 0.0, 0.0, 0.0]","[0.0, 0.0, 0.0, 0.9999799728393555, 1.8518303335213204e-08, 0.0]","[-19.68182373046875, -32.23968505859375, -2.985382080078125]","[-18.499168395996094, -32.554039001464844, -2.9340686798095703]","[629.7034301757812, 1650.6251220703125, 1.0477582216262817]","[-19.68182373046875, -32.23968505859375, -2.985382080078125]",pedestrian,0.04010622575879097,False,False,-1,False,False,False,False,,,False,6.484124078484762,,False,True,,0,0,False,False
b6_zero,camera_crash_10,recovery_1_5,325cef682f064c55a255f2625c533b75,61a7bd24f88a46c2963280d8b13ac675,1538984239.948316,53,5,680,propagated,keep,recover,1.0,0.5511024594306946,1.202352523803711,0.04408819600939751,0.0,0.9748907685279846,1.699203999727672e-09,0.7584479451179504,"[0.08738863468170166, 0.0, 0.3078128695487976, 0.0, 0.604798436164856, 0.0]","[0.0, 0.0, 0.0, 0.9999972581863403, 1.9223564962089768e-09, 0.0]","[-7.63262939453125, -14.50885009765625, -1.6910858154296875]","[-7.5667877197265625, -12.739421844482422, -1.5800528526306152]","[716.5408325195312, 1787.527099609375, 1.1490997076034546]","[-7.688270568847656, -13.854950904846191, -1.6910858154296875]",pedestrian,0.28547796607017517,True,True,22,True,True,True,True,293abeb43b2a439abcd4ff08b981eeb9,pedestrian,True,1.428172806531349,0.21766107609703844,True,False,13,0,0,True,False
b6_zero,camera_crash_10,recovery_1_5,325cef682f064c55a255f2625c533b75,61a7bd24f88a46c2963280d8b13ac675,1538984239.948316,53,5,736,propagated,defer,defer,4.0,0.36128073930740356,0.0,0.0,0.0,0.9884344339370728,0.0,0.6705384254455566,"[0.0, 0.0, 0.0, 0.0, 0.0, 0.0]","[0.0, 0.0, 0.0, 0.9999974966049194, 0.0, 0.0]","[4.25921630859375, -42.25421142578125, -4.109825134277344]","[5.003986358642578, -42.09407043457031, -4.146131992340088]","[732.9548950195312, 1815.027587890625, 0.3719724416732788]","[4.259215354919434, -42.25421142578125, -4.109825134277344]",car,0.0022088198456913233,False,False,-1,False,False,False,False,,,False,7.290262762191233,,False,True,,0,0,False,False
b6_zero,camera_crash_10,recovery_1_5,325cef682f064c55a255f2625c533b75,61a7bd24f88a46c2963280d8b13ac675,1538984239.948316,53,5,825,propagated,defer,defer,1.0,0.4079294502735138,0.0,0.0,0.0,0.9782229065895081,0.0,0.7780836820602417,"[0.0, 0.0, 0.0, 0.0, 0.0, 0.0]","[0.0, 0.0, 0.0, 0.9999933242797852, 1.4941878500739734e-24, 0.0]","[-10.0008544921875, -31.3084716796875, -2.8218650817871094]","[-9.566215515136719, -30.39851951599121, -2.532104730606079]","[732.0094604492188, 1796.32568359375, 1.383792757987976]","[-10.000855445861816, -31.3084716796875, -2.8218650817871094]",pedestrian,0.18940161168575287,False,True,41,True,False,False,True,26ae4a920a9c4457909454cd8a84c959,pedestrian,True,1.1881857874283532,1.2423090305125793e-06,True,False,13,0,0,True,False
b6_zero,camera_crash_10,recovery_1_5,325cef682f064c55a255f2625c533b75,61a7bd24f88a46c2963280d8b13ac675,1538984239.948316,53,5,863,propagated,defer,defer,4.0,0.3399253785610199,0.0,0.0,0.0,0.9893154501914978,0.0,0.6706326007843018,"[0.0, 0.0, 0.0, 0.0, 0.0, 0.0]","[0.0, 0.0, 0.0, 0.9999973773956299, 0.0, 0.0]","[3.450439453125, -41.66949462890625, -4.024284362792969]","[3.638599395751953, -40.961212158203125, -4.030341148376465]","[732.8387451171875, 1813.25439453125, 0.42898547649383545]","[3.4504384994506836, -41.66949462890625, -4.024284362792969]",bicycle,0.0020373680163174868,False,False,-1,False,False,False,False,,,False,6.727729788229615,,False,True,,0,0,False,False
b6_zero,camera_crash_10,recovery_1_5,325cef682f064c55a255f2625c533b75,61a7bd24f88a46c2963280d8b13ac675,1538984239.948316,53,5,889,propagated,defer,defer,1.0,0.2518221139907837,0.0,0.0,0.0,0.9742041230201721,0.0,0.7706625461578369,"[0.0, 0.0, 0.0, 0.0, 0.0, 0.0]","[0.0, 0.0, 0.0, 0.9999958276748657, 7.0844069644654655e-15, 0.0]","[-13.306396484375, -30.74090576171875, -3.000873565673828]","[-13.566062927246094, -29.641984939575195, -2.8229165077209473]","[733.7721557617188, 1792.656494140625, 1.0906809568405151]","[-13.306397438049316, -30.74090576171875, -3.000873565673828]",pedestrian,0.04107760637998581,False,True,178,False,False,False,True,0b4e0eb8ab06454d8904248794faa095,pedestrian,True,0.055619872298338195,1.1387619365996443e-06,True,False,,0,0,False,False
b6_zero,compound,recovery_1_5,fcbccedd61424f1b85dcbf8f897f9754,de7593d76648450e947ba0c203dee1b0,1533151609.947025,13,5,658,propagated,keep,recover,2.0,0.5943458080291748,1.3391046524047852,0.046543899923563004,0.0,0.9752339124679565,2.5981070707888716e-16,0.7214745283126831,"[0.4113543629646301, 0.21762056648731232, 0.0, 0.0, 0.0, 0.371025025844574]","[0.0, 0.0, 0.0, 0.9999737739562988, 0.0, 4.167595065184454e-16]","[5.47412109375, -17.174530029296875, -1.738149642944336]","[6.541656494140625, -17.64244842529297, -1.7221333980560303]","[625.1529541015625, 1621.8126220703125, 1.0965467691421509]","[5.4258036613464355, -17.550201416015625, -1.738149642944336]",pedestrian,0.3809492290019989,True,True,3,True,True,True,True,0e9b314c6a1f41189116b67fb257d8ba,pedestrian,True,0.788818632126954,0.08120740831886218,True,False,13,0,0,True,False
b6_zero,compound,recovery_1_5,fcbccedd61424f1b85dcbf8f897f9754,de7593d76648450e947ba0c203dee1b0,1533151609.947025,13,5,660,propagated,keep,recover,2.0,0.5419891476631165,1.932429313659668,0.04335913062095642,0.0,0.9761297106742859,1.7769539312206817e-11,0.6872956156730652,"[0.19869644939899445, 0.0, 0.3641846776008606, 0.0, 0.43711888790130615, 0.0]","[0.0, 0.0, 0.0, 0.9999732971191406, 2.449786033753565e-11, 0.0]","[-13.60565185546875, -23.95196533203125, -2.1431522369384766]","[-12.793220520019531, -25.13254737854004, -2.1639630794525146]","[631.772216796875, 1641.466552734375, 1.3104650974273682]","[-13.648776054382324, -24.442922592163086, -2.1431522369384766]",pedestrian,0.33638572692871094,True,True,8,True,True,True,True,84b1b1dde33e44bea0d99dc3094fd49a,pedestrian,True,0.4649770039850506,0.19018166799827038,True,False,13,0,0,True,False
b6_zero,compound,recovery_1_5,fcbccedd61424f1b85dcbf8f897f9754,de7593d76648450e947ba0c203dee1b0,1533151609.947025,13,5,669,propagated,defer,defer,2.0,0.5535051822662354,0.0,0.0,0.0,0.9707152843475342,0.0,0.75272536277771,"[0.0, 0.0, 0.0, 0.0, 0.0, 0.0]","[0.0, 0.0, 0.0, 0.9999504089355469, 5.156611128215438e-31, 0.0]","[-11.61163330078125, -45.040679931640625, -3.3801097869873047]","[-10.454551696777344, -45.57778549194336, -3.1965978145599365]","[614.5516357421875, 1652.7786865234375, 1.4817126989364624]","[-11.659660339355469, -45.56586837768555, -3.3801097869873047]",pedestrian,0.2979349195957184,False,True,14,False,False,False,False,,,False,2.4312984632248753,,False,True,,0,0,False,False
b6_zero,compound,recovery_1_5,fcbccedd61424f1b85dcbf8f897f9754,de7593d76648450e947ba0c203dee1b0,1533151609.947025,13,5,675,propagated,keep,recover,3.0,0.5321800112724304,0.8913769721984863,0.04257439821958542,0.0,0.9791461825370789,9.920381222251524e-19,0.7221497297286987,"[3.2037083497367647e-26, 0.2637183666229248, 0.0, 0.0, 0.0, 0.7362816333770752]","[0.0, 0.0, 0.0, 0.9999731779098511, 0.0, 1.0537245994184116e-18]","[5.34735107421875, -18.576690673828125, -1.8839683532714844]","[6.281120300292969, -19.127498626708984, -1.8297765254974365]","[624.1764526367188, 1622.9664306640625, 1.0809831619262695]","[5.306286334991455, -18.81051254272461, -1.8839683532714844]",pedestrian,0.29838865995407104,True,True,13,True,True,True,True,ebc5a02f9ea64bbd9f3ccc3b84563d35,pedestrian,True,0.22839548972464996,0.23729835824635462,True,False,13,0,0,True,False
b6_zero,compound,recovery_1_5,fcbccedd61424f1b85dcbf8f897f9754,de7593d76648450e947ba0c203dee1b0,1533151609.947025,13,5,677,propagated,keep,recover,3.0,0.6029857993125916,1.3433260917663574,0.046543899923563004,0.0,0.9768198728561401,2.1552007087032656e-21,0.7094598412513733,"[0.14764906466007233, 0.33830004930496216, 0.0, 0.0, 0.0, 0.5140509009361267]","[0.0, 0.0, 0.0, 0.9999620914459229, 0.0, 2.6531632355117965e-21]","[5.7322998046875, -22.1597900390625, -2.020465850830078]","[6.6483154296875, -23.11136245727539, -1.9787158966064453]","[620.879638671875, 1625.2362060546875, 1.167470097541809]","[5.668056488037109, -22.653104782104492, -2.020465850830078]",pedestrian,0.3321990370750427,True,True,9,True,True,True,True,b73d145dba9145689b3ff2621c381fe4,pedestrian,True,1.341166787074134,0.5991400353521137,True,False,13,0,0,True,False
b6_zero,compound,recovery_1_5,fcbccedd61424f1b85dcbf8f897f9754,de7593d76648450e947ba0c203dee1b0,1533151609.947025,13,5,680,propagated,keep,recover,3.0,0.4906814992427826,2.4952516555786133,0.03925452008843422,0.0,0.9735807180404663,6.0987218769967784e-21,0.7715469598770142,"[0.2841860353946686, 0.0, 0.3143148124217987, 0.0, 0.4014991819858551, 0.0]","[0.0, 0.0, 0.0, 0.999974250793457, 8.86676951359968e-21, 0.0]","[-9.25140380859375, -22.92718505859375, -2.1066360473632812]","[-8.100322723388672, -22.83473014831543, -2.0345795154571533]","[630.5345458984375, 1636.388671875, 1.2518532276153564]","[-9.25140380859375, -22.92718505859375, -2.1066360473632812]",pedestrian,0.28883394598960876,True,True,16,True,True,True,True,e833662c5eb64d2580f877fee97117c5,pedestrian,True,0.2590479289615205,0.27003927445656406,True,False,13,0,0,True,False
b6_zero,compound,recovery_1_5,fcbccedd61424f1b85dcbf8f897f9754,de7593d76648450e947ba0c203dee1b0,1533151609.947025,13,5,682,propagated,defer,defer,2.0,0.4415425956249237,0.0,0.0,0.0,0.9736984968185425,0.0,0.7405331134796143,"[0.0, 0.0, 0.0, 0.0, 0.0, 0.0]","[0.0, 0.0, 0.0, 0.9999098777770996, 0.0, 1.5328644993267918e-31]","[5.92474365234375, -39.581787109375, -2.3830642700195312]","[6.717784881591797, -40.65967559814453, -2.46679949760437]","[607.355712890625, 1636.4151611328125, 1.7325431108474731]","[5.930764675140381, -39.819278717041016, -2.3830642700195312]",pedestrian,0.1973196268081665,False,True,35,False,False,False,False,,,False,2.0524285431658695,,False,True,,0,0,False,False
b6_zero,compound,recovery_1_5,fcbccedd61424f1b85dcbf8f897f9754,de7593d76648450e947ba0c203dee1b0,1533151609.947025,13,5,687,propagated,defer,defer,2.0,0.5376387238502502,0.0,0.0,0.0,0.964166522026062,0.0,0.7508326172828674,"[0.0, 0.0, 0.0, 0.0, 0.0, 0.0]","[0.0, 0.0, 0.0, 0.99994957447052, 1.79597096238017e-33, 0.0]","[-11.0980224609375, -47.211181640625, -3.544279098510742]","[-9.855430603027344, -47.571903228759766, -3.315741539001465]","[612.6337280273438, 1653.597900390625, 1.4760807752609253]","[-11.172699928283691, -47.764610290527344, -3.544279098510742]",pedestrian,0.24471569061279297,False,True,21,False,False,False,True,7a0cca0f12d547518dd80d8df2c501bb,pedestrian,True,1.802490377624877,0.5381842000588202,True,False,,0,0,False,False
b6_zero,compound,recovery_1_5,fcbccedd61424f1b85dcbf8f897f9754,de7593d76648450e947ba0c203dee1b0,1533151609.947025,13,5,691,propagated,keep,recover,1.0,0.520534336566925,0.803929328918457,0.041642747819423676,0.0,0.9906523823738098,2.601001654056745e-07,0.7473306655883789,"[0.17247578501701355, 0.2784155309200287, 0.0, 0.0, 0.0, 0.5491086840629578]","[0.0, 0.0, 0.0, 0.9999767541885376, 0.0, 3.0284394370028167e-07]","[7.45794677734375, -14.87548828125, -1.5700149536132812]","[8.13201904296875, -14.611793518066406, -1.5261852741241455]","[626.466796875, 1618.646240234375, 1.0933743715286255]","[7.466250896453857, -14.455549240112305, -1.5700149536132812]",pedestrian,0.2933402955532074,True,True,15,True,True,True,True,16a95164fcdd44e99cf99a93dd13b017,pedestrian,True,0.9137287966437319,0.6103456009568864,True,False,13,0,0,True,False
b6_zero,compound,recovery_1_5,fcbccedd61424f1b85dcbf8f897f9754,de7593d76648450e947ba0c203dee1b0,1533151609.947025,13,5,694,propagated,keep,recover,2.0,0.5423350930213928,1.4283170700073242,0.043386805802583694,0.0,0.9820050597190857,3.6262613463226845e-13,0.6875998377799988,"[0.3580617308616638, 0.3010267913341522, 0.0, 0.0, 0.0, 0.3409114181995392]","[0.0, 0.0, 0.0, 0.9999722242355347, 0.0, 6.156837734951071e-13]","[6.5623779296875, -16.92022705078125, -1.6975879669189453]","[7.440135955810547, -17.422073364257812, -1.6891400814056396]","[624.7478637695312, 1620.9803466796875, 1.1067065000534058]","[6.5476975440979, -17.088272094726562, -1.6975879669189453]",pedestrian,0.33212998509407043,True,True,10,True,True,True,True,bff8170575c24b5d8714061f5349892b,pedestrian,True,0.31032127233857987,0.34659053984398697,True,False,13,0,0,True,False
b6_zero,compound,recovery_1_5,fcbccedd61424f1b85dcbf8f897f9754,de7593d76648450e947ba0c203dee1b0,1533151609.947025,13,5,698,propagated,keep,recover,2.0,0.5092660784721375,1.9214057922363281,0.04074128717184067,0.0,0.9693459272384644,8.167019144300625e-11,0.6774994730949402,"[0.2095976024866104, 0.0, 0.36482691764831543, 0.0, 0.42557549476623535, 0.0]","[0.0, 0.0, 0.0, 0.9999746084213257, 1.1484312806286923e-10, 0.0]","[-14.3736572265625, -24.590057373046875, -2.1994686126708984]","[-13.205268859863281, -25.23550796508789, -2.197803497314453]","[631.955810546875, 1641.850341796875, 1.2872445583343506]","[-14.443965911865234, -25.08613395690918, -2.1994686126708984]",pedestrian,0.17762722074985504,True,True,45,True,True,True,True,84b1b1dde33e44bea0d99dc3094fd49a,pedestrian,True,0.618185658347396,0.2086694674845329,True,False,13,0,0,True,False
b6_zero,compound,recovery_1_5,fcbccedd61424f1b85dcbf8f897f9754,de7593d76648450e947ba0c203dee1b0,1533151609.947025,13,5,701,propagated,defer,defer,1.0,0.39259591698646545,0.0,0.0,0.0,0.9660384058952332,0.0,0.6696563363075256,"[0.0, 0.0, 0.0, 0.0, 0.0, 0.0]","[0.0, 0.0, 0.0, 0.9999783039093018, 2.6333199509842586e-10, 0.0]","[-15.58746337890625, -26.23956298828125, -2.501344680786133]","[-14.462089538574219, -27.319316864013672, -2.455742597579956]","[631.1521606445312, 1644.1585693359375, 1.1681809425354004]","[-15.619142532348633, -26.697437286376953, -2.501344680786133]",pedestrian,0.11968324333429337,False,True,82,False,False,False,True,c97be344ac4143ffa69b0b5ed22f31c2,pedestrian,True,1.0016730337548438,1.1547656979417351,True,False,13,0,0,True,False
b6_zero,compound,recovery_1_5,fcbccedd61424f1b85dcbf8f897f9754,de7593d76648450e947ba0c203dee1b0,1533151609.947025,13,5,706,propagated,defer,defer,5.0,0.5602072477340698,0.0,0.0,0.0,0.9757360816001892,0.0,0.7474740743637085,"[0.0, 0.0, 0.0, 0.0, 0.0, 0.0]","[0.0, 0.0, 0.0, 0.9999357461929321, 0.0, 1.8237358461265035e-22]","[9.7078857421875, -40.962066650390625, -2.8797378540039062]","[10.813041687011719, -41.02814483642578, -2.830570697784424]","[604.4361572265625, 1633.5224609375, 1.348035454750061]","[9.707884788513184, -40.962066650390625, -2.8797378540039062]",traffic_cone,0.17594406008720398,False,True,47,False,False,False,False,,,False,3.4186640015572385,,False,True,,0,0,False,False
b6_zero,compound,recovery_1_5,fcbccedd61424f1b85dcbf8f897f9754,de7593d76648450e947ba0c203dee1b0,1533151609.947025,13,5,718,propagated,defer,defer,1.0,0.35226476192474365,0.0,0.0,0.0,0.9533740282058716,0.0,0.7673951983451843,"[0.0, 0.0, 0.0, 0.0, 0.0, 0.0]","[0.0, 0.0, 0.0, 0.9999781847000122, 1.3127549047808884e-10, 0.0]","[-13.02947998046875, -21.51824951171875, -2.086568832397461]","[-11.901657104492188, -22.57423973083496, -2.0692670345306396]","[633.1673583984375, 1639.1431884765625, 1.241998314857483]","[-13.02947998046875, -21.51824951171875, -2.086568832397461]",pedestrian,0.1148492693901062,False,True,88,False,False,False,False,,,False,2.095264096641793,,False,True,,0,0,False,False
b6_zero,compound,recovery_1_5,fcbccedd61424f1b85dcbf8f897f9754,de7593d76648450e947ba0c203dee1b0,1533151609.947025,13,5,725,propagated,keep,recover,2.0,0.45486047863960266,1.9823999404907227,0.036388836801052094,0.0,0.9616387486457825,1.216501122058844e-08,0.6865136027336121,"[0.08236338198184967, 0.0, 0.360164076089859, 0.0, 0.5574725866317749, 0.0]","[0.0, 0.0, 0.0, 0.9999808073043823, 1.45938283679925e-08, 0.0]","[-16.6763916015625, -26.49786376953125, -2.4756298065185547]","[-15.482719421386719, -27.225255966186523, -2.518829584121704]","[631.8754272460938, 1644.88525390625, 1.1104140281677246]","[-16.6763916015625, -26.49786376953125, -2.4756298065185547]",pedestrian,0.11655306816101074,True,True,87,False,False,False,True,c97be344ac4143ffa69b0b5ed22f31c2,pedestrian,True,0.3527787862209984,9.463443156008939e-08,True,False,13,0,0,True,False
b6_zero,compound,recovery_1_5,fcbccedd61424f1b85dcbf8f897f9754,de7593d76648450e947ba0c203dee1b0,1533151609.947025,13,5,735,propagated,defer,defer,2.0,0.4325317144393921,0.0,0.0,0.0,0.9642267823219299,0.0,0.7289199829101562,"[0.0, 0.0, 0.0, 0.0, 0.0, 0.0]","[0.0, 0.0, 0.0, 0.9999500513076782, 2.763724505675306e-36, 0.0]","[-10.00897216796875, -46.95208740234375, -3.583639144897461]","[-8.784187316894531, -47.67532730102539, -3.343811511993408]","[611.8672485351562, 1652.8426513671875, 1.4428843259811401]","[-10.097716331481934, -47.47895050048828, -3.583639144897461]",pedestrian,0.1696326732635498,False,True,50,False,False,False,True,7a0cca0f12d547518dd80d8df2c501bb,pedestrian,True,0.8763502047477723,0.5591548424303197,True,False,,0,0,False,False
b6_zero,compound,recovery_1_5,fcbccedd61424f1b85dcbf8f897f9754,de7593d76648450e947ba0c203dee1b0,1533151609.947025,13,5,738,propagated,defer,defer,1.0,0.19735044240951538,0.0,0.0,0.0,0.9817712903022766,0.0,0.767384946346283,"[0.0, 0.0, 0.0, 0.0, 0.0, 0.0]","[0.0, 0.0, 0.0, 0.9999760389328003, 5.884735946892761e-05, 0.0]","[-32.47955322265625, -48.07525634765625, -4.177318572998047]","[-31.534772872924805, -48.196266174316406, -4.287725448608398]","[625.9998779296875, 1670.691162109375, 0.7737668752670288]","[-32.47967529296875, -48.07455825805664, -4.177318572998047]",pedestrian,0.020502446219325066,False,False,-1,False,False,False,False,,,False,22.309998106890603,,False,True,,0,0,False,False
b6_zero,compound,recovery_1_5,fcbccedd61424f1b85dcbf8f897f9754,de7593d76648450e947ba0c203dee1b0,1533151609.947025,13,5,741,propagated,keep,recover,2.0,0.4022771716117859,1.4902219772338867,0.03218217194080353,0.0,0.9619555473327637,6.551909114262209e-15,0.7122224569320679,"[0.33003658056259155, 0.2211870402097702, 0.0, 0.0, 0.0, 0.44877636432647705]","[0.0, 0.0, 0.0, 0.9999709129333496, 0.0, 8.750289955236547e-15]","[6.11468505859375, -17.9420166015625, -1.7706336975097656]","[7.33306884765625, -18.71698760986328, -1.7729911804199219]","[623.8198852539062, 1621.8936767578125, 1.1018505096435547]","[6.109365940093994, -18.05223274230957, -1.7706336975097656]",pedestrian,0.12717539072036743,True,True,78,True,True,True,True,4eb1a864acc24ef89aa487d5002cc071,pedestrian,True,0.16876167632006542,0.09608402009161737,True,False,13,0,0,True,False
b6_zero,compound,recovery_1_5,fcbccedd61424f1b85dcbf8f897f9754,de7593d76648450e947ba0c203dee1b0,1533151609.947025,13,5,746,propagated,keep,recover,1.0,0.36339640617370605,0.36957836151123047,0.029071711003780365,0.0,0.9746139049530029,0.00016694047371856868,0.6967328786849976,"[0.0, 0.0, 0.0, 0.0, 1.0, 0.0]","[0.0, 0.0, 0.0, 0.9999488592147827, 0.00016693194629624486, 0.0]","[-15.84613037109375, -21.257293701171875, -2.169321060180664]","[-14.859729766845703, -21.807815551757812, -2.267465591430664]","[635.6417846679688, 1640.9345703125, 1.029615879058838]","[-15.84613037109375, -21.257293701171875, -2.169321060180664]",pedestrian,0.10709720849990845,True,True,102,False,False,False,False,,,False,3.0749821916633153,,False,True,,5,5,False,False
b6_zero,compound,recovery_1_5,fcbccedd61424f1b85dcbf8f897f9754,de7593d76648450e947ba0c203dee1b0,1533151609.947025,13,5,758,propagated,defer,defer,1.0,0.4762687385082245,0.0,0.0,0.0,0.9722490906715393,0.0,0.7547359466552734,"[0.0, 0.0, 0.0, 0.0, 0.0, 0.0]","[0.0, 0.0, 0.0, 0.9999510049819946, 2.096847387234085e-30, 0.0]","[-11.48358154296875, -43.631591796875, -3.3497886657714844]","[-10.523372650146484, -44.7219352722168, -3.152316093444824]","[615.25390625, 1652.28271484375, 1.4752882719039917]","[-11.554021835327148, -44.168827056884766, -3.3497886657714844]",pedestrian,0.16000880300998688,False,True,56,False,False,False,True,2f009793dd694578990c045dc8c77e31,pedestrian,True,1.6502738516427446,0.5074158979276895,True,False,,0,0,False,False
b6_zero,compound,recovery_1_5,fcbccedd61424f1b85dcbf8f897f9754,de7593d76648450e947ba0c203dee1b0,1533151609.947025,13,5,764,propagated,keep,recover,1.0,0.45918065309524536,0.9139871597290039,0.0367344506084919,0.0,0.991466224193573,2.9354405342019163e-05,0.6758009195327759,"[0.021838374435901642, 0.0, 0.3689441382884979, 0.0, 0.6092175245285034, 0.0]","[0.0, 0.0, 0.0, 0.9999750852584839, 3.433301390032284e-05, 0.0]","[-18.08477783203125, -26.36767578125, -2.5121326446533203]","[-17.510456085205078, -26.667877197265625, -2.604614734649658]","[633.59814453125, 1646.0904541015625, 1.012892723083496]","[-18.08477783203125, -26.36767578125, -2.5121326446533203]",pedestrian,0.11054208874702454,True,True,97,False,False,False,False,,,False,2.1536875001241884,,False,True,,5,5,False,False
b6_zero,compound,recovery_1_5,fcbccedd61424f1b85dcbf8f897f9754,de7593d76648450e947ba0c203dee1b0,1533151609.947025,13,5,769,propagated,keep,recover,1.0,0.5542972087860107,0.7727489471435547,0.04434377700090408,0.0,0.9842230081558228,0.00032276270212605596,0.6831759810447693,"[0.0, 0.0, 0.15031790733337402, 0.0, 0.849682092666626, 0.0]","[0.0, 0.0, 0.0, 0.999953031539917, 0.00032775921863503754, 0.0]","[-20.388427734375, -28.280609130859375, -2.7034988403320312]","[-19.758670806884766, -28.90851402282715, -2.7689428329467773]","[633.312744140625, 1649.2559814453125, 1.0072126388549805]","[-20.388427734375, -28.280609130859375, -2.7034988403320312]",pedestrian,0.10202589631080627,True,True,109,False,False,False,False,,,False,4.837280743919595,,False,True,,5,5,False,False
b6_zero,compound,recovery_1_5,fcbccedd61424f1b85dcbf8f897f9754,de7593d76648450e947ba0c203dee1b0,1533151609.947025,13,5,780,propagated,defer,defer,1.0,0.44923266768455505,0.0,0.0,0.0,0.9756015539169312,0.0,0.7572256326675415,"[0.0, 0.0, 0.0, 0.0, 0.0, 0.0]","[0.0, 0.0, 0.0, 0.99994957447052, 2.7304535457412457e-35, 0.0]","[-9.88104248046875, -45.543792724609375, -3.5396728515625]","[-8.892688751220703, -46.20636749267578, -3.2365217208862305]","[613.0677490234375, 1651.9825439453125, 1.4629822969436646]","[-9.954627990722656, -46.082122802734375, -3.5396728515625]",pedestrian,0.15362638235092163,False,True,60,False,False,False,False,,,False,2.252956276943455,,False,True,,0,0,False,False
b6_zero,compound,recovery_1_5,fcbccedd61424f1b85dcbf8f897f9754,de7593d76648450e947ba0c203dee1b0,1533151609.947025,13,5,786,propagated,keep,recover,1.0,0.37944790720939636,1.0518312454223633,0.03035583160817623,0.0,0.98072350025177,0.00019921589409932494,0.6843453049659729,"[0.1322985291481018, 0.0, 0.35502856969833374, 0.0, 0.5126729011535645, 0.0]","[0.0, 0.0, 0.0, 0.9999418258666992, 0.0002476996451150626, 0.0]","[-16.29351806640625, -22.27764892578125, -2.266733169555664]","[-15.310279846191406, -22.329755783081055, -2.328070640563965]","[635.527587890625, 1641.6168212890625, 1.0052310228347778]","[-16.29351806640625, -22.27764892578125, -2.266733169555664]",pedestrian,0.09404934197664261,True,True,125,False,False,False,False,,,False,2.831263202682816,,False,True,,5,5,False,False
b6_zero,compound,recovery_1_5,fcbccedd61424f1b85dcbf8f897f9754,de7593d76648450e947ba0c203dee1b0,1533151609.947025,13,5,807,propagated,keep,recover,1.0,0.3669554889202118,0.860569953918457,0.029356438666582108,0.0,0.9823886752128601,2.2187707600096473e-06,0.7126458287239075,"[0.011521006934344769, 0.0, 0.3778030574321747, 0.0, 0.6106759905815125, 0.0]","[0.0, 0.0, 0.0, 0.9999812841415405, 2.6093430278706364e-06, 0.0]","[-17.76458740234375, -26.751861572265625, -2.5210647583007812]","[-16.838748931884766, -26.918874740600586, -2.57886004447937]","[632.9765014648438, 1645.7337646484375, 1.0465220212936401]","[-17.76458740234375, -26.751861572265625, -2.5210647583007812]",pedestrian,0.07508858293294907,True,True,182,False,False,False,True,c97be344ac4143ffa69b0b5ed22f31c2,pedestrian,True,1.4709750795941288,1.935757081947039e-07,True,False,13,0,0,True,False
b6_zero,compound,recovery_1_5,fcbccedd61424f1b85dcbf8f897f9754,de7593d76648450e947ba0c203dee1b0,1533151609.947025,13,5,808,propagated,defer,defer,1.0,0.4163150191307068,0.0,0.0,0.0,0.8960710167884827,0.0,0.7496907711029053,"[0.0, 0.0, 0.0, 0.0, 0.0, 0.0]","[0.0, 0.0, 0.0, 0.9999426603317261, 0.0, 0.0]","[-4.7581787109375, -36.06219482421875, -3.3577804565429688]","[-3.2760086059570312, -38.935916900634766, -2.6871695518493652]","[615.0691528320312, 1642.999267578125, 1.5153580904006958]","[-4.950390815734863, -40.4304084777832, -3.3577804565429688]",bicycle,0.0007393125561065972,False,False,-1,False,False,False,True,cf11445013d14ce98d71c50b898e0744,car,False,1.0788906426434655,1.2851310112245686,False,True,,0,0,False,False
b6_zero,compound,recovery_1_5,fcbccedd61424f1b85dcbf8f897f9754,de7593d76648450e947ba0c203dee1b0,1533151609.947025,13,5,810,propagated,keep,recover,2.0,0.4156465232372284,0.4625124931335449,0.033251721411943436,0.0,0.971711277961731,1.4687838502498246e-16,0.6985539793968201,"[0.0, 1.954056903593172e-19, 0.0, 0.0, 0.0, 1.0]","[0.0, 0.0, 0.0, 0.9999740123748779, 0.0, 1.4687457337671982e-16]","[5.15362548828125, -16.792022705078125, -1.7009525299072266]","[6.282676696777344, -17.255653381347656, -1.690833568572998]","[625.61669921875, 1621.7630615234375, 1.1073310375213623]","[5.106931686401367, -17.026851654052734, -1.7009525299072266]",pedestrian,0.08344647288322449,True,True,155,True,True,True,True,0e9b314c6a1f41189116b67fb257d8ba,pedestrian,True,0.34004487369979763,0.06649839979645945,True,False,13,0,0,True,False
b6_zero,compound,recovery_1_5,fcbccedd61424f1b85dcbf8f897f9754,de7593d76648450e947ba0c203dee1b0,1533151609.947025,13,5,814,propagated,keep,recover,1.0,0.3562121093273163,1.011399269104004,0.028496967628598213,0.0,0.9826745986938477,0.0001754249824443832,0.6884856820106506,"[0.09338286519050598, 0.0, 0.35785573720932007, 0.0, 0.5487613677978516, 0.0]","[0.0, 0.0, 0.0, 0.9999468326568604, 0.00021153500711079687, 0.0]","[-16.29351806640625, -22.27734375, -2.2716064453125]","[-15.394142150878906, -22.520841598510742, -2.3470489978790283]","[635.4339599609375, 1641.80419921875, 0.9986451864242554]","[-16.29351806640625, -22.27734375, -2.2716064453125]",pedestrian,0.07752887904644012,True,True,171,False,False,False,False,,,False,2.8493566321316677,,False,True,,5,5,False,False
b6_zero,compound,recovery_1_5,fcbccedd61424f1b85dcbf8f897f9754,de7593d76648450e947ba0c203dee1b0,1533151609.947025,13,5,817,propagated,keep,recover,1.0,0.4562012553215027,0.6857662200927734,0.03649609908461571,0.0,0.9818415641784668,1.363950468658004e-05,0.705885112285614,"[0.0, 0.0, 0.17184020578861237, 0.0, 0.828159749507904, 0.0]","[0.0, 0.0, 0.0, 0.999977707862854, 1.392972353642108e-05, 0.0]","[-19.74859619140625, -29.0523681640625, -2.6648330688476562]","[-18.808265686035156, -29.214351654052734, -2.741036891937256]","[632.4706420898438, 1648.72021484375, 1.0433179140090942]","[-19.74859619140625, -29.0523681640625, -2.6648330688476562]",pedestrian,0.07660213112831116,True,True,177,False,False,False,False,,,False,4.156647981702118,,False,True,,5,5,False,False
b6_zero,compound,recovery_1_5,fcbccedd61424f1b85dcbf8f897f9754,de7593d76648450e947ba0c203dee1b0,1533151609.947025,13,5,819,propagated,keep,recover,1.0,0.4855310618877411,0.6240687370300293,0.03884248435497284,0.0,0.9708703756332397,0.00025765085592865944,0.6771324276924133,"[0.0, 0.0, 0.0034961614292114973, 0.0, 0.9965038299560547, 0.0]","[0.0, 0.0, 0.0, 0.999955415725708, 0.00025764096062630415, 0.0]","[-19.94097900390625, -27.26031494140625, -2.605112075805664]","[-18.75933074951172, -27.535669326782227, -2.682573080062866]","[633.729248046875, 1647.6075439453125, 1.000423550605774]","[-19.94097900390625, -27.26031494140625, -2.605112075805664]",pedestrian,0.08901805430650711,True,True,136,False,False,False,False,,,False,3.454207076497495,,False,True,,5,5,False,False
b6_zero,compound,recovery_1_5,fcbccedd61424f1b85dcbf8f897f9754,de7593d76648450e947ba0c203dee1b0,1533151609.947025,13,5,832,propagated,keep,recover,1.0,0.43220528960227966,0.667698860168457,0.0345764234662056,0.0,0.9926865100860596,2.660533027665224e-06,0.7141996026039124,"[0.0, 0.0, 0.16770051419734955, 0.0, 0.832299530506134, 0.0]","[0.0, 0.0, 0.0, 0.9999798536300659, 2.7139478788740234e-06, 0.0]","[-18.66021728515625, -28.79718017578125, -2.6388912200927734]","[-18.261341094970703, -29.246564865112305, -2.7161450386047363]","[632.0966796875, 1648.319580078125, 1.0642839670181274]","[-18.66021728515625, -28.79718017578125, -2.6388912200927734]",pedestrian,0.0695502907037735,True,True,208,False,False,False,False,,,False,3.7357701052037497,,False,True,,5,5,False,False
b6_zero,compound,recovery_1_5,fcbccedd61424f1b85dcbf8f897f9754,de7593d76648450e947ba0c203dee1b0,1533151609.947025,13,5,844,propagated,defer,defer,1.0,0.4043506681919098,0.0,0.0,0.0,0.9811869263648987,0.0,0.7455055713653564,"[0.0, 0.0, 0.0, 0.0, 0.0, 0.0]","[0.0, 0.0, 0.0, 0.9999780654907227, 1.9039417793464963e-06, 0.0]","[-29.0870361328125, -45.904693603515625, -4.001432418823242]","[-28.7252254486084, -46.80870819091797, -4.039713382720947]","[625.2747192382812, 1667.6356201171875, 0.9081987142562866]","[-29.0870361328125, -45.904693603515625, -4.001432418823242]",pedestrian,0.049717504531145096,False,False,-1,False,False,False,False,,,False,19.269758860618378,,False,True,,0,0,False,False
b6_zero,compound,recovery_1_5,fcbccedd61424f1b85dcbf8f897f9754,de7593d76648450e947ba0c203dee1b0,1533151609.947025,13,5,852,propagated,defer,defer,1.0,0.32594695687294006,0.0,0.0,0.0,0.9869439601898193,0.0,0.7130274176597595,"[0.0, 0.0, 0.0, 0.0, 0.0, 0.0]","[0.0, 0.0, 0.0, 0.9999760389328003, 2.996466719196178e-06, 0.0]","[-31.96722412109375, -50.25311279296875, -4.219167709350586]","[-31.210962295532227, -50.54401397705078, -4.2425761222839355]","[623.9934692382812, 1671.940185546875, 0.9562677145004272]","[-31.96722412109375, -50.25311279296875, -4.219167709350586]",pedestrian,0.04316915199160576,False,False,-1,False,False,False,False,,,False,22.64235550697027,,False,True,,0,0,False,False
b6_zero,compound,recovery_1_5,fcbccedd61424f1b85dcbf8f897f9754,de7593d76648450e947ba0c203dee1b0,1533151609.947025,13,5,856,propagated,defer,defer,4.0,0.3837340772151947,0.0,0.0,0.0,0.9995165467262268,0.0,0.6712875366210938,"[0.0, 0.0, 0.0, 0.0, 0.0, 0.0]","[0.0, 0.0, 0.0, 0.9999518394470215, 3.9543202985881976e-24, 0.0]","[-12.19171142578125, -39.68084716796875, -2.929018020629883]","[-12.084037780761719, -39.90399169921875, -2.8346383571624756]","[619.96142578125, 1650.388916015625, 1.519860863685608]","[-12.207059860229492, -39.89214324951172, -2.929018020629883]",pedestrian,0.1010931208729744,False,True,112,False,False,False,False,,,False,4.044378741313244,,False,True,,0,0,False,False
b6_zero,compound,recovery_1_5,fcbccedd61424f1b85dcbf8f897f9754,de7593d76648450e947ba0c203dee1b0,1533151609.947025,13,5,870,propagated,keep,recover,1.0,0.43497583270072937,0.14489030838012695,0.034798067063093185,0.0,0.9764639139175415,0.0001359472662443295,0.7592163681983948,"[0.0, 0.0, 0.0, 0.0, 1.0, 0.0]","[0.0, 0.0, 0.0, 0.9999725818634033, 0.00013594354095403105, 0.0]","[-32.35101318359375, -46.6632080078125, -4.196216583251953]","[-31.467573165893555, -47.303409576416016, -4.219674587249756]","[626.6444091796875, 1670.0660400390625, 0.7874013185501099]","[-32.35101318359375, -46.6632080078125, -4.196216583251953]",pedestrian,0.05466044321656227,True,False,-1,False,False,False,False,,,False,22.059496085539617,,False,True,,0,0,False,False
b6_zero,compound,recovery_1_5,fcbccedd61424f1b85dcbf8f897f9754,de7593d76648450e947ba0c203dee1b0,1533151609.947025,13,5,873,propagated,defer,defer,3.0,0.460948646068573,0.0,0.0,0.0,0.9084398150444031,0.0,0.742826521396637,"[0.0, 0.0, 0.0, 0.0, 0.0, 0.0]","[0.0, 0.0, 0.0, 0.9999442100524902, 0.0, 0.0]","[-6.4886474609375, -35.5584716796875, -3.2084503173828125]","[-4.8899993896484375, -39.38948059082031, -2.7269787788391113]","[615.7532958984375, 1644.5303955078125, 1.5199917554855347]","[-6.9926886558532715, -39.77446746826172, -3.2084503173828125]",bicycle,0.0016535879112780094,False,False,-1,False,False,False,False,,,False,2.4707305176520036,,False,True,,0,0,False,False
b6_zero,compound,recovery_1_5,fcbccedd61424f1b85dcbf8f897f9754,de7593d76648450e947ba0c203dee1b0,1533151609.947025,13,5,889,propagated,defer,defer,1.0,0.38390615582466125,0.0,0.0,0.0,0.9669670462608337,0.0,0.6965980529785156,"[0.0, 0.0, 0.0, 0.0, 0.0, 0.0]","[0.0, 0.0, 0.0, 0.9999798536300659, 1.4594604635931319e-08, 0.0]","[-19.68182373046875, -32.239654541015625, -2.985868453979492]","[-18.437942504882812, -32.599281311035156, -2.9313337802886963]","[629.629638671875, 1650.60693359375, 1.0525518655776978]","[-19.68182373046875, -32.239654541015625, -2.985868453979492]",pedestrian,0.03902920335531235,False,False,-1,False,False,False,False,,,False,6.494422648496992,,False,True,,0,0,False,False
b6_zero,compound,recovery_1_5,325cef682f064c55a255f2625c533b75,61a7bd24f88a46c2963280d8b13ac675,1538984239.948316,53,5,680,propagated,keep,recover,1.0,0.5473626852035522,1.2036104202270508,0.04378901422023773,0.0,0.9751392006874084,1.6023805615716924e-09,0.7570279240608215,"[0.08729728311300278, 0.0, 0.3070923388004303, 0.0, 0.6056103706359863, 0.0]","[0.0, 0.0, 0.0, 0.9999972581863403, 1.8113992528157041e-09, 0.0]","[-7.63262939453125, -14.50909423828125, -1.6881637573242188]","[-7.559604644775391, -12.743232727050781, -1.578711986541748]","[716.53955078125, 1787.53515625, 1.1506041288375854]","[-7.675745010375977, -13.853765487670898, -1.6881637573242188]",pedestrian,0.2866970896720886,True,True,24,True,True,False,True,293abeb43b2a439abcd4ff08b981eeb9,pedestrian,True,1.4294552610694726,0.20432377673090982,True,False,13,0,0,True,False
b6_zero,compound,recovery_1_5,325cef682f064c55a255f2625c533b75,61a7bd24f88a46c2963280d8b13ac675,1538984239.948316,53,5,734,propagated,defer,defer,4.0,0.3611370027065277,0.0,0.0,0.0,0.9889336228370667,0.0,0.6722558736801147,"[0.0, 0.0, 0.0, 0.0, 0.0, 0.0]","[0.0, 0.0, 0.0, 0.9999973773956299, 0.0, 0.0]","[4.25897216796875, -42.255615234375, -4.0883941650390625]","[4.983264923095703, -42.07996368408203, -4.119140625]","[732.9541015625, 1815.0018310546875, 0.398218035697937]","[4.258971214294434, -42.255615234375, -4.0883941650390625]",car,0.0020301472395658493,False,False,-1,False,False,False,False,,,False,7.280131142563269,,False,True,,0,0,False,False
b6_zero,compound,recovery_1_5,325cef682f064c55a255f2625c533b75,61a7bd24f88a46c2963280d8b13ac675,1538984239.948316,53,5,834,propagated,defer,defer,1.0,0.33461952209472656,0.0,0.0,0.0,0.9844058156013489,0.0,0.7797605395317078,"[0.0, 0.0, 0.0, 0.0, 0.0, 0.0]","[0.0, 0.0, 0.0, 0.9999957084655762, 4.778997157858442e-15, 0.0]","[-12.05352783203125, -27.33160400390625, -2.7517547607421875]","[-12.082412719726562, -26.47329330444336, -2.531935453414917]","[730.3269653320312, 1791.9832763671875, 1.1552866697311401]","[-12.053528785705566, -27.33160400390625, -2.7517547607421875]",pedestrian,0.10565636307001114,False,True,70,False,False,False,False,,,False,3.458470719864332,,False,True,,0,0,False,False
b6_zero,compound,recovery_1_5,325cef682f064c55a255f2625c533b75,61a7bd24f88a46c2963280d8b13ac675,1538984239.948316,53,5,853,propagated,defer,defer,4.0,0.34285637736320496,0.0,0.0,0.0,0.9909973740577698,0.0,0.6759341955184937,"[0.0, 0.0, 0.0, 0.0, 0.0, 0.0]","[0.0, 0.0, 0.0, 0.9999973773956299, 0.0, 0.0]","[3.4501953125, -41.6707763671875, -4.004802703857422]","[3.520130157470703, -41.00199890136719, -4.008511543273926]","[732.9400634765625, 1813.1820068359375, 0.45483434200286865]","[3.4501943588256836, -41.6707763671875, -4.004802703857422]",bicycle,0.0018953571561723948,False,False,-1,False,False,False,False,,,False,6.819032747787881,,False,True,,0,0,False,False
b6_zero,compound,recovery_1_5,325cef682f064c55a255f2625c533b75,61a7bd24f88a46c2963280d8b13ac675,1538984239.948316,53,5,870,propagated,defer,defer,1.0,0.2442290484905243,0.0,0.0,0.0,0.9767944812774658,0.0,0.7798997163772583,"[0.0, 0.0, 0.0, 0.0, 0.0, 0.0]","[0.0, 0.0, 0.0, 0.9999959468841553, 4.04352395547169e-15, 0.0]","[-13.305908203125, -30.7384033203125, -3.038379669189453]","[-13.450386047363281, -29.68189811706543, -2.846358299255371]","[733.7376098632812, 1792.774169921875, 1.068562626838684]","[-13.305909156799316, -30.7384033203125, -3.038379669189453]",pedestrian,0.045090749859809875,False,True,181,False,False,False,True,0b4e0eb8ab06454d8904248794faa095,pedestrian,True,0.14770915529065476,1.2756638127055816e-06,True,False,,0,0,False,False
b6_zero,compound,recovery_1_5,325cef682f064c55a255f2625c533b75,61a7bd24f88a46c2963280d8b13ac675,1538984239.948316,53,5,880,propagated,defer,defer,1.0,0.3810688853263855,0.0,0.0,0.0,0.9817751049995422,0.0,0.7798110842704773,"[0.0, 0.0, 0.0, 0.0, 0.0, 0.0]","[0.0, 0.0, 0.0, 0.9999934434890747, 5.660990101458553e-24, 0.0]","[-10.0006103515625, -31.307373046875, -2.8384246826171875]","[-9.784671783447266, -30.41783332824707, -2.5525267124176025]","[732.1548461914062, 1796.1610107421875, 1.367242455482483]","[-10.000611305236816, -31.307373046875, -2.8384246826171875]",pedestrian,0.16574865579605103,False,True,46,True,False,False,True,26ae4a920a9c4457909454cd8a84c959,pedestrian,True,1.371497807394003,1.2768395376779691e-06,True,False,13,0,0,True,False
b4_50iter,camera_crash_5,recovery_1_5,fcbccedd61424f1b85dcbf8f897f9754,fa65a298c01f44e7a182bbf9e5fe3697,1533151607.548824,8,5,655,propagated,keep,recover,1.0,0.38005876541137695,0.1360764503479004,0.030404699966311455,0.0,0.9007888436317444,1.0,0.7339829802513123,"[0.0, 0.0, 0.0, 0.0, 1.0, 0.0]","[0.0, 0.0, 0.0, 0.9998984336853027, 0.0, 0.0]","[-4.4727783203125, -17.782318115234375, -1.609182357788086]","[-2.9838409423828125, -20.58694839477539, -1.2653999328613281]","[615.128173828125, 1642.688232421875, 1.6270413398742676]","[-4.495535850524902, -22.266475677490234, -1.609182357788086]",barrier,0.00024351397587452084,True,False,-1,False,False,False,False,,,False,2.162207096822294,,False,True,,0,0,False,False
b4_50iter,camera_crash_5,recovery_1_5,fcbccedd61424f1b85dcbf8f897f9754,fa65a298c01f44e7a182bbf9e5fe3697,1533151607.548824,8,5,667,propagated,keep,recover,2.0,0.5768333673477173,1.3285694122314453,0.04614666849374771,0.0036307841073721647,0.9951647520065308,1.0,0.69791179895401,"[0.20445670187473297, 0.40402543544769287, 0.0, 0.0, 0.0, 0.39151790738105774]","[0.0, 0.0, 0.0, 0.9997053742408752, 0.0, 5.012747082307967e-19]","[6.65521240234375, -20.262725830078125, -1.3687705993652344]","[6.642364501953125, -20.79490089416504, -0.877680778503418]","[608.841552734375, 1635.393798828125, 1.9829578399658203]","[6.663965225219727, -20.821565628051758, -1.3687705993652344]",pedestrian,0.34661683440208435,True,True,10,True,True,False,True,aa0ab0cab40d4467aa12cd5c491829d3,pedestrian,True,0.4841970583325722,0.2218953485022042,True,False,8,0,0,True,False
b4_50iter,camera_crash_5,recovery_1_5,fcbccedd61424f1b85dcbf8f897f9754,fa65a298c01f44e7a182bbf9e5fe3697,1533151607.548824,8,5,678,propagated,keep,recover,2.0,0.5426990985870361,1.215576171875,0.04341592639684677,0.00354608241468668,0.9957861304283142,1.0,0.7103891372680664,"[0.008621214888989925, 0.0, 0.39635568857192993, 0.0, 0.5950231552124023, 0.0]","[0.0, 0.0, 0.0, 0.999893307685852, 6.276010754515187e-21, 0.0]","[-9.17193603515625, -26.21490478515625, -1.8500404357910156]","[-9.401180267333984, -26.966636657714844, -1.4977588653564453]","[614.3058471679688, 1651.701904296875, 1.7457714080810547]","[-9.127473831176758, -26.85654640197754, -1.8500404357910156]",pedestrian,0.31911832094192505,True,True,15,True,False,False,True,101185cd967c4b039511966867bd0c55,pedestrian,True,0.45099437260164416,0.06558004239964965,True,False,8,0,0,True,False
b4_50iter,camera_crash_5,recovery_1_5,fcbccedd61424f1b85dcbf8f897f9754,fa65a298c01f44e7a182bbf9e5fe3697,1533151607.548824,8,5,687,propagated,keep,recover,1.0,0.49696803092956543,0.7910852432250977,0.039757441729307175,0.0,0.9989297986030579,1.0,0.7045641541481018,"[0.07982978224754333, 0.0, 0.4105989634990692, 0.0, 0.5095712542533875, 0.0]","[0.0, 0.0, 0.0, 0.9999234676361084, 3.3139283147059356e-14, 0.0]","[-10.1826171875, -21.864471435546875, -1.650430679321289]","[-10.277015686035156, -22.5383358001709, -1.43927001953125]","[618.2731323242188, 1649.5537109375, 1.5838541984558105]","[-10.189325332641602, -22.50286102294922, -1.650430679321289]",pedestrian,0.2890896201133728,True,True,18,True,True,False,True,09ed64da038c4baba2468c94874e1e19,pedestrian,True,0.4031705769928842,0.028428017183497054,True,False,8,0,0,True,False
b4_50iter,camera_crash_5,recovery_1_5,fcbccedd61424f1b85dcbf8f897f9754,fa65a298c01f44e7a182bbf9e5fe3697,1533151607.548824,8,5,714,propagated,defer,defer,1.0,0.6319105625152588,0.0,0.0,0.0,0.9782288074493408,1.0,0.7120868563652039,"[0.0, 0.0, 0.0, 0.0, 0.0, 0.0]","[0.0, 0.0, 0.0, 0.9997269511222839, 0.0, 4.591300886657672e-20]","[9.31463623046875, -29.728759765625, -1.8812503814697266]","[8.679046630859375, -29.065563201904297, -1.1520094871520996]","[601.1701049804688, 1639.1029052734375, 2.118748664855957]","[9.290083885192871, -29.507633209228516, -1.8812503814697266]",pedestrian,0.43070849776268005,False,True,4,True,True,False,True,9e8c9ceb4d984442b41fcc25342df4b4,pedestrian,True,1.1540016211746515,0.19719555312756595,True,False,8,0,0,True,False
b4_50iter,camera_crash_5,recovery_1_5,fcbccedd61424f1b85dcbf8f897f9754,fa65a298c01f44e7a182bbf9e5fe3697,1533151607.548824,8,5,738,propagated,keep,recover,2.0,0.5735405087471008,0.8872995376586914,0.045883238315582275,0.0036792922765016556,0.9932031035423279,1.0,0.7078057527542114,"[0.0, 0.2113250344991684, 0.0, 0.0, 0.0, 0.7886749505996704]","[0.0, 0.0, 0.0, 0.9998672008514404, 0.0, 7.453737605432609e-13]","[9.977294921875, -22.687835693359375, -1.760812759399414]","[9.624591827392578, -22.914840698242188, -1.3545234203338623]","[605.2910766601562, 1634.46435546875, 1.6010723114013672]","[9.977294921875, -22.687835693359375, -1.760812759399414]",traffic_cone,0.12675701081752777,True,True,93,False,False,False,False,,,False,3.417622126053884,,False,True,,1,1,False,False
b4_50iter,camera_crash_5,recovery_1_5,fcbccedd61424f1b85dcbf8f897f9754,fa65a298c01f44e7a182bbf9e5fe3697,1533151607.548824,8,5,789,propagated,defer,defer,2.0,0.4673977196216583,0.0,0.0,0.0,0.9920124411582947,1.0,0.7580641508102417,"[0.0, 0.0, 0.0, 0.0, 0.0, 0.0]","[0.0, 0.0, 0.0, 0.9997339844703674, 0.0, 7.634420439578404e-14]","[10.986328125, -27.056732177734375, -1.5966968536376953]","[10.620677947998047, -26.637968063354492, -1.119231939315796]","[601.8001708984375, 1636.060302734375, 2.0201759338378906]","[10.978763580322266, -26.426347732543945, -1.5966968536376953]",pedestrian,0.14463479816913605,False,True,79,False,False,False,False,,,False,2.660152979945649,,False,True,,0,0,False,False
b4_50iter,camera_crash_5,recovery_1_5,325cef682f064c55a255f2625c533b75,5b7cb170eee6468aa1fdbd3abcf63c5a,1538984237.446737,48,5,743,propagated,keep,recover,1.0,0.4142601490020752,0.6341824531555176,0.03314081206917763,0.0,0.9707797765731812,1.0,0.6993590593338013,"[0.0, 0.0, 0.2009093314409256, 0.0, 0.7990906834602356, 0.0]","[0.0, 0.0, 0.0, 0.9999885559082031, 9.542137080487123e-10, 0.0]","[-14.5728759765625, -26.90325927734375, -1.9712677001953125]","[-14.51705551147461, -25.687131881713867, -1.9447932243347168]","[737.0982666015625, 1805.5599365234375, 1.002562403678894]","[-14.572876930236816, -26.90325927734375, -1.9712677001953125]",bicycle,0.0969514548778534,True,True,106,False,False,False,True,4568d80512604a31a3adc93ff236bf5a,bicycle,True,1.0414413628309445,2.1725783903965155e-06,True,False,8,0,0,True,False
b4_50iter,camera_crash_5,recovery_1_5,325cef682f064c55a255f2625c533b75,5b7cb170eee6468aa1fdbd3abcf63c5a,1538984237.446737,48,5,838,propagated,defer,defer,4.0,0.38825610280036926,0.0,0.0,0.0,0.9047374129295349,1.0,0.7163583636283875,"[0.0, 0.0, 0.0, 0.0, 0.0, 0.0]","[0.0, 0.0, 0.0, 0.9999839067459106, 0.0, 0.0]","[-3.7412109375, -28.62298583984375, -2.0044479370117188]","[-3.00634765625, -26.94057273864746, -1.7027902603149414]","[728.7673950195312, 1813.6015625, 1.2364211082458496]","[-4.350846290588379, -28.70319938659668, -2.0044479370117188]",pedestrian,0.04620262607932091,False,True,215,False,False,False,False,,,False,5.253188086491566,,False,True,,0,0,False,False
b4_50iter,camera_crash_5,recovery_1_5,325cef682f064c55a255f2625c533b75,5b7cb170eee6468aa1fdbd3abcf63c5a,1538984237.446737,48,5,842,propagated,defer,defer,4.0,0.35940954089164734,0.0,0.0,0.0,0.9512593150138855,1.0,0.7407428622245789,"[0.0, 0.0, 0.0, 0.0, 0.0, 0.0]","[0.0, 0.0, 0.0, 0.999985933303833, 0.0, 0.0]","[-0.799102783203125, -25.07415771484375, -1.8866767883300781]","[-2.1780776977539062, -23.823347091674805, -1.5993385314941406]","[726.2005004882812, 1811.64599609375, 1.2084934711456299]","[-1.3884685039520264, -25.162145614624023, -1.8866767883300781]",pedestrian,0.07348912209272385,False,True,154,False,False,False,False,,,False,2.0445698583754894,,False,True,,0,0,False,False
b4_50iter,camera_crash_5,recovery_1_5,325cef682f064c55a255f2625c533b75,5b7cb170eee6468aa1fdbd3abcf63c5a,1538984237.446737,48,5,859,propagated,defer,defer,4.0,0.4619796574115753,0.0,0.0,0.0,0.9747115969657898,1.0,0.777654230594635,"[0.0, 0.0, 0.0, 0.0, 0.0, 0.0]","[0.0, 0.0, 0.0, 0.9999847412109375, 0.0, 0.0]","[-2.81610107421875, -24.11090087890625, -1.7819976806640625]","[-2.744781494140625, -23.085315704345703, -1.521498441696167]","[726.1937255859375, 1810.713623046875, 1.2590947151184082]","[-3.4030416011810303, -23.968217849731445, -1.7819976806640625]",pedestrian,0.07692576944828033,False,True,143,False,False,False,True,1549e245295746028d52a8225503af6c,pedestrian,True,1.4957922247111386,0.9422564098777729,True,False,,0,0,False,False
b4_50iter,camera_crash_5,recovery_1_5,325cef682f064c55a255f2625c533b75,5b7cb170eee6468aa1fdbd3abcf63c5a,1538984237.446737,48,5,863,propagated,defer,defer,3.0,0.43881943821907043,0.0,0.0,0.0,0.9988550543785095,1.0,0.7987156510353088,"[0.0, 0.0, 0.0, 0.0, 0.0, 0.0]","[0.0, 0.0, 0.0, 0.999985933303833, 3.164174769743989e-31, 0.0]","[-5.22808837890625, -23.45391845703125, -1.69671630859375]","[-5.721000671386719, -23.05366325378418, -1.58967924118042]","[728.527099609375, 1808.8653564453125, 1.2049431800842285]","[-5.83823299407959, -23.232772827148438, -1.69671630859375]",pedestrian,0.01745235174894333,False,False,-1,False,False,False,False,,,False,3.933120795706117,,False,True,,0,0,False,False
b4_50iter,camera_crash_10,recovery_1_5,fcbccedd61424f1b85dcbf8f897f9754,de7593d76648450e947ba0c203dee1b0,1533151609.947025,13,5,658,propagated,keep,recover,2.0,0.534990668296814,2.008983612060547,0.04279925301671028,0.0031829781364649534,0.9768466949462891,1.0,0.6973353624343872,"[0.2305469959974289, 0.0, 0.3432246446609497, 0.0, 0.4262283742427826, 0.0]","[0.0, 0.0, 0.0, 0.9999736547470093, 2.6283872647803186e-11, 0.0]","[-13.6055908203125, -23.95159912109375, -2.1490001678466797]","[-12.829002380371094, -25.149023056030273, -2.172908067703247]","[631.7821655273438, 1641.5048828125, 1.3029054403305054]","[-13.654777526855469, -24.449878692626953, -2.1490001678466797]",pedestrian,0.3313291072845459,True,True,8,True,True,True,True,84b1b1dde33e44bea0d99dc3094fd49a,pedestrian,True,0.47268142094070115,0.20624080455460506,True,False,13,0,0,True,False
b4_50iter,camera_crash_10,recovery_1_5,fcbccedd61424f1b85dcbf8f897f9754,de7593d76648450e947ba0c203dee1b0,1533151609.947025,13,5,659,propagated,keep,recover,2.0,0.5809693932533264,1.9599695205688477,0.0464775487780571,0.0034649234730750322,0.9611117243766785,1.0,0.7279348373413086,"[0.4195564091205597, 0.32658037543296814, 0.0, 0.0, 0.0, 0.25386321544647217]","[0.0, 0.0, 0.0, 0.9999749660491943, 0.0, 1.9437101945171865e-16]","[5.15399169921875, -16.7901611328125, -1.7321414947509766]","[6.435588836669922, -17.603328704833984, -1.735663652420044]","[625.2503051757812, 1621.8697509765625, 1.0818215608596802]","[5.076670169830322, -17.233789443969727, -1.7321414947509766]",pedestrian,0.3686116337776184,True,True,3,True,True,True,True,0e9b314c6a1f41189116b67fb257d8ba,pedestrian,True,0.7161699295806631,0.09624746478140161,True,False,13,0,0,True,False
b4_50iter,camera_crash_10,recovery_1_5,fcbccedd61424f1b85dcbf8f897f9754,de7593d76648450e947ba0c203dee1b0,1533151609.947025,13,5,666,propagated,defer,defer,2.0,0.521325409412384,0.0,0.0,0.0,0.9555304050445557,1.0,0.7512932419776917,"[0.0, 0.0, 0.0, 0.0, 0.0, 0.0]","[0.0, 0.0, 0.0, 0.9999521970748901, 7.815707713758562e-31, 0.0]","[-11.93170166015625, -44.655792236328125, -3.38287353515625]","[-10.523269653320312, -45.53386306762695, -3.232881546020508]","[614.6279296875, 1652.8050537109375, 1.4435914754867554]","[-11.983570098876953, -45.188228607177734, -3.38287353515625]",pedestrian,0.30231449007987976,False,True,12,False,False,False,False,,,False,2.4107862772601374,,False,True,,0,0,False,False
b4_50iter,camera_crash_10,recovery_1_5,fcbccedd61424f1b85dcbf8f897f9754,de7593d76648450e947ba0c203dee1b0,1533151609.947025,13,5,681,propagated,keep,recover,3.0,0.582122266292572,2.014784812927246,0.046543899923563004,0.0062976437620818615,0.9782031774520874,1.0,0.7113429307937622,"[0.18209925293922424, 0.47314977645874023, 0.0, 0.0, 0.0, 0.3447509706020355]","[0.0, 0.0, 0.0, 0.9999629259109497, 0.0, 2.6632644921180684e-21]","[5.73236083984375, -22.15936279296875, -2.0272884368896484]","[6.634925842285156, -23.054868698120117, -1.9876668453216553]","[620.9312133789062, 1625.2108154296875, 1.1552883386611938]","[5.672180652618408, -22.638402938842773, -2.0272884368896484]",pedestrian,0.30525916814804077,True,True,11,True,True,True,True,b73d145dba9145689b3ff2621c381fe4,pedestrian,True,1.2850599874688617,0.5728084055992382,True,False,13,0,0,True,False
b4_50iter,camera_crash_10,recovery_1_5,fcbccedd61424f1b85dcbf8f897f9754,de7593d76648450e947ba0c203dee1b0,1533151609.947025,13,5,684,propagated,keep,recover,3.0,0.46678149700164795,2.6933469772338867,0.03734251856803894,0.004294148646295071,0.9747322797775269,1.0,0.7765522599220276,"[0.3408718705177307, 0.0, 0.27635467052459717, 0.0, 0.3827734887599945, 0.0]","[0.0, 0.0, 0.0, 0.9999748468399048, 9.75251919872415e-21, 0.0]","[-9.251220703125, -22.926177978515625, -2.1232051849365234]","[-8.124797821044922, -22.853153228759766, -2.0493111610412598]","[630.5355224609375, 1636.419921875, 1.2385145425796509]","[-9.251220703125, -22.926176071166992, -2.1232051849365234]",pedestrian,0.2807856500148773,True,True,14,True,True,True,True,e833662c5eb64d2580f877fee97117c5,pedestrian,True,0.24593459688291006,0.27003927690644913,True,False,13,0,0,True,False
b4_50iter,camera_crash_10,recovery_1_5,fcbccedd61424f1b85dcbf8f897f9754,de7593d76648450e947ba0c203dee1b0,1533151609.947025,13,5,685,propagated,defer,defer,2.0,0.5116502046585083,0.0,0.0,0.0,0.9583817720413208,1.0,0.7517074942588806,"[0.0, 0.0, 0.0, 0.0, 0.0, 0.0]","[0.0, 0.0, 0.0, 0.9999514818191528, 6.0133912271611416e-33, 0.0]","[-11.41815185546875, -46.826416015625, -3.545093536376953]","[-10.05389404296875, -47.486183166503906, -3.351027250289917]","[612.8251953125, 1653.697265625, 1.4378260374069214]","[-11.495372772216797, -47.38652038574219, -3.545093536376953]",pedestrian,0.2398587018251419,False,True,20,False,False,False,False,,,False,2.017919794294034,,False,True,,0,0,False,False
b4_50iter,camera_crash_10,recovery_1_5,fcbccedd61424f1b85dcbf8f897f9754,de7593d76648450e947ba0c203dee1b0,1533151609.947025,13,5,688,propagated,keep,recover,1.0,0.5200897455215454,1.031240463256836,0.04160717874765396,0.0,0.9899113774299622,1.0,0.7452594637870789,"[0.15058644115924835, 0.4247116446495056, 0.0, 0.0, 0.0, 0.4247019290924072]","[0.0, 0.0, 0.0, 0.9999771118164062, 0.0, 2.788121093999507e-07]","[7.4580078125, -14.87518310546875, -1.5748882293701172]","[8.147968292236328, -14.665145874023438, -1.5353024005889893]","[626.415283203125, 1618.6685791015625, 1.087306022644043]","[7.463847637176514, -14.471736907958984, -1.5748882293701172]",pedestrian,0.2915947139263153,True,True,13,True,True,True,True,16a95164fcdd44e99cf99a93dd13b017,pedestrian,True,0.9693785458591145,0.6466983997984471,True,False,13,0,0,True,False
b4_50iter,camera_crash_10,recovery_1_5,fcbccedd61424f1b85dcbf8f897f9754,de7593d76648450e947ba0c203dee1b0,1533151609.947025,13,5,690,propagated,keep,recover,2.0,0.48726728558540344,1.6498994827270508,0.03898138180375099,0.0030878109391778708,0.9744248986244202,1.0,0.7244957089424133,"[0.34919801354408264, 0.3888852596282959, 0.0, 0.0, 0.0, 0.2619166970252991]","[0.0, 0.0, 0.0, 0.999974250793457, 0.0, 3.3511338613740827e-18]","[5.34747314453125, -18.57611083984375, -1.8937149047851562]","[6.411506652832031, -19.08560562133789, -1.8435828685760498]","[624.12451171875, 1622.8402099609375, 1.0633028745651245]","[5.324158668518066, -18.753108978271484, -1.8937149047851562]",pedestrian,0.2502327263355255,True,True,18,True,True,True,True,ebc5a02f9ea64bbd9f3ccc3b84563d35,pedestrian,True,0.31494218418184394,0.1930879585472005,True,False,13,0,0,True,False
b4_50iter,camera_crash_10,recovery_1_5,fcbccedd61424f1b85dcbf8f897f9754,de7593d76648450e947ba0c203dee1b0,1533151609.947025,13,5,693,propagated,keep,recover,3.0,0.48227834701538086,1.09043550491333,0.03858226537704468,0.005428954493254423,0.9631568789482117,1.0,0.7270374298095703,"[4.522709667764749e-26, 0.46091821789741516, 0.0, 0.0, 0.0, 0.5390818119049072]","[0.0, 0.0, 0.0, 0.999974250793457, 0.0, 1.0553180594709184e-18]","[5.02716064453125, -18.192474365234375, -1.8755226135253906]","[6.235687255859375, -18.967308044433594, -1.8340795040130615]","[624.3282470703125, 1622.899169921875, 1.0675586462020874]","[5.0033721923828125, -18.370121002197266, -1.8755226135253906]",pedestrian,0.21117042005062103,True,True,24,True,True,True,True,ebc5a02f9ea64bbd9f3ccc3b84563d35,pedestrian,True,0.38489924624629895,0.19510505462817399,True,False,13,0,0,True,False
b4_50iter,camera_crash_10,recovery_1_5,fcbccedd61424f1b85dcbf8f897f9754,de7593d76648450e947ba0c203dee1b0,1533151609.947025,13,5,705,propagated,defer,defer,2.0,0.40730020403862,0.0,0.0,0.0,0.9823969602584839,1.0,0.7347144484519958,"[0.0, 0.0, 0.0, 0.0, 0.0, 0.0]","[0.0, 0.0, 0.0, 0.9999165534973145, 0.0, 1.2471226288919033e-31]","[5.9254150390625, -39.577850341796875, -2.448366165161133]","[6.650123596191406, -40.421836853027344, -2.5242936611175537]","[607.5791625976562, 1636.31787109375, 1.661603569984436]","[5.93954610824585, -39.807586669921875, -2.448366165161133]",pedestrian,0.1618763506412506,False,True,48,False,False,False,False,,,False,2.2884421401462545,,False,True,,0,0,False,False
b4_50iter,camera_crash_10,recovery_1_5,fcbccedd61424f1b85dcbf8f897f9754,de7593d76648450e947ba0c203dee1b0,1533151609.947025,13,5,706,propagated,keep,recover,2.0,0.5054853558540344,2.0038280487060547,0.040438827127218246,0.0028092586435377598,0.9523515701293945,1.0,0.6853618621826172,"[0.2509452700614929, 0.0, 0.33584460616111755, 0.0, 0.4132101237773895, 0.0]","[0.0, 0.0, 0.0, 0.9999754428863525, 1.8989658456813885e-10, 0.0]","[-14.6937255859375, -24.20538330078125, -2.198333740234375]","[-13.277347564697266, -25.150299072265625, -2.2082455158233643]","[632.06689453125, 1641.8516845703125, 1.2724751234054565]","[-14.774867057800293, -24.704893112182617, -2.198333740234375]",pedestrian,0.17770609259605408,True,True,40,True,True,True,True,84b1b1dde33e44bea0d99dc3094fd49a,pedestrian,True,0.5848011324594612,0.21492453353738084,True,False,13,0,0,True,False
b4_50iter,camera_crash_10,recovery_1_5,fcbccedd61424f1b85dcbf8f897f9754,de7593d76648450e947ba0c203dee1b0,1533151609.947025,13,5,707,propagated,defer,defer,5.0,0.529299795627594,0.0,0.0,0.0,0.9726251363754272,1.0,0.7597848773002625,"[0.0, 0.0, 0.0, 0.0, 0.0, 0.0]","[0.0, 0.0, 0.0, 0.999937891960144, 0.0, 2.5663583951400185e-22]","[9.7081298828125, -40.960784912109375, -2.9011802673339844]","[10.884239196777344, -41.014801025390625, -2.8602921962738037]","[604.399658203125, 1633.4605712890625, 1.3168119192123413]","[9.708128929138184, -40.960784912109375, -2.9011802673339844]",traffic_cone,0.17771071195602417,False,True,39,False,False,False,False,,,False,3.4849553344958504,,False,True,,0,0,False,False
b4_50iter,camera_crash_10,recovery_1_5,fcbccedd61424f1b85dcbf8f897f9754,de7593d76648450e947ba0c203dee1b0,1533151609.947025,13,5,709,propagated,keep,recover,2.0,0.5354948043823242,2.0062389373779297,0.04283958300948143,0.0028945556841790676,0.9595983624458313,1.0,0.681952714920044,"[0.32266584038734436, 0.4347771406173706, 0.0, 0.0, 0.0, 0.24255706369876862]","[0.0, 0.0, 0.0, 0.9999723434448242, 0.0, 1.8409971897642707e-12]","[6.24200439453125, -16.537078857421875, -1.671112060546875]","[7.523479461669922, -17.229053497314453, -1.6767246723175049]","[624.843017578125, 1620.79248046875, 1.106630802154541]","[6.239498138427734, -16.586103439331055, -1.671112060546875]",pedestrian,0.27416306734085083,True,True,16,True,True,True,True,bff8170575c24b5d8714061f5349892b,pedestrian,True,0.2559968809071051,0.31944159596508487,True,False,13,0,0,True,False
b4_50iter,camera_crash_10,recovery_1_5,fcbccedd61424f1b85dcbf8f897f9754,de7593d76648450e947ba0c203dee1b0,1533151609.947025,13,5,732,propagated,defer,defer,1.0,0.3369077146053314,0.0,0.0,0.0,0.920281708240509,1.0,0.7810371518135071,"[0.0, 0.0, 0.0, 0.0, 0.0, 0.0]","[0.0, 0.0, 0.0, 0.99997878074646, 1.5207066161870841e-10, 0.0]","[-13.349609375, -21.133880615234375, -2.0805606842041016]","[-11.941577911376953, -22.60738182067871, -2.0841548442840576]","[633.1669311523438, 1639.1956787109375, 1.2295513153076172]","[-13.349609375, -21.133880615234375, -2.0805606842041016]",pedestrian,0.11171119660139084,False,True,92,False,False,False,False,,,False,2.060167307412028,,False,True,,0,0,False,False
b4_50iter,camera_crash_10,recovery_1_5,fcbccedd61424f1b85dcbf8f897f9754,de7593d76648450e947ba0c203dee1b0,1533151609.947025,13,5,733,propagated,defer,defer,2.0,0.4096413850784302,0.0,0.0,0.0,0.9650858044624329,1.0,0.7343013882637024,"[0.0, 0.0, 0.0, 0.0, 0.0, 0.0]","[0.0, 0.0, 0.0, 0.999951958656311, 3.026525589129062e-36, 0.0]","[-10.0089111328125, -46.95184326171875, -3.5875377655029297]","[-8.797252655029297, -47.68449020385742, -3.3841636180877686]","[611.8670043945312, 1652.8603515625, 1.403295636177063]","[-10.10017204284668, -47.48966979980469, -3.5875377655029297]",pedestrian,0.17026786506175995,False,True,45,False,False,False,True,7a0cca0f12d547518dd80d8df2c501bb,pedestrian,True,0.8760152026844504,0.5734917851420406,True,False,,0,0,False,False
b4_50iter,camera_crash_10,recovery_1_5,fcbccedd61424f1b85dcbf8f897f9754,de7593d76648450e947ba0c203dee1b0,1533151609.947025,13,5,737,propagated,keep,recover,2.0,0.43403229117393494,2.0365238189697266,0.03472258150577545,0.0022935131564736366,0.9634600281715393,1.0,0.7001205086708069,"[0.08163680136203766, 0.0, 0.3602946102619171, 0.0, 0.5580686330795288, 0.0]","[0.0, 0.0, 0.0, 0.999981164932251, 1.6347339482081225e-08, 0.0]","[-16.67626953125, -26.497222900390625, -2.4863510131835938]","[-15.50973129272461, -27.203351974487305, -2.52858304977417]","[631.9091796875, 1644.8924560546875, 1.0996513366699219]","[-16.67626953125, -26.497222900390625, -2.4863510131835938]",pedestrian,0.11322110891342163,True,True,89,False,False,False,True,c97be344ac4143ffa69b0b5ed22f31c2,pedestrian,True,0.3429158259849337,7.963414493526877e-08,True,False,13,0,0,True,False
b4_50iter,camera_crash_10,recovery_1_5,fcbccedd61424f1b85dcbf8f897f9754,de7593d76648450e947ba0c203dee1b0,1533151609.947025,13,5,753,propagated,defer,defer,1.0,0.31223180890083313,0.0,0.0,0.0,0.9871081709861755,1.0,0.7604796290397644,"[0.0, 0.0, 0.0, 0.0, 0.0, 0.0]","[0.0, 0.0, 0.0, 0.9999738931655884, 6.785526784369722e-05, 0.0]","[-32.4793701171875, -48.07440185546875, -4.191450119018555]","[-31.733877182006836, -48.37874221801758, -4.21143102645874]","[625.9904174804688, 1670.9571533203125, 0.8629852533340454]","[-32.4793701171875, -48.07440185546875, -4.191450119018555]",pedestrian,0.0844089686870575,False,True,141,False,False,False,False,,,False,22.543487462745283,,False,True,,0,0,False,False
b4_50iter,camera_crash_10,recovery_1_5,fcbccedd61424f1b85dcbf8f897f9754,de7593d76648450e947ba0c203dee1b0,1533151609.947025,13,5,773,propagated,defer,defer,1.0,0.4491049349308014,0.0,0.0,0.0,0.9740114212036133,1.0,0.757188618183136,"[0.0, 0.0, 0.0, 0.0, 0.0, 0.0]","[0.0, 0.0, 0.0, 0.9999526739120483, 2.4641400951428632e-30, 0.0]","[-11.483154296875, -43.629180908203125, -3.389749526977539]","[-10.550357818603516, -44.69674301147461, -3.186077833175659]","[615.2891845703125, 1652.2889404296875, 1.4403644800186157]","[-11.554412841796875, -44.18001937866211, -3.389749526977539]",pedestrian,0.14354588091373444,False,True,63,False,False,False,True,2f009793dd694578990c045dc8c77e31,pedestrian,True,1.641728181041993,0.5268392321700994,True,False,,0,0,False,False
b4_50iter,camera_crash_10,recovery_1_5,fcbccedd61424f1b85dcbf8f897f9754,de7593d76648450e947ba0c203dee1b0,1533151609.947025,13,5,781,propagated,keep,recover,1.0,0.4639551043510437,0.9389429092407227,0.037116408348083496,0.0,0.9913442134857178,1.0,0.6802361011505127,"[0.021672362461686134, 0.0, 0.36816129088401794, 0.0, 0.6101663708686829, 0.0]","[0.0, 0.0, 0.0, 0.999975323677063, 3.427668707445264e-05, 0.0]","[-18.0845947265625, -26.366851806640625, -2.525777816772461]","[-17.51171112060547, -26.67959213256836, -2.618886709213257]","[633.5894165039062, 1646.099609375, 0.9993635416030884]","[-18.0845947265625, -26.366851806640625, -2.525777816772461]",pedestrian,0.11366624385118484,True,True,88,False,False,False,False,,,False,2.1538910030492335,,False,True,,5,5,False,False
b4_50iter,camera_crash_10,recovery_1_5,fcbccedd61424f1b85dcbf8f897f9754,de7593d76648450e947ba0c203dee1b0,1533151609.947025,13,5,783,propagated,keep,recover,1.0,0.3481689989566803,0.37265539169311523,0.02785351872444153,0.0,0.9769219160079956,1.0,0.6940059065818787,"[0.0, 0.0, 0.0, 0.0, 1.0, 0.0]","[0.0, 0.0, 0.0, 0.9999439716339111, 0.00020841565856244415, 0.0]","[-15.84613037109375, -21.257354736328125, -2.168346405029297]","[-14.95596694946289, -21.85943031311035, -2.280334234237671]","[635.6632690429688, 1641.0419921875, 1.0208913087844849]","[-15.84613037109375, -21.257354736328125, -2.168346405029297]",pedestrian,0.10184565931558609,True,True,103,False,False,False,False,,,False,2.9949829316578938,,False,True,,5,5,False,False
b4_50iter,camera_crash_10,recovery_1_5,fcbccedd61424f1b85dcbf8f897f9754,de7593d76648450e947ba0c203dee1b0,1533151609.947025,13,5,795,propagated,keep,recover,1.0,0.5381796360015869,0.7822675704956055,0.04305436834692955,0.0,0.9793953895568848,1.0,0.686244547367096,"[0.0, 0.0, 0.15177473425865173, 0.0, 0.8482252955436707, 0.0]","[0.0, 0.0, 0.0, 0.9999604225158691, 0.0002133218222297728, 0.0]","[-20.38836669921875, -28.280303955078125, -2.708372116088867]","[-19.657180786132812, -28.98732566833496, -2.788851022720337]","[633.1865234375, 1649.2293701171875, 0.9909918308258057]","[-20.38836669921875, -28.280303955078125, -2.708372116088867]",pedestrian,0.10337936878204346,True,True,100,False,False,False,False,,,False,4.780248176378496,,False,True,,5,5,False,False
b4_50iter,camera_crash_10,recovery_1_5,fcbccedd61424f1b85dcbf8f897f9754,de7593d76648450e947ba0c203dee1b0,1533151609.947025,13,5,822,propagated,defer,defer,1.0,0.4026743471622467,0.0,0.0,0.0,0.9734113812446594,1.0,0.7593675851821899,"[0.0, 0.0, 0.0, 0.0, 0.0, 0.0]","[0.0, 0.0, 0.0, 0.9999524354934692, 2.0251120219505334e-35, 0.0]","[-9.8804931640625, -45.540679931640625, -3.591329574584961]","[-8.842185974121094, -46.22691345214844, -3.2973504066467285]","[613.0172119140625, 1651.959716796875, 1.4029630422592163]","[-9.957242012023926, -46.094058990478516, -3.591329574584961]",pedestrian,0.12965594232082367,False,True,77,False,False,False,False,,,False,2.215594344841329,,False,True,,0,0,False,False
b4_50iter,camera_crash_10,recovery_1_5,fcbccedd61424f1b85dcbf8f897f9754,de7593d76648450e947ba0c203dee1b0,1533151609.947025,13,5,837,propagated,defer,defer,1.0,0.23532453179359436,0.0,0.0,0.0,0.9799231886863708,1.0,0.6849551796913147,"[0.0, 0.0, 0.0, 0.0, 0.0, 0.0]","[0.0, 0.0, 0.0, 0.9999691247940063, 0.0, 2.7267875457592794e-11]","[7.522216796875, -18.076934814453125, -1.6551837921142578]","[8.489185333251953, -18.547649383544922, -1.7453253269195557]","[623.2105102539062, 1620.8963623046875, 1.107016921043396]","[7.51676082611084, -18.302051544189453, -1.6551837921142578]",pedestrian,0.044491276144981384,False,False,-1,True,True,True,True,4eb1a864acc24ef89aa487d5002cc071,pedestrian,True,1.0573971424299695,0.06349581145129156,True,False,13,0,0,True,False
b4_50iter,camera_crash_10,recovery_1_5,fcbccedd61424f1b85dcbf8f897f9754,de7593d76648450e947ba0c203dee1b0,1533151609.947025,13,5,839,propagated,keep,recover,1.0,0.3634399175643921,0.879786491394043,0.029075192287564278,0.0,0.9809123277664185,1.0,0.7209087014198303,"[0.011521383188664913, 0.0, 0.3794184923171997, 0.0, 0.6090601682662964, 0.0]","[0.0, 0.0, 0.0, 0.9999816417694092, 2.2421174890041584e-06, 0.0]","[-17.764404296875, -26.751129150390625, -2.5337352752685547]","[-16.79784393310547, -26.9145450592041, -2.5853514671325684]","[632.953369140625, 1645.699951171875, 1.0393478870391846]","[-17.764404296875, -26.751129150390625, -2.5337352752685547]",pedestrian,0.07706666737794876,True,True,173,False,False,False,True,c97be344ac4143ffa69b0b5ed22f31c2,pedestrian,True,1.4301199871728973,2.1560646731885486e-07,True,False,13,0,0,True,False
b4_50iter,camera_crash_10,recovery_1_5,fcbccedd61424f1b85dcbf8f897f9754,de7593d76648450e947ba0c203dee1b0,1533151609.947025,13,5,850,propagated,keep,recover,1.0,0.48242858052253723,0.6396708488464355,0.038594286888837814,0.0,0.9714017510414124,1.0,0.6817440390586853,"[0.0, 0.0, 0.003275026101619005, 0.0, 0.9967249631881714, 0.0]","[0.0, 0.0, 0.0, 0.9999562501907349, 0.0002534255327191204, 0.0]","[-19.94085693359375, -27.259368896484375, -2.620706558227539]","[-18.779136657714844, -27.56608772277832, -2.704878807067871]","[633.7177124023438, 1647.6431884765625, 0.9801949262619019]","[-19.94085693359375, -27.259368896484375, -2.620706558227539]",pedestrian,0.09170503914356232,True,True,114,False,False,False,False,,,False,3.4799369202359833,,False,True,,5,5,False,False
b4_50iter,camera_crash_10,recovery_1_5,fcbccedd61424f1b85dcbf8f897f9754,de7593d76648450e947ba0c203dee1b0,1533151609.947025,13,5,857,propagated,keep,recover,1.0,0.4257025122642517,0.6859216690063477,0.034056201577186584,0.0,0.9928651452064514,1.0,0.7234875559806824,"[0.0, 0.0, 0.1684371680021286, 0.0, 0.8315628170967102, 0.0]","[0.0, 0.0, 0.0, 0.9999804496765137, 2.940362946901587e-06, 0.0]","[-18.65997314453125, -28.795654296875, -2.6642322540283203]","[-18.314353942871094, -29.278579711914062, -2.737380266189575]","[632.105224609375, 1648.3817138671875, 1.0455728769302368]","[-18.65997314453125, -28.795654296875, -2.6642322540283203]",pedestrian,0.07189574837684631,True,True,199,False,False,False,False,,,False,3.797995172658814,,False,True,,5,5,False,False
b4_50iter,camera_crash_10,recovery_1_5,fcbccedd61424f1b85dcbf8f897f9754,de7593d76648450e947ba0c203dee1b0,1533151609.947025,13,5,860,propagated,keep,recover,1.0,0.4308795630931854,0.7002897262573242,0.034470364451408386,0.0,0.9786404967308044,1.0,0.7183871269226074,"[0.0, 0.0, 0.17112945020198822, 0.0, 0.8288705945014954, 0.0]","[0.0, 0.0, 0.0, 0.9999788999557495, 9.967209734895732e-06, 0.0]","[-19.74835205078125, -29.051025390625, -2.6872501373291016]","[-18.73733901977539, -29.279916763305664, -2.7580065727233887]","[632.374267578125, 1648.7083740234375, 1.0295602083206177]","[-19.74835205078125, -29.051025390625, -2.6872501373291016]",pedestrian,0.07420080155134201,True,True,193,False,False,False,False,,,False,4.136406016220163,,False,True,,5,5,False,False
b4_50iter,camera_crash_10,recovery_1_5,fcbccedd61424f1b85dcbf8f897f9754,de7593d76648450e947ba0c203dee1b0,1533151609.947025,13,5,868,propagated,defer,defer,2.0,0.31750401854515076,0.0,0.0,0.0,0.9822407960891724,1.0,0.6569958925247192,"[0.0, 0.0, 0.0, 0.0, 0.0, 0.0]","[0.0, 0.0, 0.0, 0.999971866607666, 2.67302759787702e-11, 0.0]","[-14.501220703125, -25.9964599609375, -2.2746238708496094]","[-13.668052673339844, -26.875967025756836, -2.2672476768493652]","[630.9911499023438, 1643.2568359375, 1.3212836980819702]","[-14.559990882873535, -26.559213638305664, -2.2746238708496094]",pedestrian,0.08602390438318253,False,True,134,False,False,False,True,c97be344ac4143ffa69b0b5ed22f31c2,pedestrian,True,1.7034283899994327,1.4375682142804045,True,False,13,0,0,True,False
b4_50iter,camera_crash_10,recovery_1_5,fcbccedd61424f1b85dcbf8f897f9754,de7593d76648450e947ba0c203dee1b0,1533151609.947025,13,5,890,propagated,keep,recover,1.0,0.48138076066970825,0.6433429718017578,0.038510460406541824,0.0,0.9831985831260681,1.0,0.7004702091217041,"[0.0, 0.0, 3.4201471521555504e-07, 0.0, 0.9999996423721313, 0.0]","[0.0, 0.0, 0.0, 0.9999375343322754, 0.0006936198915354908, 0.0]","[-21.15667724609375, -28.920440673828125, -2.7305755615234375]","[-20.490034103393555, -29.548145294189453, -2.8242907524108887]","[633.288330078125, 1650.2288818359375, 0.9981212615966797]","[-21.15667724609375, -28.920440673828125, -2.7305755615234375]",pedestrian,0.06926995515823364,True,True,210,False,False,False,False,,,False,5.777191651891024,,False,True,,5,5,False,False
b4_50iter,camera_crash_10,recovery_1_5,fcbccedd61424f1b85dcbf8f897f9754,de7593d76648450e947ba0c203dee1b0,1533151609.947025,13,5,892,propagated,keep,recover,1.0,0.38035252690315247,0.5222382545471191,0.030428200960159302,0.0,0.9875970482826233,1.0,0.6858516931533813,"[0.0, 0.0, 0.040310654789209366, 0.0, 0.9596893191337585, 0.0]","[0.0, 0.0, 0.0, 0.9999803304672241, 2.4385178676311625e-06, 0.0]","[-16.1014404296875, -24.0714111328125, -2.298189163208008]","[-15.377799987792969, -24.526630401611328, -2.352980375289917]","[633.8847045898438, 1643.0731201171875, 1.1129086017608643]","[-16.16350555419922, -24.465864181518555, -2.298189163208008]",pedestrian,0.04837121069431305,True,False,-1,False,False,False,False,,,False,2.3698006814211916,,False,True,,0,0,False,False
b4_50iter,camera_crash_10,recovery_1_5,fcbccedd61424f1b85dcbf8f897f9754,de7593d76648450e947ba0c203dee1b0,1533151609.947025,13,5,894,propagated,keep,recover,2.0,0.37731605768203735,0.4648301601409912,0.030185284093022346,0.002453387714922428,0.975731372833252,1.0,0.6981651186943054,"[0.0, 8.670213014675497e-19, 0.0, 0.0, 0.0, 1.0]","[0.0, 0.0, 0.0, 0.9999758005142212, 0.0, 7.949453840818362e-17]","[5.15399169921875, -16.79010009765625, -1.7331161499023438]","[6.20208740234375, -17.236980438232422, -1.7162244319915771]","[625.681640625, 1621.814208984375, 1.0817234516143799]","[5.105100154876709, -17.079715728759766, -1.7331161499023438]",pedestrian,0.06068085879087448,True,True,252,True,True,True,True,0e9b314c6a1f41189116b67fb257d8ba,pedestrian,True,0.31932781722885056,0.07653557451084955,True,False,13,0,0,True,False
b4_50iter,camera_crash_10,recovery_1_5,fcbccedd61424f1b85dcbf8f897f9754,de7593d76648450e947ba0c203dee1b0,1533151609.947025,13,5,896,propagated,defer,defer,1.0,0.3622532784938812,0.0,0.0,0.0,0.9716994762420654,1.0,0.7028036713600159,"[0.0, 0.0, 0.0, 0.0, 0.0, 0.0]","[0.0, 0.0, 0.0, 0.9999802112579346, 2.0306208270426396e-08, 0.0]","[-19.6817626953125, -32.239532470703125, -2.9878177642822266]","[-18.52578353881836, -32.55113983154297, -2.9425323009490967]","[629.7223510742188, 1650.6441650390625, 1.0394190549850464]","[-19.6817626953125, -32.239532470703125, -2.9878177642822266]",pedestrian,0.04031829535961151,False,False,-1,False,False,False,False,,,False,6.495038760702601,,False,True,,0,0,False,False
b4_50iter,camera_crash_10,recovery_1_5,325cef682f064c55a255f2625c533b75,61a7bd24f88a46c2963280d8b13ac675,1538984239.948316,53,5,681,propagated,keep,recover,1.0,0.5431466102600098,1.2198047637939453,0.04345172643661499,0.0,0.9752225875854492,1.0,0.7631612420082092,"[0.08750776201486588, 0.0, 0.3081009089946747, 0.0, 0.60439133644104, 0.0]","[0.0, 0.0, 0.0, 0.9999972581863403, 1.8603673046513336e-09, 0.0]","[-7.63262939453125, -14.50897216796875, -1.6901130676269531]","[-7.567905426025391, -12.747238159179688, -1.5805480480194092]","[716.5477905273438, 1787.5308837890625, 1.1491326093673706]","[-7.686800003051758, -13.855541229248047, -1.6901130676269531]",pedestrian,0.2838069796562195,True,True,20,True,True,True,True,293abeb43b2a439abcd4ff08b981eeb9,pedestrian,True,1.4212094774075292,0.21937165204491765,True,False,13,0,0,True,False
b4_50iter,camera_crash_10,recovery_1_5,325cef682f064c55a255f2625c533b75,61a7bd24f88a46c2963280d8b13ac675,1538984239.948316,53,5,735,propagated,defer,defer,4.0,0.3367791473865509,0.0,0.0,0.0,0.9883334040641785,1.0,0.6812784075737,"[0.0, 0.0, 0.0, 0.0, 0.0, 0.0]","[0.0, 0.0, 0.0, 0.9999974966049194, 0.0, 0.0]","[4.25927734375, -42.253662109375, -4.117618560791016]","[5.007392883300781, -42.092952728271484, -4.153027534484863]","[732.9524536132812, 1815.0299072265625, 0.3649789094924927]","[4.259276390075684, -42.253662109375, -4.117618560791016]",car,0.00221764063462615,False,False,-1,False,False,False,False,,,False,7.288840877426385,,False,True,,0,0,False,False
b4_50iter,camera_crash_10,recovery_1_5,325cef682f064c55a255f2625c533b75,61a7bd24f88a46c2963280d8b13ac675,1538984239.948316,53,5,857,propagated,defer,defer,4.0,0.3178776204586029,0.0,0.0,0.0,0.989203929901123,1.0,0.681229293346405,"[0.0, 0.0, 0.0, 0.0, 0.0, 0.0]","[0.0, 0.0, 0.0, 0.9999973773956299, 0.0, 0.0]","[3.4505615234375, -41.66900634765625, -4.032321929931641]","[3.649494171142578, -40.959678649902344, -4.036870956420898]","[732.8314819335938, 1813.262451171875, 0.42224180698394775]","[3.4505605697631836, -41.66900634765625, -4.032321929931641]",bicycle,0.0019387179054319859,False,False,-1,False,False,False,False,,,False,6.721610782396899,,False,True,,0,0,False,False
b4_50iter,camera_crash_10,recovery_1_5,325cef682f064c55a255f2625c533b75,61a7bd24f88a46c2963280d8b13ac675,1538984239.948316,53,5,874,propagated,defer,defer,1.0,0.38857322931289673,0.0,0.0,0.0,0.9794491529464722,1.0,0.7830907702445984,"[0.0, 0.0, 0.0, 0.0, 0.0, 0.0]","[0.0, 0.0, 0.0, 0.9999932050704956, 1.765290845598234e-24, 0.0]","[-10.0009765625, -31.309326171875, -2.8082275390625]","[-9.591533660888672, -30.4187068939209, -2.530020236968994]","[732.04052734375, 1796.3170166015625, 1.3874965906143188]","[-10.000977516174316, -31.309326171875, -2.8082275390625]",pedestrian,0.18027804791927338,False,True,44,True,False,False,True,26ae4a920a9c4457909454cd8a84c959,pedestrian,True,1.200005936284094,1.2148320463309324e-06,True,False,13,0,0,True,False
b4_50iter,camera_crash_10,recovery_1_5,325cef682f064c55a255f2625c533b75,61a7bd24f88a46c2963280d8b13ac675,1538984239.948316,53,5,880,propagated,defer,defer,1.0,0.23625992238521576,0.0,0.0,0.0,0.9745765328407288,1.0,0.7817515730857849,"[0.0, 0.0, 0.0, 0.0, 0.0, 0.0]","[0.0, 0.0, 0.0, 0.9999958276748657, 7.084731378084264e-15, 0.0]","[-13.3065185546875, -30.74188232421875, -2.9862632751464844]","[-13.562580108642578, -29.648311614990234, -2.824556589126587]","[733.7752685546875, 1792.6630859375, 1.0894197225570679]","[-13.306519508361816, -30.74188232421875, -2.9862632751464844]",pedestrian,0.04156322777271271,False,True,175,False,False,False,True,0b4e0eb8ab06454d8904248794faa095,pedestrian,True,0.06187990364912676,1.1349318090550879e-06,True,False,,0,0,False,False
b4_50iter,compound,recovery_1_5,fcbccedd61424f1b85dcbf8f897f9754,de7593d76648450e947ba0c203dee1b0,1533151609.947025,13,5,658,propagated,keep,recover,2.0,0.5861766338348389,1.2728447914123535,0.046543899923563004,0.0037066275253891945,0.9737302660942078,1.0,0.7259148359298706,"[0.36435049772262573, 0.2362145036458969, 0.0, 0.0, 0.0, 0.39943498373031616]","[0.0, 0.0, 0.0, 0.9999738931655884, 0.0, 4.3628070427690084e-16]","[5.47418212890625, -17.174468994140625, -1.7391242980957031]","[6.570091247558594, -17.698055267333984, -1.7277185916900635]","[625.0918579101562, 1621.82666015625, 1.0940064191818237]","[5.423974514007568, -17.566410064697266, -1.7391242980957031]",pedestrian,0.3882785439491272,True,True,1,True,True,True,True,0e9b314c6a1f41189116b67fb257d8ba,pedestrian,True,0.8514060068014969,0.08184615567414061,True,False,13,0,0,True,False
b4_50iter,compound,recovery_1_5,fcbccedd61424f1b85dcbf8f897f9754,de7593d76648450e947ba0c203dee1b0,1533151609.947025,13,5,660,propagated,keep,recover,2.0,0.5368376970291138,1.969583511352539,0.04294701665639877,0.0031844901386648417,0.975656270980835,1.0,0.6925662755966187,"[0.19918085634708405, 0.0, 0.36454492807388306, 0.0, 0.4362742304801941, 0.0]","[0.0, 0.0, 0.0, 0.9999731779098511, 2.207476215709825e-11, 0.0]","[-13.60565185546875, -23.95184326171875, -2.145101547241211]","[-12.780853271484375, -25.139545440673828, -2.1648619174957275]","[631.7589111328125, 1641.4615478515625, 1.3098562955856323]","[-13.645380020141602, -24.443523406982422, -2.145101547241211]",pedestrian,0.3347976505756378,True,True,9,True,True,True,True,84b1b1dde33e44bea0d99dc3094fd49a,pedestrian,True,0.47530584051016467,0.18845753132844875,True,False,13,0,0,True,False
b4_50iter,compound,recovery_1_5,fcbccedd61424f1b85dcbf8f897f9754,de7593d76648450e947ba0c203dee1b0,1533151609.947025,13,5,669,propagated,defer,defer,2.0,0.5385931730270386,0.0,0.0,0.0,0.9720128178596497,1.0,0.7567254900932312,"[0.0, 0.0, 0.0, 0.0, 0.0, 0.0]","[0.0, 0.0, 0.0, 0.9999502897262573, 5.894922673046005e-31, 0.0]","[-11.6116943359375, -45.041046142578125, -3.3742618560791016]","[-10.486801147460938, -45.605247497558594, -3.19515061378479]","[614.55126953125, 1652.8209228515625, 1.4851480722427368]","[-11.66401481628418, -45.56777572631836, -3.3742618560791016]",pedestrian,0.29533299803733826,False,True,14,False,False,False,False,,,False,2.466342343859589,,False,True,,0,0,False,False
b4_50iter,compound,recovery_1_5,fcbccedd61424f1b85dcbf8f897f9754,de7593d76648450e947ba0c203dee1b0,1533151609.947025,13,5,676,propagated,keep,recover,3.0,0.52420574426651,0.9119925498962402,0.04193645715713501,0.006146453786641359,0.9781512022018433,1.0,0.7276516556739807,"[3.186249871828092e-26, 0.2673434913158417, 0.0, 0.0, 0.0, 0.7326565384864807]","[0.0, 0.0, 0.0, 0.9999731779098511, 0.0, 1.0318784492481564e-18]","[5.34735107421875, -18.576446533203125, -1.8878669738769531]","[6.292041778564453, -19.172069549560547, -1.8351612091064453]","[624.1350708007812, 1622.9866943359375, 1.0781668424606323]","[5.302908420562744, -18.8208065032959, -1.8878669738769531]",pedestrian,0.29667890071868896,True,True,13,True,True,True,True,ebc5a02f9ea64bbd9f3ccc3b84563d35,pedestrian,True,0.18699407213494396,0.24369596192705895,True,False,13,0,0,True,False
b4_50iter,compound,recovery_1_5,fcbccedd61424f1b85dcbf8f897f9754,de7593d76648450e947ba0c203dee1b0,1533151609.947025,13,5,678,propagated,keep,recover,3.0,0.5956937074661255,1.3714179992675781,0.046543899923563004,0.006402159109711647,0.9763467907905579,1.0,0.7151752710342407,"[0.1476525068283081, 0.33888113498687744, 0.0, 0.0, 0.0, 0.5134664177894592]","[0.0, 0.0, 0.0, 0.9999622106552124, 0.0, 2.7249651784001702e-21]","[5.7322998046875, -22.1595458984375, -2.024364471435547]","[6.65728759765625, -23.12324333190918, -1.9829046726226807]","[620.8646240234375, 1625.237060546875, 1.1639066934585571]","[5.668008804321289, -22.65796661376953, -2.024364471435547]",pedestrian,0.3312267065048218,True,True,10,True,True,True,True,b73d145dba9145689b3ff2621c381fe4,pedestrian,True,1.3534745869517208,0.6102913966423893,True,False,13,0,0,True,False
b4_50iter,compound,recovery_1_5,fcbccedd61424f1b85dcbf8f897f9754,de7593d76648450e947ba0c203dee1b0,1533151609.947025,13,5,679,propagated,defer,defer,2.0,0.42775213718414307,0.0,0.0,0.0,0.9669865965843201,1.0,0.7383472919464111,"[0.0, 0.0, 0.0, 0.0, 0.0, 0.0]","[0.0, 0.0, 0.0, 0.9999185800552368, 0.0, 1.1163156158727955e-31]","[5.60577392578125, -39.19085693359375, -2.486217498779297]","[6.59893798828125, -40.187599182128906, -2.5333540439605713]","[607.791259765625, 1636.2080078125, 1.639048457145691]","[5.597413063049316, -39.3670768737793, -2.486217498779297]",pedestrian,0.23862597346305847,False,True,23,False,False,False,False,,,False,2.524145000888052,,False,True,,0,0,False,False
b4_50iter,compound,recovery_1_5,fcbccedd61424f1b85dcbf8f897f9754,de7593d76648450e947ba0c203dee1b0,1533151609.947025,13,5,684,propagated,keep,recover,3.0,0.479417085647583,2.5338754653930664,0.038353364914655685,0.0045045167207717896,0.9736605882644653,1.0,0.7755557894706726,"[0.2848269045352936, 0.0, 0.31433382630348206, 0.0, 0.40083929896354675, 0.0]","[0.0, 0.0, 0.0, 0.9999743700027466, 8.863117478883516e-21, 0.0]","[-9.2513427734375, -22.92694091796875, -2.11053466796875]","[-8.102195739746094, -22.83314323425293, -2.0378310680389404]","[630.536865234375, 1636.3892822265625, 1.2485322952270508]","[-9.2513427734375, -22.92694091796875, -2.11053466796875]",pedestrian,0.28519120812416077,True,True,16,True,True,True,True,e833662c5eb64d2580f877fee97117c5,pedestrian,True,0.25669776458875604,0.2700392823189274,True,False,13,0,0,True,False
b4_50iter,compound,recovery_1_5,fcbccedd61424f1b85dcbf8f897f9754,de7593d76648450e947ba0c203dee1b0,1533151609.947025,13,5,687,propagated,keep,recover,1.0,0.5177910923957825,0.8185224533081055,0.041423287242650986,0.0,0.9905203580856323,1.0,0.756254255771637,"[0.17238077521324158, 0.27874332666397095, 0.0, 0.0, 0.0, 0.5488759279251099]","[0.0, 0.0, 0.0, 0.9999768733978271, 0.0, 2.951432520603703e-07]","[7.45794677734375, -14.87530517578125, -1.5729389190673828]","[8.134075164794922, -14.61922836303711, -1.5275497436523438]","[626.459716796875, 1618.6495361328125, 1.092436671257019]","[7.466174125671387, -14.451628684997559, -1.5729389190673828]",pedestrian,0.29224827885627747,True,True,15,True,True,True,True,16a95164fcdd44e99cf99a93dd13b017,pedestrian,True,0.9214345836037867,0.6023270782046533,True,False,13,0,0,True,False
b4_50iter,compound,recovery_1_5,fcbccedd61424f1b85dcbf8f897f9754,de7593d76648450e947ba0c203dee1b0,1533151609.947025,13,5,691,propagated,defer,defer,2.0,0.5208275318145752,0.0,0.0,0.0,0.9641128182411194,1.0,0.7554004788398743,"[0.0, 0.0, 0.0, 0.0, 0.0, 0.0]","[0.0, 0.0, 0.0, 0.9999492168426514, 1.8787898658543774e-33, 0.0]","[-11.09808349609375, -47.21142578125, -3.5403804779052734]","[-9.858757019042969, -47.56874084472656, -3.311431884765625]","[612.638427734375, 1653.5982666015625, 1.4802278280258179]","[-11.17633056640625, -47.766048431396484, -3.5403804779052734]",pedestrian,0.24296630918979645,False,True,21,False,False,False,True,7a0cca0f12d547518dd80d8df2c501bb,pedestrian,True,1.8069249701587347,0.5485857674274798,True,False,,0,0,False,False
b4_50iter,compound,recovery_1_5,fcbccedd61424f1b85dcbf8f897f9754,de7593d76648450e947ba0c203dee1b0,1533151609.947025,13,5,694,propagated,keep,recover,2.0,0.5394598245620728,1.4572830200195312,0.043156784027814865,0.0030989092774689198,0.9818447232246399,1.0,0.6955909729003906,"[0.35762307047843933, 0.30026790499687195, 0.0, 0.0, 0.0, 0.3421090245246887]","[0.0, 0.0, 0.0, 0.9999724626541138, 0.0, 4.08818622401122e-13]","[6.5623779296875, -16.92010498046875, -1.6995372772216797]","[7.413414001464844, -17.497730255126953, -1.6981925964355469]","[624.7066040039062, 1621.0496826171875, 1.1024945974349976]","[6.533319473266602, -17.121517181396484, -1.6995372772216797]",pedestrian,0.3351750373840332,True,True,8,True,True,True,True,bff8170575c24b5d8714061f5349892b,pedestrian,True,0.36647442959194143,0.3573715104424782,True,False,13,0,0,True,False
b4_50iter,compound,recovery_1_5,fcbccedd61424f1b85dcbf8f897f9754,de7593d76648450e947ba0c203dee1b0,1533151609.947025,13,5,698,propagated,keep,recover,2.0,0.4972589313983917,1.9591598510742188,0.039780713617801666,0.0028247057925909758,0.9671177268028259,1.0,0.6855348348617554,"[0.20963793992996216, 0.0, 0.3649537265300751, 0.0, 0.425408273935318, 0.0]","[0.0, 0.0, 0.0, 0.999974250793457, 9.070414558332018e-11, 0.0]","[-14.37371826171875, -24.59033203125, -2.1945953369140625]","[-13.153129577636719, -25.252796173095703, -2.193254232406616]","[631.9093627929688, 1641.821044921875, 1.2922687530517578]","[-14.435687065124512, -25.08910369873047, -2.1945953369140625]",pedestrian,0.1751938909292221,True,True,46,True,True,True,True,84b1b1dde33e44bea0d99dc3094fd49a,pedestrian,True,0.6119306655954927,0.2114603821035197,True,False,13,0,0,True,False
b4_50iter,compound,recovery_1_5,fcbccedd61424f1b85dcbf8f897f9754,de7593d76648450e947ba0c203dee1b0,1533151609.947025,13,5,700,propagated,defer,defer,1.0,0.3819938898086548,0.0,0.0,0.0,0.9326093196868896,1.0,0.6765924692153931,"[0.0, 0.0, 0.0, 0.0, 0.0, 0.0]","[0.0, 0.0, 0.0, 0.9999783039093018, 2.9701835435602675e-10, 0.0]","[-16.3555908203125, -26.8787841796875, -2.539142608642578]","[-14.514080047607422, -27.362754821777344, -2.4562339782714844]","[631.152099609375, 1644.226318359375, 1.1708495616912842]","[-16.379924774169922, -27.34879493713379, -2.539142608642578]",pedestrian,0.1081576719880104,False,True,99,False,False,False,True,c97be344ac4143ffa69b0b5ed22f31c2,pedestrian,True,0.9748869034692978,1.1644901775433627,True,False,13,0,0,True,False
b4_50iter,compound,recovery_1_5,fcbccedd61424f1b85dcbf8f897f9754,de7593d76648450e947ba0c203dee1b0,1533151609.947025,13,5,706,propagated,defer,defer,5.0,0.5250207781791687,0.0,0.0,0.0,0.9739899039268494,1.0,0.7497161030769348,"[0.0, 0.0, 0.0, 0.0, 0.0, 0.0]","[0.0, 0.0, 0.0, 0.9999353885650635, 0.0, 2.168086631683193e-22]","[9.707763671875, -40.962646484375, -2.8699913024902344]","[10.853435516357422, -41.020050048828125, -2.826899528503418]","[604.4166870117188, 1633.486083984375, 1.3507846593856812]","[9.707762718200684, -40.962646484375, -2.8699913024902344]",traffic_cone,0.16736263036727905,False,True,52,False,False,False,False,,,False,3.4573297894450556,,False,True,,0,0,False,False
b4_50iter,compound,recovery_1_5,fcbccedd61424f1b85dcbf8f897f9754,de7593d76648450e947ba0c203dee1b0,1533151609.947025,13,5,725,propagated,defer,defer,1.0,0.33857202529907227,0.0,0.0,0.0,0.9538570046424866,1.0,0.7756556272506714,"[0.0, 0.0, 0.0, 0.0, 0.0, 0.0]","[0.0, 0.0, 0.0, 0.9999783039093018, 1.414639932972861e-10, 0.0]","[-13.02947998046875, -21.51824951171875, -2.086568832397461]","[-11.911811828613281, -22.57307243347168, -2.0710713863372803]","[633.1746826171875, 1639.150390625, 1.240235447883606]","[-13.029480934143066, -21.51824951171875, -2.086568832397461]",pedestrian,0.11397837847471237,False,True,89,False,False,False,False,,,False,2.0959076446452523,,False,True,,0,0,False,False
b4_50iter,compound,recovery_1_5,fcbccedd61424f1b85dcbf8f897f9754,de7593d76648450e947ba0c203dee1b0,1533151609.947025,13,5,731,propagated,keep,recover,2.0,0.446717768907547,2.0210580825805664,0.03573742136359215,0.002358582802116871,0.9608479738235474,1.0,0.6930559873580933,"[0.08226145803928375, 0.0, 0.3606817424297333, 0.0, 0.557056725025177, 0.0]","[0.0, 0.0, 0.0, 0.9999808073043823, 1.3380382135608215e-08, 0.0]","[-16.6763916015625, -26.4979248046875, -2.4746551513671875]","[-15.472537994384766, -27.236574172973633, -2.5203261375427246]","[631.8601684570312, 1644.884765625, 1.109491229057312]","[-16.6763916015625, -26.4979248046875, -2.4746551513671875]",pedestrian,0.11478649824857712,True,True,88,False,False,False,True,c97be344ac4143ffa69b0b5ed22f31c2,pedestrian,True,0.3605467288173977,1.1578405170356777e-07,True,False,13,0,0,True,False
b4_50iter,compound,recovery_1_5,fcbccedd61424f1b85dcbf8f897f9754,de7593d76648450e947ba0c203dee1b0,1533151609.947025,13,5,738,propagated,defer,defer,1.0,0.19605891406536102,0.0,0.0,0.0,0.983550488948822,1.0,0.793627142906189,"[0.0, 0.0, 0.0, 0.0, 0.0, 0.0]","[0.0, 0.0, 0.0, 0.9999752044677734, 5.881603283341974e-05, 0.0]","[-32.4794921875, -48.075042724609375, -4.181217193603516]","[-31.603038787841797, -48.30823516845703, -4.251184940338135]","[625.9591674804688, 1670.8134765625, 0.8176838159561157]","[-32.4797248840332, -48.071929931640625, -4.181217193603516]",pedestrian,0.0289055947214365,False,False,-1,False,False,False,False,,,False,22.400983673083722,,False,True,,0,0,False,False
b4_50iter,compound,recovery_1_5,fcbccedd61424f1b85dcbf8f897f9754,de7593d76648450e947ba0c203dee1b0,1533151609.947025,13,5,741,propagated,defer,defer,2.0,0.4165438711643219,0.0,0.0,0.0,0.9787901043891907,1.0,0.7334189414978027,"[0.0, 0.0, 0.0, 0.0, 0.0, 0.0]","[0.0, 0.0, 0.0, 0.9999499320983887, 2.901135339829938e-36, 0.0]","[-9.688720703125, -47.336212158203125, -3.593545913696289]","[-8.7918701171875, -47.68696594238281, -3.3419835567474365]","[611.8633422851562, 1652.8558349609375, 1.4454888105392456]","[-9.780635833740234, -47.8629264831543, -3.593545913696289]",pedestrian,0.16782663762569427,False,True,51,False,False,False,True,7a0cca0f12d547518dd80d8df2c501bb,pedestrian,True,0.8723423007681937,0.570498065053573,True,False,,0,0,False,False
b4_50iter,compound,recovery_1_5,fcbccedd61424f1b85dcbf8f897f9754,de7593d76648450e947ba0c203dee1b0,1533151609.947025,13,5,746,propagated,defer,defer,1.0,0.4668863117694855,0.0,0.0,0.0,0.9737794995307922,1.0,0.7595734596252441,"[0.0, 0.0, 0.0, 0.0, 0.0, 0.0]","[0.0, 0.0, 0.0, 0.9999507665634155, 2.596223530457755e-30, 0.0]","[-11.48370361328125, -43.632232666015625, -3.3390674591064453]","[-10.561168670654297, -44.71755599975586, -3.1461784839630127]","[615.28173828125, 1652.3087158203125, 1.4815534353256226]","[-11.556640625, -44.169517517089844, -3.3390674591064453]",pedestrian,0.17297928035259247,False,True,48,False,False,False,True,2f009793dd694578990c045dc8c77e31,pedestrian,True,1.6628380726623846,0.5087409687897538,True,False,,0,0,False,False
b4_50iter,compound,recovery_1_5,fcbccedd61424f1b85dcbf8f897f9754,de7593d76648450e947ba0c203dee1b0,1533151609.947025,13,5,752,propagated,defer,defer,3.0,0.4193512797355652,0.0,0.0,0.0,0.9701842069625854,1.0,0.7437549233436584,"[0.0, 0.0, 0.0, 0.0, 0.0, 0.0]","[0.0, 0.0, 0.0, 0.9999167919158936, 0.0, 1.4912497658684163e-32]","[4.964599609375, -38.42669677734375, -2.3981781005859375]","[6.094013214111328, -38.912654876708984, -2.439854621887207]","[609.0962524414062, 1635.7769775390625, 1.661237120628357]","[4.964599609375, -38.42669677734375, -2.3981781005859375]",pedestrian,0.1618369072675705,False,True,57,False,False,False,False,,,False,3.854756646341333,,False,True,,0,0,False,False
b4_50iter,compound,recovery_1_5,fcbccedd61424f1b85dcbf8f897f9754,de7593d76648450e947ba0c203dee1b0,1533151609.947025,13,5,760,propagated,keep,recover,1.0,0.35629206895828247,0.37461328506469727,0.028503363952040672,0.0,0.9746388792991638,1.0,0.6987939476966858,"[0.0, 0.0, 0.0, 0.0, 1.0, 0.0]","[0.0, 0.0, 0.0, 0.9999480247497559, 0.00017311747069470584, 0.0]","[-15.84613037109375, -21.257415771484375, -2.1673717498779297]","[-14.856361389160156, -21.800321578979492, -2.267486572265625]","[635.6453247070312, 1640.92724609375, 1.0291097164154053]","[-15.84613037109375, -21.257415771484375, -2.1673717498779297]",pedestrian,0.10575073957443237,True,True,103,False,False,False,False,,,False,3.0764756048833743,,False,True,,5,5,False,False
b4_50iter,compound,recovery_1_5,fcbccedd61424f1b85dcbf8f897f9754,de7593d76648450e947ba0c203dee1b0,1533151609.947025,13,5,764,propagated,keep,recover,2.0,0.3801673948764801,1.520319938659668,0.030413391068577766,0.002200659131631255,0.9595297574996948,1.0,0.7169176936149597,"[0.33101728558540344, 0.22135871648788452, 0.0, 0.0, 0.0, 0.4476240575313568]","[0.0, 0.0, 0.0, 0.9999707937240601, 0.0, 1.0341872486423903e-14]","[6.11468505859375, -17.9420166015625, -1.7706336975097656]","[7.368438720703125, -18.743629455566406, -1.7742252349853516]","[623.7767333984375, 1621.883544921875, 1.1018415689468384]","[6.109421253204346, -18.05047607421875, -1.7706336975097656]",pedestrian,0.1105826199054718,True,True,92,True,True,True,True,4eb1a864acc24ef89aa487d5002cc071,pedestrian,True,0.17514823199931454,0.10583233867718966,True,False,13,0,0,True,False
b4_50iter,compound,recovery_1_5,fcbccedd61424f1b85dcbf8f897f9754,de7593d76648450e947ba0c203dee1b0,1533151609.947025,13,5,767,propagated,keep,recover,1.0,0.44838687777519226,0.9333639144897461,0.03587095066905022,0.0,0.9914995431900024,1.0,0.6808772087097168,"[0.021801887080073357, 0.0, 0.37008416652679443, 0.0, 0.6081139445304871, 0.0]","[0.0, 0.0, 0.0, 0.9999750852584839, 3.432496669120155e-05, 0.0]","[-18.08477783203125, -26.36785888671875, -2.5092086791992188]","[-17.512245178222656, -26.66679573059082, -2.6076111793518066]","[633.5999755859375, 1646.09130859375, 1.00985586643219]","[-18.08477783203125, -26.36785888671875, -2.5092086791992188]",pedestrian,0.10878051817417145,True,True,97,False,False,False,False,,,False,2.1555938748400494,,False,True,,5,5,False,False
b4_50iter,compound,recovery_1_5,fcbccedd61424f1b85dcbf8f897f9754,de7593d76648450e947ba0c203dee1b0,1533151609.947025,13,5,774,propagated,keep,recover,1.0,0.5440929532051086,0.790440559387207,0.04352743551135063,0.0,0.9838445782661438,1.0,0.6862608790397644,"[0.0, 0.0, 0.14998888969421387, 0.0, 0.8500111103057861, 0.0]","[0.0, 0.0, 0.0, 0.9999545812606812, 0.00030172645347192883, 0.0]","[-20.388427734375, -28.280609130859375, -2.7034988403320312]","[-19.73878288269043, -28.90338706970215, -2.7703981399536133]","[633.3038940429688, 1649.237548828125, 1.0052409172058105]","[-20.388427734375, -28.280609130859375, -2.7034988403320312]",pedestrian,0.10137234628200531,True,True,112,False,False,False,False,,,False,4.817185679830304,,False,True,,5,5,False,False
b4_50iter,compound,recovery_1_5,fcbccedd61424f1b85dcbf8f897f9754,de7593d76648450e947ba0c203dee1b0,1533151609.947025,13,5,796,propagated,defer,defer,1.0,0.42832666635513306,0.0,0.0,0.0,0.9750950932502747,1.0,0.7609403729438782,"[0.0, 0.0, 0.0, 0.0, 0.0, 0.0]","[0.0, 0.0, 0.0, 0.9999494552612305, 2.603071972851602e-35, 0.0]","[-9.88104248046875, -45.543792724609375, -3.5396728515625]","[-8.886100769042969, -46.20834732055664, -3.2323226928710938]","[613.0621337890625, 1651.9786376953125, 1.4672225713729858]","[-9.958821296691895, -46.08256912231445, -3.5396728515625]",pedestrian,0.14418743550777435,False,True,70,False,False,False,False,,,False,2.2493020663937067,,False,True,,0,0,False,False
b4_50iter,compound,recovery_1_5,fcbccedd61424f1b85dcbf8f897f9754,de7593d76648450e947ba0c203dee1b0,1533151609.947025,13,5,809,propagated,keep,recover,1.0,0.3568017780780792,0.8783397674560547,0.028544140979647636,0.0,0.9813197255134583,1.0,0.7204577326774597,"[0.011540357023477554, 0.0, 0.37982377409935, 0.0, 0.6086359024047852, 0.0]","[0.0, 0.0, 0.0, 0.9999815225601196, 2.3594891445100075e-06, 0.0]","[-17.76458740234375, -26.751861572265625, -2.5210647583007812]","[-16.809825897216797, -26.91863441467285, -2.579941987991333]","[632.9580688476562, 1645.71142578125, 1.045120120048523]","[-17.76458740234375, -26.751861572265625, -2.5210647583007812]",pedestrian,0.07501533627510071,True,True,179,False,False,False,True,c97be344ac4143ffa69b0b5ed22f31c2,pedestrian,True,1.4420172277240761,1.592218949957778e-07,True,False,13,0,0,True,False
b4_50iter,compound,recovery_1_5,fcbccedd61424f1b85dcbf8f897f9754,de7593d76648450e947ba0c203dee1b0,1533151609.947025,13,5,816,propagated,defer,defer,1.0,0.3966057598590851,0.0,0.0,0.0,0.8955268859863281,1.0,0.7557722926139832,"[0.0, 0.0, 0.0, 0.0, 0.0, 0.0]","[0.0, 0.0, 0.0, 0.9999426603317261, 0.0, 0.0]","[-4.7581787109375, -36.06195068359375, -3.3621654510498047]","[-3.238750457763672, -38.95633316040039, -2.6906540393829346]","[615.029541015625, 1642.98388671875, 1.5127090215682983]","[-4.950396537780762, -40.418006896972656, -3.3621654510498047]",bicycle,0.0007340501178987324,False,False,-1,False,False,False,True,cf11445013d14ce98d71c50b898e0744,car,False,1.086117145600727,1.2827523879868248,False,True,,0,0,False,False
b4_50iter,compound,recovery_1_5,fcbccedd61424f1b85dcbf8f897f9754,de7593d76648450e947ba0c203dee1b0,1533151609.947025,13,5,817,propagated,keep,recover,2.0,0.41029325127601624,0.4726905822753906,0.032823458313941956,0.0026740124449133873,0.9703425765037537,1.0,0.7056987881660461,"[0.0, 1.4885952643261943e-19, 0.0, 0.0, 0.0, 1.0]","[0.0, 0.0, 0.0, 0.9999738931655884, 0.0, 1.2469933022694104e-16]","[5.15362548828125, -16.792022705078125, -1.7009525299072266]","[6.294120788574219, -17.337703704833984, -1.6959044933319092]","[625.5462036132812, 1621.806884765625, 1.1070713996887207]","[5.102109909057617, -17.047204971313477, -1.7009525299072266]",pedestrian,0.0834464430809021,True,True,153,True,True,True,True,0e9b314c6a1f41189116b67fb257d8ba,pedestrian,True,0.42302960064113937,0.06711660361141648,True,False,13,0,0,True,False
b4_50iter,compound,recovery_1_5,fcbccedd61424f1b85dcbf8f897f9754,de7593d76648450e947ba0c203dee1b0,1533151609.947025,13,5,819,propagated,keep,recover,1.0,0.4742785096168518,0.6365327835083008,0.03794227913022041,0.0,0.9707171320915222,1.0,0.6818745136260986,"[0.0, 0.0, 0.0034037427976727486, 0.0, 0.9965962767601013, 0.0]","[0.0, 0.0, 0.0, 0.9999566078186035, 0.000239526794757694, 0.0]","[-19.9410400390625, -27.260498046875, -2.6021881103515625]","[-18.757740020751953, -27.541339874267578, -2.6854724884033203]","[633.7237548828125, 1647.610107421875, 0.9978529214859009]","[-19.9410400390625, -27.260498046875, -2.6021881103515625]",pedestrian,0.08838073164224625,True,True,137,False,False,False,False,,,False,3.4538000736253913,,False,True,,5,5,False,False
b4_50iter,compound,recovery_1_5,fcbccedd61424f1b85dcbf8f897f9754,de7593d76648450e947ba0c203dee1b0,1533151609.947025,13,5,824,propagated,keep,recover,1.0,0.4404379427433014,0.7003030776977539,0.03523503616452217,0.0,0.9806833863258362,1.0,0.7132858037948608,"[0.0, 0.0, 0.17150993645191193, 0.0, 0.8284900784492493, 0.0]","[0.0, 0.0, 0.0, 0.9999780654907227, 1.2059170330758207e-05, 0.0]","[-19.7486572265625, -29.05242919921875, -2.663858413696289]","[-18.783287048339844, -29.24530601501465, -2.7422165870666504]","[632.4308471679688, 1648.7208251953125, 1.0437322854995728]","[-19.7486572265625, -29.05242919921875, -2.663858413696289]",pedestrian,0.07479759305715561,True,True,181,False,False,False,False,,,False,4.153503703248405,,False,True,,5,5,False,False
b4_50iter,compound,recovery_1_5,fcbccedd61424f1b85dcbf8f897f9754,de7593d76648450e947ba0c203dee1b0,1533151609.947025,13,5,827,propagated,keep,recover,1.0,0.4231196343898773,0.6828622817993164,0.0338495709002018,0.0,0.9924564957618713,1.0,0.7220427393913269,"[0.0, 0.0, 0.16755090653896332, 0.0, 0.8324490785598755, 0.0]","[0.0, 0.0, 0.0, 0.9999799728393555, 2.5915453534253174e-06, 0.0]","[-18.66021728515625, -28.79705810546875, -2.640840530395508]","[-18.252254486083984, -29.25130271911621, -2.717193365097046]","[632.087158203125, 1648.315673828125, 1.0634251832962036]","[-18.66021728515625, -28.79705810546875, -2.640840530395508]",pedestrian,0.06987371295690536,True,True,199,False,False,False,False,,,False,3.7317800637116703,,False,True,,5,5,False,False
b4_50iter,compound,recovery_1_5,fcbccedd61424f1b85dcbf8f897f9754,de7593d76648450e947ba0c203dee1b0,1533151609.947025,13,5,844,propagated,keep,recover,1.0,0.40425729751586914,0.488156795501709,0.032340582460165024,0.0,0.9736844897270203,1.0,0.6917676329612732,"[0.0, 0.0, 0.08075938373804092, 0.0, 0.9192405939102173, 0.0]","[0.0, 0.0, 0.0, 0.9999803304672241, 5.324358909319926e-08, 0.0]","[-15.781494140625, -24.456756591796875, -2.287628173828125]","[-14.747814178466797, -25.268436431884766, -2.3420329093933105]","[632.9127197265625, 1643.062744140625, 1.1616528034210205]","[-15.837749481201172, -24.890975952148438, -2.287628173828125]",pedestrian,0.05339648947119713,True,False,-1,False,False,False,True,c97be344ac4143ffa69b0b5ed22f31c2,pedestrian,True,1.7444359435659869,1.1495050550513701,True,False,13,0,0,True,False
b4_50iter,compound,recovery_1_5,fcbccedd61424f1b85dcbf8f897f9754,de7593d76648450e947ba0c203dee1b0,1533151609.947025,13,5,848,propagated,defer,defer,1.0,0.3799077868461609,0.0,0.0,0.0,0.977983295917511,1.0,0.7523618340492249,"[0.0, 0.0, 0.0, 0.0, 0.0, 0.0]","[0.0, 0.0, 0.0, 0.9999780654907227, 1.4557717804564163e-06, 0.0]","[-29.0870361328125, -45.904541015625, -4.003870010375977]","[-28.5986385345459, -46.83903503417969, -4.040230751037598]","[625.17041015625, 1667.557861328125, 0.9081567525863647]","[-29.0870361328125, -45.904541015625, -4.003870010375977]",pedestrian,0.04906309023499489,False,False,-1,False,False,False,False,,,False,19.15126527620684,,False,True,,0,0,False,False
b4_50iter,compound,recovery_1_5,fcbccedd61424f1b85dcbf8f897f9754,de7593d76648450e947ba0c203dee1b0,1533151609.947025,13,5,858,propagated,defer,defer,1.0,0.3036441504955292,0.0,0.0,0.0,0.9867808222770691,1.0,0.7212003469467163,"[0.0, 0.0, 0.0, 0.0, 0.0, 0.0]","[0.0, 0.0, 0.0, 0.9999759197235107, 2.8250483410374727e-06, 0.0]","[-31.96722412109375, -50.253021240234375, -4.22111701965332]","[-31.206941604614258, -50.547752380371094, -4.242828845977783]","[623.988037109375, 1671.939453125, 0.9561971426010132]","[-31.96722412109375, -50.253021240234375, -4.22111701965332]",pedestrian,0.04161936417222023,False,False,-1,False,False,False,False,,,False,22.63973847375064,,False,True,,0,0,False,False
b4_50iter,compound,recovery_1_5,fcbccedd61424f1b85dcbf8f897f9754,de7593d76648450e947ba0c203dee1b0,1533151609.947025,13,5,868,propagated,defer,defer,4.0,0.36947953701019287,0.0,0.0,0.0,0.9994657039642334,1.0,0.6779715418815613,"[0.0, 0.0, 0.0, 0.0, 0.0, 0.0]","[0.0, 0.0, 0.0, 0.9999516010284424, 3.8078694548252746e-24, 0.0]","[-12.1917724609375, -39.681427001953125, -2.919271469116211]","[-12.079917907714844, -39.90821075439453, -2.82944655418396]","[619.9557495117188, 1650.38818359375, 1.5252524614334106]","[-12.216476440429688, -39.906585693359375, -2.919271469116211]",pedestrian,0.10425052791833878,False,True,106,False,False,False,False,,,False,4.038800098193706,,False,True,,0,0,False,False
b4_50iter,compound,recovery_1_5,fcbccedd61424f1b85dcbf8f897f9754,de7593d76648450e947ba0c203dee1b0,1533151609.947025,13,5,876,propagated,keep,recover,1.0,0.4146709144115448,0.14783358573913574,0.03317367285490036,0.0,0.9774700999259949,1.0,0.7648740410804749,"[0.0, 0.0, 0.0, 0.0, 1.0, 0.0]","[0.0, 0.0, 0.0, 0.9999722242355347, 0.00014428081340156496, 0.0]","[-32.3509521484375, -46.663116455078125, -4.19767951965332]","[-31.48468589782715, -47.28642272949219, -4.2189412117004395]","[626.6683959960938, 1670.068359375, 0.787295937538147]","[-32.3509521484375, -46.663116455078125, -4.19767951965332]",pedestrian,0.053174715489149094,True,False,-1,False,False,False,False,,,False,22.07317673548871,,False,True,,0,0,False,False
b4_50iter,compound,recovery_1_5,fcbccedd61424f1b85dcbf8f897f9754,de7593d76648450e947ba0c203dee1b0,1533151609.947025,13,5,881,propagated,defer,defer,3.0,0.4363245964050293,0.0,0.0,0.0,0.912756621837616,1.0,0.7476975917816162,"[0.0, 0.0, 0.0, 0.0, 0.0, 0.0]","[0.0, 0.0, 0.0, 0.9999433755874634, 0.0, 0.0]","[-6.16827392578125, -35.941650390625, -3.2344398498535156]","[-4.731334686279297, -39.39599609375, -2.7167325019836426]","[615.6470947265625, 1644.4122314453125, 1.5289241075515747]","[-6.659933567047119, -40.155460357666016, -3.2344398498535156]",bicycle,0.001490834285505116,False,False,-1,False,False,False,False,,,False,2.348573717781111,,False,True,,0,0,False,False
b4_50iter,compound,recovery_1_5,fcbccedd61424f1b85dcbf8f897f9754,de7593d76648450e947ba0c203dee1b0,1533151609.947025,13,5,887,propagated,defer,defer,1.0,0.3684762716293335,0.0,0.0,0.0,0.9659238457679749,1.0,0.7084484696388245,"[0.0, 0.0, 0.0, 0.0, 0.0, 0.0]","[0.0, 0.0, 0.0, 0.9999798536300659, 1.3922949015920949e-08, 0.0]","[-19.68182373046875, -32.2396240234375, -2.986356735229492]","[-18.41503143310547, -32.59441375732422, -2.932725429534912]","[629.61865234375, 1650.5863037109375, 1.05062735080719]","[-19.68182373046875, -32.2396240234375, -2.986356735229492]",pedestrian,0.03866450861096382,False,False,-1,False,False,False,False,,,False,6.479424860409917,,False,True,,0,0,False,False
b4_50iter,compound,recovery_1_5,325cef682f064c55a255f2625c533b75,61a7bd24f88a46c2963280d8b13ac675,1538984239.948316,53,5,680,propagated,keep,recover,1.0,0.5402708053588867,1.221034049987793,0.04322166368365288,0.0,0.9750319123268127,1.0,0.761824905872345,"[0.08741968125104904, 0.0, 0.307379812002182, 0.0, 0.605200469493866, 0.0]","[0.0, 0.0, 0.0, 0.9999972581863403, 1.8113717192846934e-09, 0.0]","[-7.6326904296875, -14.50921630859375, -1.6862144470214844]","[-7.557201385498047, -12.742156982421875, -1.5780680179595947]","[716.5372314453125, 1787.536376953125, 1.1511478424072266]","[-7.678821086883545, -13.854705810546875, -1.6862144470214844]",pedestrian,0.2846757173538208,True,True,26,True,True,False,True,293abeb43b2a439abcd4ff08b981eeb9,pedestrian,True,1.4317786511248822,0.20591787467247297,True,False,13,0,0,True,False
b4_50iter,compound,recovery_1_5,325cef682f064c55a255f2625c533b75,61a7bd24f88a46c2963280d8b13ac675,1538984239.948316,53,5,731,propagated,defer,defer,4.0,0.33616411685943604,0.0,0.0,0.0,0.9883655905723572,1.0,0.6819928884506226,"[0.0, 0.0, 0.0, 0.0, 0.0, 0.0]","[0.0, 0.0, 0.0, 0.9999973773956299, 0.0, 0.0]","[4.259033203125, -42.25506591796875, -4.096431732177734]","[5.002716064453125, -42.078609466552734, -4.126953125]","[732.9420776367188, 1815.0169677734375, 0.39010655879974365]","[4.259032249450684, -42.25506591796875, -4.096431732177734]",car,0.002044476568698883,False,False,-1,False,False,False,False,,,False,7.274448568974253,,False,True,,0,0,False,False
b4_50iter,compound,recovery_1_5,325cef682f064c55a255f2625c533b75,61a7bd24f88a46c2963280d8b13ac675,1538984239.948316,53,5,833,propagated,defer,defer,1.0,0.3254871368408203,0.0,0.0,0.0,0.9846258759498596,1.0,0.7856930494308472,"[0.0, 0.0, 0.0, 0.0, 0.0, 0.0]","[0.0, 0.0, 0.0, 0.9999957084655762, 4.4511691492496626e-15, 0.0]","[-12.05352783203125, -27.33160400390625, -2.7517547607421875]","[-12.08089828491211, -26.47980308532715, -2.531841993331909]","[730.331298828125, 1791.9884033203125, 1.1557904481887817]","[-12.053528785705566, -27.33160400390625, -2.7517547607421875]",pedestrian,0.10971089452505112,False,True,65,False,False,False,False,,,False,3.4532612648471503,,False,True,,0,0,False,False
b4_50iter,compound,recovery_1_5,325cef682f064c55a255f2625c533b75,61a7bd24f88a46c2963280d8b13ac675,1538984239.948316,53,5,851,propagated,defer,defer,4.0,0.3186788260936737,0.0,0.0,0.0,0.9897110462188721,1.0,0.6841444969177246,"[0.0, 0.0, 0.0, 0.0, 0.0, 0.0]","[0.0, 0.0, 0.0, 0.9999973773956299, 0.0, 0.0]","[3.4503173828125, -41.6702880859375, -4.012836456298828]","[3.654369354248047, -40.98074722290039, -4.015592575073242]","[732.8442993164062, 1813.2781982421875, 0.4448012113571167]","[3.4503164291381836, -41.6702880859375, -4.012836456298828]",bicycle,0.0019302397267892957,False,False,-1,False,False,False,False,,,False,6.736444802065296,,False,True,,0,0,False,False
b4_50iter,compound,recovery_1_5,325cef682f064c55a255f2625c533b75,61a7bd24f88a46c2963280d8b13ac675,1538984239.948316,53,5,865,propagated,defer,defer,1.0,0.23391418159008026,0.0,0.0,0.0,0.9747374057769775,1.0,0.7903245091438293,"[0.0, 0.0, 0.0, 0.0, 0.0, 0.0]","[0.0, 0.0, 0.0, 0.9999958276748657, 5.232130562002812e-15, 0.0]","[-13.30596923828125, -30.73883056640625, -3.0325355529785156]","[-13.48989486694336, -29.641143798828125, -2.8310060501098633]","[733.7271118164062, 1792.7177734375, 1.0816627740859985]","[-13.305970191955566, -30.73883056640625, -3.0325355529785156]",pedestrian,0.04909023270010948,False,True,162,False,False,False,True,0b4e0eb8ab06454d8904248794faa095,pedestrian,True,0.0907979995600597,1.2504245123842966e-06,True,False,,0,0,False,False
b4_50iter,compound,recovery_1_5,325cef682f064c55a255f2625c533b75,61a7bd24f88a46c2963280d8b13ac675,1538984239.948316,53,5,888,propagated,defer,defer,1.0,0.3698585629463196,0.0,0.0,0.0,0.981291651725769,1.0,0.7868557572364807,"[0.0, 0.0, 0.0, 0.0, 0.0, 0.0]","[0.0, 0.0, 0.0, 0.9999934434890747, 5.294002542018876e-24, 0.0]","[-10.000732421875, -31.3079833984375, -2.8286819458007812]","[-9.764610290527344, -30.408123016357422, -2.548016309738159]","[732.1349487304688, 1796.17138671875, 1.370869517326355]","[-10.000733375549316, -31.3079833984375, -2.8286819458007812]",pedestrian,0.16949738562107086,False,True,45,True,False,False,True,26ae4a920a9c4457909454cd8a84c959,pedestrian,True,1.357746073904621,1.301486429179228e-06,True,False,13,0,0,True,False
b6_50iter,camera_crash_5,recovery_1_5,fcbccedd61424f1b85dcbf8f897f9754,fa65a298c01f44e7a182bbf9e5fe3697,1533151607.548824,8,5,654,propagated,keep,recover,1.0,0.3792014718055725,0.13530826568603516,0.03033611737191677,0.0,0.9008175134658813,0.0,0.7332861423492432,"[0.0, 0.0, 0.0, 0.0, 1.0, 0.0]","[0.0, 0.0, 0.0, 0.9998984336853027, 0.0, 0.0]","[-4.4727783203125, -17.782318115234375, -1.609182357788086]","[-2.9935684204101562, -20.581480026245117, -1.2645070552825928]","[615.1386108398438, 1642.692138671875, 1.627698540687561]","[-4.497039318084717, -22.267719268798828, -1.609182357788086]",barrier,0.00024346928694285452,True,False,-1,False,False,False,False,,,False,2.168257891478045,,False,True,,0,0,False,False
b6_50iter,camera_crash_5,recovery_1_5,fcbccedd61424f1b85dcbf8f897f9754,fa65a298c01f44e7a182bbf9e5fe3697,1533151607.548824,8,5,667,propagated,keep,recover,2.0,0.5777196884155273,1.3164629936218262,0.046217575669288635,0.0,0.995166003704071,3.385991717676162e-19,0.6978008151054382,"[0.20481149852275848, 0.4029395282268524, 0.0, 0.0, 0.0, 0.3922490179538727]","[0.0, 0.0, 0.0, 0.9997057318687439, 0.0, 5.164629850481891e-19]","[6.65521240234375, -20.262725830078125, -1.3687705993652344]","[6.644378662109375, -20.794204711914062, -0.8777151107788086]","[608.8407592773438, 1635.3917236328125, 1.9828795194625854]","[6.664120674133301, -20.821754455566406, -1.3687705993652344]",pedestrian,0.3432263731956482,True,True,10,True,True,False,True,aa0ab0cab40d4467aa12cd5c491829d3,pedestrian,True,0.48495016310277816,0.2217611802465109,True,False,8,0,0,True,False
b6_50iter,camera_crash_5,recovery_1_5,fcbccedd61424f1b85dcbf8f897f9754,fa65a298c01f44e7a182bbf9e5fe3697,1533151607.548824,8,5,678,propagated,keep,recover,2.0,0.5430933833122253,1.2025680541992188,0.04344746842980385,0.0,0.9957175254821777,5.496789653825329e-21,0.709854006767273,"[0.008661434054374695, 0.0, 0.3956894278526306, 0.0, 0.5956491231918335, 0.0]","[0.0, 0.0, 0.0, 0.9998931884765625, 6.5988898821914645e-21, 0.0]","[-9.17193603515625, -26.214813232421875, -1.85198974609375]","[-9.404037475585938, -26.96550941467285, -1.4973208904266357]","[614.3085327148438, 1651.703369140625, 1.746164083480835]","[-9.126909255981445, -26.855989456176758, -1.85198974609375]",pedestrian,0.3145460784435272,True,True,15,True,False,False,True,101185cd967c4b039511966867bd0c55,pedestrian,True,0.4539188962644251,0.06415876504904722,True,False,8,0,0,True,False
b6_50iter,camera_crash_5,recovery_1_5,fcbccedd61424f1b85dcbf8f897f9754,fa65a298c01f44e7a182bbf9e5fe3697,1533151607.548824,8,5,687,propagated,keep,recover,1.0,0.49801886081695557,0.7842597961425781,0.039841506630182266,0.0,0.9989296197891235,2.6835287870964272e-14,0.7046725153923035,"[0.08013606071472168, 0.0, 0.40957799553871155, 0.0, 0.5102859735488892, 0.0]","[0.0, 0.0, 0.0, 0.9999233484268188, 3.466474882748288e-14, 0.0]","[-10.1826171875, -21.864501953125, -1.6494560241699219]","[-10.27960205078125, -22.533273696899414, -1.4387085437774658]","[618.2787475585938, 1649.552490234375, 1.5841699838638306]","[-10.188982009887695, -22.5029239654541, -1.6494560241699219]",pedestrian,0.28628602623939514,True,True,20,True,True,False,True,09ed64da038c4baba2468c94874e1e19,pedestrian,True,0.3993619035824256,0.02918504175286424,True,False,8,0,0,True,False
b6_50iter,camera_crash_5,recovery_1_5,fcbccedd61424f1b85dcbf8f897f9754,fa65a298c01f44e7a182bbf9e5fe3697,1533151607.548824,8,5,713,propagated,defer,defer,1.0,0.6332758069038391,0.0,0.0,0.0,0.9783344864845276,0.0,0.7121804356575012,"[0.0, 0.0, 0.0, 0.0, 0.0, 0.0]","[0.0, 0.0, 0.0, 0.9997273087501526, 0.0, 4.5906863173119394e-20]","[9.31463623046875, -29.728759765625, -1.8812503814697266]","[8.679847717285156, -29.07005500793457, -1.153090238571167]","[601.1661376953125, 1639.105224609375, 2.1178932189941406]","[9.28979778289795, -29.509292602539062, -1.8812503814697266]",pedestrian,0.4313693344593048,False,True,4,True,True,False,True,9e8c9ceb4d984442b41fcc25342df4b4,pedestrian,True,1.1585411055450348,0.1997569750438351,True,False,8,0,0,True,False
b6_50iter,camera_crash_5,recovery_1_5,fcbccedd61424f1b85dcbf8f897f9754,fa65a298c01f44e7a182bbf9e5fe3697,1533151607.548824,8,5,742,propagated,keep,recover,2.0,0.574378252029419,0.8784699440002441,0.045950260013341904,0.0,0.9931833744049072,7.198164048323463e-13,0.7080817222595215,"[0.0, 0.2122030407190323, 0.0, 0.0, 0.0, 0.7877969741821289]","[0.0, 0.0, 0.0, 0.9998672008514404, 0.0, 7.453737605432609e-13]","[9.977294921875, -22.687835693359375, -1.760812759399414]","[9.624004364013672, -22.915563583374023, -1.3542137145996094]","[605.2908935546875, 1634.46533203125, 1.6014206409454346]","[9.977294921875, -22.687835693359375, -1.760812759399414]",traffic_cone,0.12543591856956482,True,True,94,False,False,False,False,,,False,3.4174371477300314,,False,True,,1,1,False,False
b6_50iter,camera_crash_5,recovery_1_5,fcbccedd61424f1b85dcbf8f897f9754,fa65a298c01f44e7a182bbf9e5fe3697,1533151607.548824,8,5,785,propagated,defer,defer,2.0,0.4704028069972992,0.0,0.0,0.0,0.9918178915977478,0.0,0.7570326328277588,"[0.0, 0.0, 0.0, 0.0, 0.0, 0.0]","[0.0, 0.0, 0.0, 0.9997339844703674, 0.0, 7.354280894119811e-14]","[10.986328125, -27.056793212890625, -1.5957221984863281]","[10.607421875, -26.6397647857666, -1.1192150115966797]","[601.8072509765625, 1636.0716552734375, 2.020341396331787]","[10.979418754577637, -26.426816940307617, -1.5957221984863281]",pedestrian,0.14590001106262207,False,True,79,False,False,False,False,,,False,2.647781238785831,,False,True,,0,0,False,False
b6_50iter,camera_crash_5,recovery_1_5,325cef682f064c55a255f2625c533b75,5b7cb170eee6468aa1fdbd3abcf63c5a,1538984237.446737,48,5,744,propagated,keep,recover,1.0,0.41448700428009033,0.627631664276123,0.033158957958221436,0.0,0.970759391784668,9.252543731186336e-10,0.6998296976089478,"[0.0, 0.0, 0.2014220654964447, 0.0, 0.7985779643058777, 0.0]","[0.0, 0.0, 0.0, 0.9999885559082031, 9.542210355206748e-10, 0.0]","[-14.5728759765625, -26.90325927734375, -1.9712677001953125]","[-14.516487121582031, -25.686723709106445, -1.944908618927002]","[737.0975341796875, 1805.5599365234375, 1.002427577972412]","[-14.572876930236816, -26.90325927734375, -1.9712677001953125]",bicycle,0.09583635628223419,True,True,107,False,False,False,True,4568d80512604a31a3adc93ff236bf5a,bicycle,True,1.0420376411758576,2.1708375522817497e-06,True,False,8,0,0,True,False
b6_50iter,camera_crash_5,recovery_1_5,325cef682f064c55a255f2625c533b75,5b7cb170eee6468aa1fdbd3abcf63c5a,1538984237.446737,48,5,831,propagated,defer,defer,4.0,0.3893677592277527,0.0,0.0,0.0,0.9056721925735474,0.0,0.7167055606842041,"[0.0, 0.0, 0.0, 0.0, 0.0, 0.0]","[0.0, 0.0, 0.0, 0.9999839067459106, 0.0, 0.0]","[-3.7412109375, -28.62298583984375, -2.0044479370117188]","[-3.0189895629882812, -26.945255279541016, -1.70497727394104]","[728.7802734375, 1813.5975341796875, 1.2344915866851807]","[-4.350846290588379, -28.70319938659668, -2.0044479370117188]",pedestrian,0.047115474939346313,False,True,213,False,False,False,False,,,False,5.260256531028333,,False,True,,0,0,False,False
b6_50iter,camera_crash_5,recovery_1_5,325cef682f064c55a255f2625c533b75,5b7cb170eee6468aa1fdbd3abcf63c5a,1538984237.446737,48,5,836,propagated,defer,defer,4.0,0.3617580831050873,0.0,0.0,0.0,0.9506574273109436,0.0,0.7406025528907776,"[0.0, 0.0, 0.0, 0.0, 0.0, 0.0]","[0.0, 0.0, 0.0, 0.9999858140945435, 0.0, 0.0]","[-0.799102783203125, -25.07415771484375, -1.8866767883300781]","[-2.208019256591797, -23.8303279876709, -1.5956878662109375]","[726.2283325195312, 1811.633056640625, 1.2125791311264038]","[-1.3884685039520264, -25.162145614624023, -1.8866767883300781]",pedestrian,0.08098318427801132,False,True,135,False,False,False,False,,,False,2.0542390383944342,,False,True,,0,0,False,False
b6_50iter,camera_crash_5,recovery_1_5,325cef682f064c55a255f2625c533b75,5b7cb170eee6468aa1fdbd3abcf63c5a,1538984237.446737,48,5,855,propagated,defer,defer,4.0,0.46275874972343445,0.0,0.0,0.0,0.9747286438941956,0.0,0.7779494524002075,"[0.0, 0.0, 0.0, 0.0, 0.0, 0.0]","[0.0, 0.0, 0.0, 0.9999847412109375, 0.0, 0.0]","[-2.81610107421875, -24.11090087890625, -1.7829742431640625]","[-2.7479934692382812, -23.08381462097168, -1.5222642421722412]","[726.1953735351562, 1810.71044921875, 1.2582850456237793]","[-3.40244197845459, -23.968990325927734, -1.7829742431640625]",pedestrian,0.07773271203041077,False,True,142,False,False,False,True,1549e245295746028d52a8225503af6c,pedestrian,True,1.496121887632926,0.9441831229065719,True,False,,0,0,False,False
b6_50iter,camera_crash_5,recovery_1_5,325cef682f064c55a255f2625c533b75,5b7cb170eee6468aa1fdbd3abcf63c5a,1538984237.446737,48,5,862,propagated,defer,defer,3.0,0.43897074460983276,0.0,0.0,0.0,0.9987988471984863,0.0,0.7983258962631226,"[0.0, 0.0, 0.0, 0.0, 0.0, 0.0]","[0.0, 0.0, 0.0, 0.999985933303833, 3.036695463682624e-31, 0.0]","[-5.22808837890625, -23.453857421875, -1.69769287109375]","[-5.720100402832031, -23.048263549804688, -1.5897953510284424]","[728.5230712890625, 1808.8616943359375, 1.2046023607254028]","[-5.838705539703369, -23.23369598388672, -1.69769287109375]",pedestrian,0.017539162188768387,False,False,-1,False,False,False,False,,,False,3.93050986535305,,False,True,,0,0,False,False
b6_50iter,camera_crash_10,recovery_1_5,fcbccedd61424f1b85dcbf8f897f9754,de7593d76648450e947ba0c203dee1b0,1533151609.947025,13,5,659,propagated,keep,recover,2.0,0.5335652828216553,1.9898948669433594,0.04268522188067436,0.0,0.9770334959030151,1.9549264984597414e-11,0.6960216760635376,"[0.23036423325538635, 0.0, 0.34264227747917175, 0.0, 0.4269934892654419, 0.0]","[0.0, 0.0, 0.0, 0.9999736547470093, 2.7193108875778194e-11, 0.0]","[-13.6055908203125, -23.951446533203125, -2.1519241333007812]","[-12.830219268798828, -25.137100219726562, -2.1730637550354004]","[631.7921142578125, 1641.498291015625, 1.3020477294921875]","[-13.65785026550293, -24.446958541870117, -2.1519241333007812]",pedestrian,0.3263297379016876,True,True,8,True,True,True,True,84b1b1dde33e44bea0d99dc3094fd49a,pedestrian,True,0.4608012702191289,0.20380551706397396,True,False,13,0,0,True,False
b6_50iter,camera_crash_10,recovery_1_5,fcbccedd61424f1b85dcbf8f897f9754,de7593d76648450e947ba0c203dee1b0,1533151609.947025,13,5,661,propagated,keep,recover,2.0,0.5820706486701965,1.9400062561035156,0.046543899923563004,0.0,0.9606639742851257,8.93824039877363e-17,0.7271037697792053,"[0.4188459515571594, 0.32678699493408203, 0.0, 0.0, 0.0, 0.25436708331108093]","[0.0, 0.0, 0.0, 0.9999749660491943, 0.0, 2.0696531411642643e-16]","[5.15399169921875, -16.79010009765625, -1.7331161499023438]","[6.445056915283203, -17.60596466064453, -1.736750841140747]","[625.2421875, 1621.8642578125, 1.080793857574463]","[5.078542232513428, -17.23293113708496, -1.7331161499023438]",pedestrian,0.3646826446056366,True,True,2,True,True,True,True,0e9b314c6a1f41189116b67fb257d8ba,pedestrian,True,0.7215562121197143,0.09733692899139634,True,False,13,0,0,True,False
b6_50iter,camera_crash_10,recovery_1_5,fcbccedd61424f1b85dcbf8f897f9754,de7593d76648450e947ba0c203dee1b0,1533151609.947025,13,5,666,propagated,defer,defer,2.0,0.5210983753204346,0.0,0.0,0.0,0.95645672082901,0.0,0.7514479160308838,"[0.0, 0.0, 0.0, 0.0, 0.0, 0.0]","[0.0, 0.0, 0.0, 0.9999524354934692, 8.501820256446515e-31, 0.0]","[-11.93170166015625, -44.655792236328125, -3.38287353515625]","[-10.535911560058594, -45.516014099121094, -3.2377309799194336]","[614.6495361328125, 1652.8035888671875, 1.4378143548965454]","[-11.984318733215332, -45.18885040283203, -3.38287353515625]",pedestrian,0.300856351852417,False,True,12,False,False,False,False,,,False,2.3978951572127603,,False,True,,0,0,False,False
b6_50iter,camera_crash_10,recovery_1_5,fcbccedd61424f1b85dcbf8f897f9754,de7593d76648450e947ba0c203dee1b0,1533151609.947025,13,5,685,propagated,keep,recover,3.0,0.5859149694442749,1.993579387664795,0.046543899923563004,0.0,0.9777588248252869,1.3691200269912913e-21,0.7106229066848755,"[0.18233998119831085, 0.472275048494339, 0.0, 0.0, 0.0, 0.34538495540618896]","[0.0, 0.0, 0.0, 0.9999629259109497, 0.0, 2.4292630535934513e-21]","[5.73236083984375, -22.159423828125, -2.0263137817382812]","[6.631385803222656, -23.086566925048828, -1.9883716106414795]","[620.9091186523438, 1625.2337646484375, 1.156524419784546]","[5.668513298034668, -22.6437931060791, -2.0263137817382812]",pedestrian,0.30525457859039307,True,True,10,True,True,True,True,b73d145dba9145689b3ff2621c381fe4,pedestrian,True,1.3166833039817114,0.5789349292754876,True,False,13,0,0,True,False
b6_50iter,camera_crash_10,recovery_1_5,fcbccedd61424f1b85dcbf8f897f9754,de7593d76648450e947ba0c203dee1b0,1533151609.947025,13,5,688,propagated,defer,defer,2.0,0.5116689801216125,0.0,0.0,0.0,0.9585142731666565,0.0,0.7518232464790344,"[0.0, 0.0, 0.0, 0.0, 0.0, 0.0]","[0.0, 0.0, 0.0, 0.9999516010284424, 6.225235145646488e-33, 0.0]","[-11.41815185546875, -46.8265380859375, -3.5431442260742188]","[-10.055778503417969, -47.47869873046875, -3.353393316268921]","[612.83203125, 1653.6939697265625, 1.4350353479385376]","[-11.4959716796875, -47.387142181396484, -3.5431442260742188]",pedestrian,0.2407199889421463,False,True,20,False,False,False,False,,,False,2.022767739042685,,False,True,,0,0,False,False
b6_50iter,camera_crash_10,recovery_1_5,fcbccedd61424f1b85dcbf8f897f9754,de7593d76648450e947ba0c203dee1b0,1533151609.947025,13,5,689,propagated,keep,recover,3.0,0.46777188777923584,2.6702089309692383,0.03742175176739693,0.0,0.974473774433136,6.0476293377842074e-21,0.7762396931648254,"[0.34063196182250977, 0.0, 0.27674371004104614, 0.0, 0.38262438774108887, 0.0]","[0.0, 0.0, 0.0, 0.9999747276306152, 9.202659772258762e-21, 0.0]","[-9.25128173828125, -22.926422119140625, -2.1193065643310547]","[-8.118846893310547, -22.854171752929688, -2.046827793121338]","[630.531005859375, 1636.4158935546875, 1.2409913539886475]","[-9.25128173828125, -22.926422119140625, -2.1193065643310547]",pedestrian,0.2779903709888458,True,True,14,True,True,True,True,e833662c5eb64d2580f877fee97117c5,pedestrian,True,0.25155668789424857,0.2700392812911628,True,False,13,0,0,True,False
b6_50iter,camera_crash_10,recovery_1_5,fcbccedd61424f1b85dcbf8f897f9754,de7593d76648450e947ba0c203dee1b0,1533151609.947025,13,5,693,propagated,keep,recover,1.0,0.5204665064811707,1.0212860107421875,0.041637320071458817,0.0,0.9899368286132812,1.913837763822812e-07,0.7436877489089966,"[0.15052354335784912, 0.4244215190410614, 0.0, 0.0, 0.0, 0.4250549077987671]","[0.0, 0.0, 0.0, 0.9999771118164062, 0.0, 2.788121093999507e-07]","[7.45794677734375, -14.875244140625, -1.57391357421875]","[8.148521423339844, -14.661460876464844, -1.5349302291870117]","[626.4177856445312, 1618.665771484375, 1.0874505043029785]","[7.463762283325195, -14.473591804504395, -1.57391357421875]",pedestrian,0.28616347908973694,True,True,13,True,True,True,True,16a95164fcdd44e99cf99a93dd13b017,pedestrian,True,0.9662004229699305,0.6511927167914526,True,False,13,0,0,True,False
b6_50iter,camera_crash_10,recovery_1_5,fcbccedd61424f1b85dcbf8f897f9754,de7593d76648450e947ba0c203dee1b0,1533151609.947025,13,5,695,propagated,keep,recover,3.0,0.49340149760246277,1.0785565376281738,0.03947211802005768,0.0,0.9635440707206726,7.761233545322866e-19,0.7255055904388428,"[4.934419871985088e-26, 0.46122807264328003, 0.0, 0.0, 0.0, 0.5387719869613647]","[0.0, 0.0, 0.0, 0.999974250793457, 0.0, 1.0216482930224068e-18]","[5.02716064453125, -18.192535400390625, -1.8745479583740234]","[6.230396270751953, -18.96222686767578, -1.834620714187622]","[624.3355102539062, 1622.9000244140625, 1.0667699575424194]","[4.997648239135742, -18.382923126220703, -1.8745479583740234]",pedestrian,0.223008930683136,True,True,22,True,True,True,True,ebc5a02f9ea64bbd9f3ccc3b84563d35,pedestrian,True,0.3900651716105509,0.19651050864964942,True,False,13,0,0,True,False
b6_50iter,camera_crash_10,recovery_1_5,fcbccedd61424f1b85dcbf8f897f9754,de7593d76648450e947ba0c203dee1b0,1533151609.947025,13,5,697,propagated,keep,recover,2.0,0.48794373869895935,1.6336135864257812,0.03903549909591675,0.0,0.9746679067611694,1.570745569488556e-18,0.7226220369338989,"[0.3481818735599518, 0.3884046971797943, 0.0, 0.0, 0.0, 0.2634134292602539]","[0.0, 0.0, 0.0, 0.999974250793457, 0.0, 3.484468138287271e-18]","[5.347412109375, -18.576202392578125, -1.8917655944824219]","[6.410743713378906, -19.06481170654297, -1.8424279689788818]","[624.1409912109375, 1622.827392578125, 1.0632160902023315]","[5.320992469787598, -18.759963989257812, -1.8917655944824219]",pedestrian,0.2452174425125122,True,True,19,True,True,True,True,ebc5a02f9ea64bbd9f3ccc3b84563d35,pedestrian,True,0.3324009836936631,0.19415711172285363,True,False,13,0,0,True,False
b6_50iter,camera_crash_10,recovery_1_5,fcbccedd61424f1b85dcbf8f897f9754,de7593d76648450e947ba0c203dee1b0,1533151609.947025,13,5,706,propagated,defer,defer,2.0,0.4080446660518646,0.0,0.0,0.0,0.9816280603408813,0.0,0.7344201803207397,"[0.0, 0.0, 0.0, 0.0, 0.0, 0.0]","[0.0, 0.0, 0.0, 0.9999165534973145, 0.0, 1.3017785317771714e-31]","[5.9254150390625, -39.577850341796875, -2.448366165161133]","[6.658649444580078, -40.45234680175781, -2.525803565979004]","[607.55029296875, 1636.3309326171875, 1.6618362665176392]","[5.940398216247559, -39.81574630737305, -2.448366165161133]",pedestrian,0.1657235324382782,False,True,45,False,False,False,False,,,False,2.2575588344830666,,False,True,,0,0,False,False
b6_50iter,camera_crash_10,recovery_1_5,fcbccedd61424f1b85dcbf8f897f9754,de7593d76648450e947ba0c203dee1b0,1533151609.947025,13,5,708,propagated,keep,recover,2.0,0.5085922479629517,1.9833011627197266,0.040687378495931625,0.0,0.9530726671218872,1.473800942397574e-10,0.6829439997673035,"[0.25096726417541504, 0.0, 0.33580732345581055, 0.0, 0.4132254719734192, 0.0]","[0.0, 0.0, 0.0, 0.9999755620956421, 2.0994074534375073e-10, 0.0]","[-14.6937255859375, -24.20526123046875, -2.2002830505371094]","[-13.29312515258789, -25.137588500976562, -2.2100274562835693]","[632.0867309570312, 1641.8558349609375, 1.2701014280319214]","[-14.780436515808105, -24.700532913208008, -2.2002830505371094]",pedestrian,0.1783362776041031,True,True,38,True,True,True,True,84b1b1dde33e44bea0d99dc3094fd49a,pedestrian,True,0.5847143750613086,0.2129865489566777,True,False,13,0,0,True,False
b6_50iter,camera_crash_10,recovery_1_5,fcbccedd61424f1b85dcbf8f897f9754,de7593d76648450e947ba0c203dee1b0,1533151609.947025,13,5,709,propagated,defer,defer,5.0,0.5286139845848083,0.0,0.0,0.0,0.9727869033813477,0.0,0.7586625218391418,"[0.0, 0.0, 0.0, 0.0, 0.0, 0.0]","[0.0, 0.0, 0.0, 0.9999377727508545, 0.0, 2.5669849400253813e-22]","[9.70806884765625, -40.96087646484375, -2.89923095703125]","[10.88067626953125, -41.014076232910156, -2.858336925506592]","[604.402587890625, 1633.4627685546875, 1.3187576532363892]","[9.708067893981934, -40.96087646484375, -2.89923095703125]",traffic_cone,0.17694240808486938,False,True,39,False,False,False,False,,,False,3.4823694290797147,,False,True,,0,0,False,False
b6_50iter,camera_crash_10,recovery_1_5,fcbccedd61424f1b85dcbf8f897f9754,de7593d76648450e947ba0c203dee1b0,1533151609.947025,13,5,715,propagated,keep,recover,2.0,0.535879373550415,1.9848079681396484,0.04287035018205643,0.0,0.9622227549552917,1.1238248829800734e-12,0.6799008250236511,"[0.3227662146091461, 0.43484148383140564, 0.0, 0.0, 0.0, 0.2423923760652542]","[0.0, 0.0, 0.0, 0.9999722242355347, 0.0, 2.75074798009034e-12]","[7.010009765625, -15.898712158203125, -1.619668960571289]","[7.563209533691406, -17.194068908691406, -1.6716396808624268]","[624.8446655273438, 1620.7393798828125, 1.109184980392456]","[7.008695602416992, -15.92313289642334, -1.619668960571289]",pedestrian,0.25639864802360535,True,True,17,True,True,True,True,bff8170575c24b5d8714061f5349892b,pedestrian,True,0.2879237066834845,0.317536730002464,True,False,13,0,0,True,False
b6_50iter,camera_crash_10,recovery_1_5,fcbccedd61424f1b85dcbf8f897f9754,de7593d76648450e947ba0c203dee1b0,1533151609.947025,13,5,722,propagated,defer,defer,1.0,0.37402740120887756,0.0,0.0,0.0,0.9653486609458923,0.0,0.6678634881973267,"[0.0, 0.0, 0.0, 0.0, 0.0, 0.0]","[0.0, 0.0, 0.0, 0.999977707862854, 2.4782986773885796e-10, 0.0]","[-15.5875244140625, -26.24005126953125, -2.4935474395751953]","[-14.47149658203125, -27.36549949645996, -2.4421370029449463]","[631.123291015625, 1644.1947021484375, 1.184632420539856]","[-15.637712478637695, -26.732574462890625, -2.4935474395751953]",pedestrian,0.1042136624455452,False,True,103,True,False,False,True,c97be344ac4143ffa69b0b5ed22f31c2,pedestrian,True,1.0134614549509326,1.2166594806546043,True,False,13,0,0,True,False
b6_50iter,camera_crash_10,recovery_1_5,fcbccedd61424f1b85dcbf8f897f9754,de7593d76648450e947ba0c203dee1b0,1533151609.947025,13,5,734,propagated,defer,defer,1.0,0.33399438858032227,0.0,0.0,0.0,0.9535003304481506,0.0,0.7810803651809692,"[0.0, 0.0, 0.0, 0.0, 0.0, 0.0]","[0.0, 0.0, 0.0, 0.99997878074646, 1.4118879676505713e-10, 0.0]","[-13.029296875, -21.517303466796875, -2.102163314819336]","[-11.91024398803711, -22.579404830932617, -2.081272602081299]","[633.1683959960938, 1639.1536865234375, 1.2304164171218872]","[-13.029296875, -21.517303466796875, -2.102163314819336]",pedestrian,0.11050650477409363,False,True,92,False,False,False,False,,,False,2.0890234813583515,,False,True,,0,0,False,False
b6_50iter,camera_crash_10,recovery_1_5,fcbccedd61424f1b85dcbf8f897f9754,de7593d76648450e947ba0c203dee1b0,1533151609.947025,13,5,736,propagated,defer,defer,2.0,0.41036051511764526,0.0,0.0,0.0,0.9647818803787231,0.0,0.7342586517333984,"[0.0, 0.0, 0.0, 0.0, 0.0, 0.0]","[0.0, 0.0, 0.0, 0.999951958656311, 2.88326347068602e-36, 0.0]","[-10.0089111328125, -46.95172119140625, -3.589487075805664]","[-8.791316986083984, -47.679588317871094, -3.387396812438965]","[611.8668212890625, 1652.852783203125, 1.39971125125885]","[-10.101469039916992, -47.49163818359375, -3.589487075805664]",pedestrian,0.17050252854824066,False,True,42,False,False,False,True,7a0cca0f12d547518dd80d8df2c501bb,pedestrian,True,0.8758271965161047,0.573424581778924,True,False,,0,0,False,False
b6_50iter,camera_crash_10,recovery_1_5,fcbccedd61424f1b85dcbf8f897f9754,de7593d76648450e947ba0c203dee1b0,1533151609.947025,13,5,739,propagated,keep,recover,2.0,0.4314650893211365,2.0177001953125,0.034517206251621246,0.0,0.9634355902671814,1.3637019513623727e-08,0.6992567181587219,"[0.08170083165168762, 0.0, 0.36014869809150696, 0.0, 0.5581505298614502, 0.0]","[0.0, 0.0, 0.0, 0.9999810457229614, 1.6351487275301224e-08, 0.0]","[-16.67633056640625, -26.49749755859375, -2.481477737426758]","[-15.510597229003906, -27.205598831176758, -2.527738094329834]","[631.9080200195312, 1644.89453125, 1.1006386280059814]","[-16.67633056640625, -26.49749755859375, -2.481477737426758]",pedestrian,0.11277424544095993,True,True,90,True,False,False,True,c97be344ac4143ffa69b0b5ed22f31c2,pedestrian,True,0.34528917117230884,8.63092029292738e-08,True,False,13,0,0,True,False
b6_50iter,camera_crash_10,recovery_1_5,fcbccedd61424f1b85dcbf8f897f9754,de7593d76648450e947ba0c203dee1b0,1533151609.947025,13,5,753,propagated,defer,defer,1.0,0.31069064140319824,0.0,0.0,0.0,0.9855917692184448,0.0,0.761192262172699,"[0.0, 0.0, 0.0, 0.0, 0.0, 0.0]","[0.0, 0.0, 0.0, 0.999974250793457, 6.120311445556581e-05, 0.0]","[-32.4793701171875, -48.07440185546875, -4.191938400268555]","[-31.67806053161621, -48.36276626586914, -4.211967468261719]","[625.9669189453125, 1670.904052734375, 0.8608978986740112]","[-32.4793701171875, -48.07440185546875, -4.191938400268555]",pedestrian,0.08432594686746597,False,True,142,False,False,False,False,,,False,22.485480500610514,,False,True,,0,0,False,False
b6_50iter,camera_crash_10,recovery_1_5,fcbccedd61424f1b85dcbf8f897f9754,de7593d76648450e947ba0c203dee1b0,1533151609.947025,13,5,758,propagated,keep,recover,1.0,0.35795852541923523,0.3665609359741211,0.02863668091595173,0.0,0.975942850112915,0.00018690468277782202,0.684812605381012,"[0.0, 0.0, 0.0, 0.0, 1.0, 0.0]","[0.0, 0.0, 0.0, 0.9999463558197021, 0.00018689465650822967, 0.0]","[-15.84613037109375, -21.257415771484375, -2.1673717498779297]","[-14.923091888427734, -21.85318374633789, -2.270432949066162]","[635.6473999023438, 1641.0123291015625, 1.0300500392913818]","[-15.84613037109375, -21.257415771484375, -2.1673717498779297]",pedestrian,0.11509142816066742,True,True,87,False,False,False,False,,,False,3.025004645151981,,False,True,,5,5,False,False
b6_50iter,camera_crash_10,recovery_1_5,fcbccedd61424f1b85dcbf8f897f9754,de7593d76648450e947ba0c203dee1b0,1533151609.947025,13,5,772,propagated,defer,defer,1.0,0.4465651214122772,0.0,0.0,0.0,0.9744781851768494,0.0,0.7564586400985718,"[0.0, 0.0, 0.0, 0.0, 0.0, 0.0]","[0.0, 0.0, 0.0, 0.9999529123306274, 2.4628999015829717e-30, 0.0]","[-11.48321533203125, -43.629302978515625, -3.3878002166748047]","[-10.550193786621094, -44.67384338378906, -3.190063238143921]","[615.3065185546875, 1652.2744140625, 1.4350107908248901]","[-11.554673194885254, -44.17929458618164, -3.3878002166748047]",pedestrian,0.14159266650676727,False,True,62,False,False,False,True,2f009793dd694578990c045dc8c77e31,pedestrian,True,1.6215795633241665,0.5271720308903692,True,False,,0,0,False,False
b6_50iter,camera_crash_10,recovery_1_5,fcbccedd61424f1b85dcbf8f897f9754,de7593d76648450e947ba0c203dee1b0,1533151609.947025,13,5,778,propagated,keep,recover,1.0,0.46643394231796265,0.9269723892211914,0.03731471300125122,0.0,0.9912546873092651,2.7979063816019334e-05,0.6807125210762024,"[0.021857794374227524, 0.0, 0.36835017800331116, 0.0, 0.6097920536994934, 0.0]","[0.0, 0.0, 0.0, 0.9999756813049316, 3.2702071621315554e-05, 0.0]","[-18.08465576171875, -26.367095947265625, -2.521879196166992]","[-17.505218505859375, -26.674819946289062, -2.615396499633789]","[633.5890502929688, 1646.0914306640625, 1.0024919509887695]","[-18.08465576171875, -26.367095947265625, -2.521879196166992]",pedestrian,0.11468715220689774,True,True,88,False,False,False,False,,,False,2.147882935816005,,False,True,,5,5,False,False
b6_50iter,camera_crash_10,recovery_1_5,fcbccedd61424f1b85dcbf8f897f9754,de7593d76648450e947ba0c203dee1b0,1533151609.947025,13,5,798,propagated,keep,recover,1.0,0.5387030839920044,0.7756071090698242,0.04309624433517456,0.0,0.9803942441940308,0.00023451019660569727,0.6859238743782043,"[0.0, 0.0, 0.15183322131633759, 0.0, 0.848166823387146, 0.0]","[0.0, 0.0, 0.0, 0.999958872795105, 0.0002382283128099516, 0.0]","[-20.3883056640625, -28.280120849609375, -2.7112960815429688]","[-19.68037986755371, -28.97480583190918, -2.790524959564209]","[633.2109375, 1649.2392578125, 0.9888163805007935]","[-20.3883056640625, -28.280120849609375, -2.7112960815429688]",pedestrian,0.10160386562347412,True,True,106,False,False,False,False,,,False,4.79566317674084,,False,True,,5,5,False,False
b6_50iter,camera_crash_10,recovery_1_5,fcbccedd61424f1b85dcbf8f897f9754,de7593d76648450e947ba0c203dee1b0,1533151609.947025,13,5,816,propagated,defer,defer,1.0,0.4038606882095337,0.0,0.0,0.0,0.9737361669540405,0.0,0.7590458393096924,"[0.0, 0.0, 0.0, 0.0, 0.0, 0.0]","[0.0, 0.0, 0.0, 0.9999523162841797, 2.025668344167103e-35, 0.0]","[-9.880615234375, -45.541290283203125, -3.581583023071289]","[-8.846294403076172, -46.20870590209961, -3.295079469680786]","[613.033935546875, 1651.951171875, 1.404180884361267]","[-9.958112716674805, -46.0968132019043, -3.581583023071289]",pedestrian,0.1319534182548523,False,True,74,False,False,False,False,,,False,2.2343454487783485,,False,True,,0,0,False,False
b6_50iter,camera_crash_10,recovery_1_5,fcbccedd61424f1b85dcbf8f897f9754,de7593d76648450e947ba0c203dee1b0,1533151609.947025,13,5,845,propagated,keep,recover,1.0,0.3614709675312042,0.87176513671875,0.028917675837874413,0.0,0.9809668660163879,1.9066287677560467e-06,0.7204475402832031,"[0.011570999398827553, 0.0, 0.37793460488319397, 0.0, 0.6104943752288818, 0.0]","[0.0, 0.0, 0.0, 0.9999816417694092, 2.2426586383517133e-06, 0.0]","[-17.76446533203125, -26.751220703125, -2.5317859649658203]","[-16.800323486328125, -26.919971466064453, -2.584531784057617]","[632.9508056640625, 1645.7052001953125, 1.0405181646347046]","[-17.76446533203125, -26.751220703125, -2.5317859649658203]",pedestrian,0.07409872114658356,True,True,191,True,False,False,True,c97be344ac4143ffa69b0b5ed22f31c2,pedestrian,True,1.4326224975277562,1.922796572880475e-07,True,False,13,0,0,True,False
b6_50iter,camera_crash_10,recovery_1_5,fcbccedd61424f1b85dcbf8f897f9754,de7593d76648450e947ba0c203dee1b0,1533151609.947025,13,5,849,propagated,keep,recover,1.0,0.4826727509498596,0.6321010589599609,0.03861381858587265,0.0,0.9711119532585144,0.00024266143736895174,0.6803420186042786,"[0.0, 0.0, 0.003256219904869795, 0.0, 0.9967437982559204, 0.0]","[0.0, 0.0, 0.0, 0.9999568462371826, 0.00024265226966235787, 0.0]","[-19.94085693359375, -27.259613037109375, -2.6168079376220703]","[-18.77184295654297, -27.56208610534668, -2.7039406299591064]","[633.7161254882812, 1647.635009765625, 0.9808138608932495]","[-19.94085693359375, -27.259613037109375, -2.6168079376220703]",pedestrian,0.09088107198476791,True,True,119,False,False,False,False,,,False,3.4719915716847907,,False,True,,5,5,False,False
b6_50iter,camera_crash_10,recovery_1_5,fcbccedd61424f1b85dcbf8f897f9754,de7593d76648450e947ba0c203dee1b0,1533151609.947025,13,5,856,propagated,keep,recover,1.0,0.4247695505619049,0.6780157089233398,0.0339815616607666,0.0,0.9929810166358948,2.881994987546932e-06,0.7224858999252319,"[0.0, 0.0, 0.16909843683242798, 0.0, 0.830901563167572, 0.0]","[0.0, 0.0, 0.0, 0.9999803304672241, 2.9410136903607054e-06, 0.0]","[-18.65997314453125, -28.7958984375, -2.6603336334228516]","[-18.316059112548828, -29.273563385009766, -2.7361295223236084]","[632.1102294921875, 1648.3797607421875, 1.0465383529663086]","[-18.65997314453125, -28.7958984375, -2.6603336334228516]",pedestrian,0.07101351022720337,True,True,203,False,False,False,False,,,False,3.7961064359157706,,False,True,,5,5,False,False
b6_50iter,camera_crash_10,recovery_1_5,fcbccedd61424f1b85dcbf8f897f9754,de7593d76648450e947ba0c203dee1b0,1533151609.947025,13,5,860,propagated,keep,recover,2.0,0.3796377182006836,0.4607584476470947,0.030371015891432762,0.0,0.9747808575630188,7.371879941186886e-17,0.701514720916748,"[0.0, 9.338374875307682e-19, 0.0, 0.0, 0.0, 1.0]","[0.0, 0.0, 0.0, 0.9999756813049316, 0.0, 7.371700608430084e-17]","[5.1539306640625, -16.7904052734375, -1.7282428741455078]","[6.214427947998047, -17.289966583251953, -1.7190792560577393]","[625.6329956054688, 1621.838623046875, 1.0819220542907715]","[5.09942102432251, -17.106103897094727, -1.7282428741455078]",pedestrian,0.06536832451820374,True,True,233,True,True,True,True,0e9b314c6a1f41189116b67fb257d8ba,pedestrian,True,0.3715489307390313,0.0785150646128258,True,False,13,0,0,True,False
b6_50iter,camera_crash_10,recovery_1_5,fcbccedd61424f1b85dcbf8f897f9754,de7593d76648450e947ba0c203dee1b0,1533151609.947025,13,5,861,propagated,keep,recover,1.0,0.4297512173652649,0.6931552886962891,0.034380096942186356,0.0,0.9789776802062988,1.0490989552636165e-05,0.7168387770652771,"[0.0, 0.0, 0.17152689397335052, 0.0, 0.8284731507301331, 0.0]","[0.0, 0.0, 0.0, 0.99997878074646, 1.0713252777350135e-05, 0.0]","[-19.7484130859375, -29.05133056640625, -2.6823768615722656]","[-18.74420928955078, -29.27121353149414, -2.756866931915283]","[632.3853759765625, 1648.7080078125, 1.0302485227584839]","[-19.7484130859375, -29.05133056640625, -2.6823768615722656]",pedestrian,0.07307153940200806,True,True,199,False,False,False,False,,,False,4.136902430035991,,False,True,,5,5,False,False
b6_50iter,camera_crash_10,recovery_1_5,fcbccedd61424f1b85dcbf8f897f9754,de7593d76648450e947ba0c203dee1b0,1533151609.947025,13,5,863,propagated,defer,defer,1.0,0.23383183777332306,0.0,0.0,0.0,0.9796687364578247,0.0,0.679094135761261,"[0.0, 0.0, 0.0, 0.0, 0.0, 0.0]","[0.0, 0.0, 0.0, 0.9999693632125854, 0.0, 3.120891392538461e-11]","[7.52227783203125, -18.07666015625, -1.6600570678710938]","[8.505115509033203, -18.525558471679688, -1.747225046157837]","[623.2171630859375, 1620.8701171875, 1.103626012802124]","[7.518697738647461, -18.310100555419922, -1.6600570678710938]",pedestrian,0.03804415464401245,False,False,-1,True,True,True,True,4eb1a864acc24ef89aa487d5002cc071,pedestrian,True,1.074208742816056,0.06616545831650392,True,False,13,0,0,True,False
b6_50iter,camera_crash_10,recovery_1_5,fcbccedd61424f1b85dcbf8f897f9754,de7593d76648450e947ba0c203dee1b0,1533151609.947025,13,5,887,propagated,keep,recover,1.0,0.48078420758247375,0.636810302734375,0.03846273571252823,0.0,0.9833505749702454,0.0006936630234122276,0.6994403004646301,"[0.0, 0.0, 3.4611989008226374e-07, 0.0, 0.9999996423721313, 0.0]","[0.0, 0.0, 0.0, 0.9999375343322754, 0.0006936198915354908, 0.0]","[-21.15667724609375, -28.920562744140625, -2.728626251220703]","[-20.48903465270996, -29.540616989135742, -2.824869394302368]","[633.29345703125, 1650.2232666015625, 0.9970813989639282]","[-21.15667724609375, -28.920562744140625, -2.728626251220703]",pedestrian,0.06822536885738373,True,True,219,False,False,False,False,,,False,5.772799317965266,,False,True,,5,5,False,False
b6_50iter,camera_crash_10,recovery_1_5,fcbccedd61424f1b85dcbf8f897f9754,de7593d76648450e947ba0c203dee1b0,1533151609.947025,13,5,890,propagated,defer,defer,1.0,0.36080917716026306,0.0,0.0,0.0,0.971011757850647,0.0,0.7064239382743835,"[0.0, 0.0, 0.0, 0.0, 0.0, 0.0]","[0.0, 0.0, 0.0, 0.9999802112579346, 2.0409729017956124e-08, 0.0]","[-19.68182373046875, -32.2396240234375, -2.986356735229492]","[-18.50826644897461, -32.542091369628906, -2.9403913021087646]","[629.7181396484375, 1650.624755859375, 1.0408271551132202]","[-19.68182373046875, -32.2396240234375, -2.986356735229492]",pedestrian,0.03959301486611366,False,False,-1,False,False,False,False,,,False,6.478453406337798,,False,True,,0,0,False,False
b6_50iter,camera_crash_10,recovery_1_5,fcbccedd61424f1b85dcbf8f897f9754,de7593d76648450e947ba0c203dee1b0,1533151609.947025,13,5,893,propagated,defer,defer,4.0,0.3638937175273895,0.0,0.0,0.0,0.9996402263641357,0.0,0.6765269637107849,"[0.0, 0.0, 0.0, 0.0, 0.0, 0.0]","[0.0, 0.0, 0.0, 0.9999531507492065, 4.988178918435057e-24, 0.0]","[-12.19146728515625, -39.67950439453125, -2.951435089111328]","[-12.178638458251953, -40.05073547363281, -2.868726968765259]","[619.9080810546875, 1650.556884765625, 1.4956461191177368]","[-12.231363296508789, -39.959232330322266, -2.951435089111328]",pedestrian,0.0958646610379219,False,True,112,False,False,False,False,,,False,3.978342407689072,,False,True,,0,0,False,False
b6_50iter,camera_crash_10,recovery_1_5,fcbccedd61424f1b85dcbf8f897f9754,de7593d76648450e947ba0c203dee1b0,1533151609.947025,13,5,899,propagated,defer,defer,1.0,0.3108518719673157,0.0,0.0,0.0,0.9988182187080383,0.0,0.6859918236732483,"[0.0, 0.0, 0.0, 0.0, 0.0, 0.0]","[0.0, 0.0, 0.0, 0.9999740123748779, 3.836497853626497e-05, 0.0]","[-22.30694580078125, -33.77557373046875, -3.048419952392578]","[-22.064380645751953, -33.75934600830078, -3.0533859729766846]","[631.057373046875, 1654.138671875, 1.0388766527175903]","[-22.30694580078125, -33.77557373046875, -3.048419952392578]",pedestrian,0.047066956758499146,False,False,-1,False,False,False,False,,,False,9.607029259461077,,False,True,,0,0,False,False
b6_50iter,camera_crash_10,recovery_1_5,325cef682f064c55a255f2625c533b75,61a7bd24f88a46c2963280d8b13ac675,1538984239.948316,53,5,680,propagated,keep,recover,1.0,0.5426934957504272,1.2097196578979492,0.043415479362010956,0.0,0.9750155210494995,1.6496085608608269e-09,0.763115644454956,"[0.08743861317634583, 0.0, 0.3077119290828705, 0.0, 0.6048494577407837, 0.0]","[0.0, 0.0, 0.0, 0.9999972581863403, 1.8661068246217383e-09, 0.0]","[-7.63262939453125, -14.50897216796875, -1.6901130676269531]","[-7.563667297363281, -12.74306869506836, -1.5808978080749512]","[716.5419921875, 1787.5318603515625, 1.1484599113464355]","[-7.685526371002197, -13.855865478515625, -1.6901130676269531]",pedestrian,0.28009214997291565,True,True,20,True,True,True,True,293abeb43b2a439abcd4ff08b981eeb9,pedestrian,True,1.4270080718555842,0.21582023245626739,True,False,13,0,0,True,False
b6_50iter,camera_crash_10,recovery_1_5,325cef682f064c55a255f2625c533b75,61a7bd24f88a46c2963280d8b13ac675,1538984239.948316,53,5,735,propagated,defer,defer,4.0,0.3363271951675415,0.0,0.0,0.0,0.9881798028945923,0.0,0.6805487275123596,"[0.0, 0.0, 0.0, 0.0, 0.0, 0.0]","[0.0, 0.0, 0.0, 0.9999974966049194, 0.0, 0.0]","[4.25927734375, -42.253662109375, -4.117618560791016]","[5.011314392089844, -42.087608337402344, -4.154966831207275]","[732.9459228515625, 1815.030029296875, 0.3626464605331421]","[4.259276390075684, -42.253662109375, -4.117618560791016]",car,0.002244360279291868,False,False,-1,False,False,False,False,,,False,7.2828099115644696,,False,True,,0,0,False,False
b6_50iter,camera_crash_10,recovery_1_5,325cef682f064c55a255f2625c533b75,61a7bd24f88a46c2963280d8b13ac675,1538984239.948316,53,5,848,propagated,defer,defer,4.0,0.31687864661216736,0.0,0.0,0.0,0.9889401793479919,0.0,0.6805012822151184,"[0.0, 0.0, 0.0, 0.0, 0.0, 0.0]","[0.0, 0.0, 0.0, 0.9999974966049194, 0.0, 0.0]","[3.4505615234375, -41.6688232421875, -4.034511566162109]","[3.6534042358398438, -40.95125198364258, -4.038471221923828]","[732.822509765625, 1813.2607421875, 0.42004549503326416]","[3.4505605697631836, -41.6688232421875, -4.034511566162109]",bicycle,0.0019681258127093315,False,False,-1,False,False,False,False,,,False,6.712490269586726,,False,True,,0,0,False,False
b6_50iter,camera_crash_10,recovery_1_5,325cef682f064c55a255f2625c533b75,61a7bd24f88a46c2963280d8b13ac675,1538984239.948316,53,5,883,propagated,defer,defer,1.0,0.23521319031715393,0.0,0.0,0.0,0.9746105670928955,0.0,0.7819165587425232,"[0.0, 0.0, 0.0, 0.0, 0.0, 0.0]","[0.0, 0.0, 0.0, 0.9999958276748657, 6.877951577418176e-15, 0.0]","[-13.30657958984375, -30.74224853515625, -2.980419158935547]","[-13.566261291503906, -29.649755477905273, -2.8226559162139893]","[733.7785034179688, 1792.660888671875, 1.0914541482925415]","[-13.306580543518066, -30.74224853515625, -2.980419158935547]",pedestrian,0.04064042866230011,False,True,178,False,False,False,True,0b4e0eb8ab06454d8904248794faa095,pedestrian,True,0.0633329125794081,1.1292831570550569e-06,True,False,,0,0,False,False
b6_50iter,camera_crash_10,recovery_1_5,325cef682f064c55a255f2625c533b75,61a7bd24f88a46c2963280d8b13ac675,1538984239.948316,53,5,886,propagated,defer,defer,1.0,0.3834076225757599,0.0,0.0,0.0,0.979407787322998,0.0,0.7843917012214661,"[0.0, 0.0, 0.0, 0.0, 0.0, 0.0]","[0.0, 0.0, 0.0, 0.9999932050704956, 1.5997003627299994e-24, 0.0]","[-10.0010986328125, -31.31011962890625, -2.7965354919433594]","[-9.576652526855469, -30.424245834350586, -2.521890640258789]","[732.0357055664062, 1796.33203125, 1.395797848701477]","[-10.001099586486816, -31.31011962890625, -2.7965354919433594]",pedestrian,0.17809344828128815,False,True,42,True,False,False,True,26ae4a920a9c4457909454cd8a84c959,pedestrian,True,1.1845389892125127,1.2386842889346418e-06,True,False,13,0,0,True,False
b6_50iter,compound,recovery_1_5,fcbccedd61424f1b85dcbf8f897f9754,de7593d76648450e947ba0c203dee1b0,1533151609.947025,13,5,659,propagated,keep,recover,2.0,0.5889729857444763,1.3529372215270996,0.046543899923563004,0.0,0.9731065034866333,2.778887989232377e-16,0.7253052592277527,"[0.41151103377342224, 0.21651984751224518, 0.0, 0.0, 0.0, 0.3719691038131714]","[0.0, 0.0, 0.0, 0.9999737739562988, 0.0, 4.448482043103617e-16]","[5.47412109375, -17.174713134765625, -1.7352256774902344]","[6.57733154296875, -17.725479125976562, -1.7277233600616455]","[625.066162109375, 1621.838623046875, 1.0955703258514404]","[5.417956352233887, -17.588077545166016, -1.7352256774902344]",pedestrian,0.37430915236473083,True,True,4,True,True,True,True,0e9b314c6a1f41189116b67fb257d8ba,pedestrian,True,0.8794200128483014,0.09204617195456904,True,False,13,0,0,True,False
b6_50iter,compound,recovery_1_5,fcbccedd61424f1b85dcbf8f897f9754,de7593d76648450e947ba0c203dee1b0,1533151609.947025,13,5,661,propagated,keep,recover,2.0,0.53620445728302,1.9490776062011719,0.04289635643362999,0.0,0.9757872223854065,1.6559587034947754e-11,0.692480742931366,"[0.19934070110321045, 0.0, 0.3642265498638153, 0.0, 0.43643271923065186, 0.0]","[0.0, 0.0, 0.0, 0.9999732971191406, 2.2855823136880282e-11, 0.0]","[-13.60565185546875, -23.95184326171875, -2.145101547241211]","[-12.78561782836914, -25.140609741210938, -2.165444850921631]","[631.7611083984375, 1641.4659423828125, 1.3093888759613037]","[-13.645380020141602, -24.443523406982422, -2.145101547241211]",pedestrian,0.33033856749534607,True,True,9,True,True,True,True,84b1b1dde33e44bea0d99dc3094fd49a,pedestrian,True,0.47495668740812563,0.190123846069105,True,False,13,0,0,True,False
b6_50iter,compound,recovery_1_5,fcbccedd61424f1b85dcbf8f897f9754,de7593d76648450e947ba0c203dee1b0,1533151609.947025,13,5,669,propagated,defer,defer,2.0,0.5397863984107971,0.0,0.0,0.0,0.9713929295539856,0.0,0.7573293447494507,"[0.0, 0.0, 0.0, 0.0, 0.0, 0.0]","[0.0, 0.0, 0.0, 0.9999502897262573, 5.411838693445636e-31, 0.0]","[-11.6116943359375, -45.040924072265625, -3.376211166381836]","[-10.469612121582031, -45.5977668762207, -3.1969122886657715]","[614.5459594726562, 1652.802978515625, 1.4827581644058228]","[-11.660445213317871, -45.56645965576172, -3.376211166381836]",pedestrian,0.2966884672641754,False,True,13,False,False,False,False,,,False,2.4545172116607024,,False,True,,0,0,False,False
b6_50iter,compound,recovery_1_5,fcbccedd61424f1b85dcbf8f897f9754,de7593d76648450e947ba0c203dee1b0,1533151609.947025,13,5,675,propagated,keep,recover,3.0,0.5296154618263245,0.8996858596801758,0.042369235306978226,0.0,0.9783586859703064,7.037879092293846e-19,0.7286294102668762,"[3.144429150494899e-26, 0.2673102021217346, 0.0, 0.0, 0.0, 0.7326898574829102]","[0.0, 0.0, 0.0, 0.9999730587005615, 0.0, 7.491433595890094e-19]","[5.34735107421875, -18.576690673828125, -1.8839683532714844]","[6.27691650390625, -19.244674682617188, -1.8384928703308105]","[624.0889282226562, 1623.044921875, 1.079358696937561]","[5.304150104522705, -18.863094329833984, -1.8839683532714844]",pedestrian,0.2961254417896271,True,True,14,True,True,True,True,ebc5a02f9ea64bbd9f3ccc3b84563d35,pedestrian,True,0.11292518837523269,0.2693708516966906,True,False,13,0,0,True,False
b6_50iter,compound,recovery_1_5,fcbccedd61424f1b85dcbf8f897f9754,de7593d76648450e947ba0c203dee1b0,1533151609.947025,13,5,679,propagated,keep,recover,3.0,0.5939673781394958,1.3567328453063965,0.046543899923563004,0.0,0.9766806960105896,2.283316364524168e-21,0.7143754959106445,"[0.14800706505775452, 0.33813226222991943, 0.0, 0.0, 0.0, 0.5138607025146484]","[0.0, 0.0, 0.0, 0.999962329864502, 0.0, 2.8112078449364515e-21]","[5.7322998046875, -22.1595458984375, -2.024364471435547]","[6.657005310058594, -23.10709571838379, -1.9820988178253174]","[620.877197265625, 1625.2269287109375, 1.1637451648712158]","[5.669506072998047, -22.656723022460938, -2.024364471435547]",pedestrian,0.32724669575691223,True,True,10,True,True,True,True,b73d145dba9145689b3ff2621c381fe4,pedestrian,True,1.3373283918280658,0.6105078406021548,True,False,13,0,0,True,False
b6_50iter,compound,recovery_1_5,fcbccedd61424f1b85dcbf8f897f9754,de7593d76648450e947ba0c203dee1b0,1533151609.947025,13,5,681,propagated,defer,defer,2.0,0.4243180453777313,0.0,0.0,0.0,0.9678323268890381,0.0,0.7389901280403137,"[0.0, 0.0, 0.0, 0.0, 0.0, 0.0]","[0.0, 0.0, 0.0, 0.9999192953109741, 0.0, 1.1211822800346349e-31]","[5.6058349609375, -39.190277099609375, -2.4959640502929688]","[6.59527587890625, -40.16465759277344, -2.538562059402466]","[607.81103515625, 1636.1964111328125, 1.6325124502182007]","[5.597573757171631, -39.36616134643555, -2.4959640502929688]",pedestrian,0.23012927174568176,False,True,25,False,False,False,False,,,False,2.546950559529613,,False,True,,0,0,False,False
b6_50iter,compound,recovery_1_5,fcbccedd61424f1b85dcbf8f897f9754,de7593d76648450e947ba0c203dee1b0,1533151609.947025,13,5,683,propagated,keep,recover,3.0,0.4794132113456726,2.5157222747802734,0.03835305571556091,0.0,0.973526656627655,6.0923395000243356e-21,0.774620771408081,"[0.28442344069480896, 0.0, 0.31437060236930847, 0.0, 0.4012059271335602, 0.0]","[0.0, 0.0, 0.0, 0.9999743700027466, 8.863117478883516e-21, 0.0]","[-9.2513427734375, -22.927001953125, -2.109560012817383]","[-8.099220275878906, -22.83254051208496, -2.0374977588653564]","[630.535400390625, 1636.3865966796875, 1.2487974166870117]","[-9.2513427734375, -22.927001953125, -2.109560012817383]",pedestrian,0.2826266288757324,True,True,16,True,True,True,True,e833662c5eb64d2580f877fee97117c5,pedestrian,True,0.25920669752619235,0.2700392792392617,True,False,13,0,0,True,False
b6_50iter,compound,recovery_1_5,fcbccedd61424f1b85dcbf8f897f9754,de7593d76648450e947ba0c203dee1b0,1533151609.947025,13,5,686,propagated,keep,recover,2.0,0.5417044758796692,1.4446601867675781,0.04333635792136192,0.0,0.983943521976471,8.409346488472483e-14,0.701422393321991,"[0.3572320342063904, 0.2990782856941223, 0.0, 0.0, 0.0, 0.3436897099018097]","[0.0, 0.0, 0.0, 0.9999725818634033, 0.0, 1.416531280294675e-13]","[6.5623779296875, -16.920318603515625, -1.695638656616211]","[7.302539825439453, -17.595741271972656, -1.7071726322174072]","[624.7020874023438, 1621.19775390625, 1.100590705871582]","[6.519066333770752, -17.153728485107422, -1.695638656616211]",pedestrian,0.3394411504268646,True,True,8,True,True,True,True,bff8170575c24b5d8714061f5349892b,pedestrian,True,0.4393886764831584,0.3689022158156683,True,False,13,0,0,True,False
b6_50iter,compound,recovery_1_5,fcbccedd61424f1b85dcbf8f897f9754,de7593d76648450e947ba0c203dee1b0,1533151609.947025,13,5,688,propagated,keep,recover,1.0,0.5188349485397339,0.8094806671142578,0.04150679334998131,0.0,0.9907691478729248,2.478434169006505e-07,0.7538954615592957,"[0.1727776825428009, 0.27758604288101196, 0.0, 0.0, 0.0, 0.5496363043785095]","[0.0, 0.0, 0.0, 0.9999767541885376, 0.0, 2.883744798509724e-07]","[7.45794677734375, -14.8753662109375, -1.5719642639160156]","[8.125907897949219, -14.607528686523438, -1.5263707637786865]","[626.4739990234375, 1618.648193359375, 1.0929982662200928]","[7.465573310852051, -14.44762897491455, -1.5719642639160156]",pedestrian,0.29140087962150574,True,True,15,True,True,True,True,16a95164fcdd44e99cf99a93dd13b017,pedestrian,True,0.9073231298705596,0.6058088162422989,True,False,13,0,0,True,False
b6_50iter,compound,recovery_1_5,fcbccedd61424f1b85dcbf8f897f9754,de7593d76648450e947ba0c203dee1b0,1533151609.947025,13,5,691,propagated,defer,defer,2.0,0.5216397047042847,0.0,0.0,0.0,0.9651986360549927,0.0,0.7558423280715942,"[0.0, 0.0, 0.0, 0.0, 0.0, 0.0]","[0.0, 0.0, 0.0, 0.9999494552612305, 2.051688921813012e-33, 0.0]","[-11.09808349609375, -47.21136474609375, -3.5413551330566406]","[-9.87728500366211, -47.561187744140625, -3.3145432472229004]","[612.656005859375, 1653.6077880859375, 1.4768661260604858]","[-11.172836303710938, -47.764095306396484, -3.5413551330566406]",pedestrian,0.24273687601089478,False,True,21,False,False,False,True,7a0cca0f12d547518dd80d8df2c501bb,pedestrian,True,1.826863387862023,0.5388677094054629,True,False,,0,0,False,False
b6_50iter,compound,recovery_1_5,fcbccedd61424f1b85dcbf8f897f9754,de7593d76648450e947ba0c203dee1b0,1533151609.947025,13,5,698,propagated,keep,recover,2.0,0.49870967864990234,1.9377899169921875,0.03989677503705025,0.0,0.9679378271102905,6.89924020691457e-11,0.6847579479217529,"[0.20993752777576447, 0.0, 0.3646222949028015, 0.0, 0.42544025182724, 0.0]","[0.0, 0.0, 0.0, 0.9999743700027466, 9.703017556095261e-11, 0.0]","[-14.3736572265625, -24.590179443359375, -2.197519302368164]","[-13.169872283935547, -25.2464599609375, -2.195727825164795]","[631.9248046875, 1641.830078125, 1.2895973920822144]","[-14.436624526977539, -25.08927345275879, -2.197519302368164]",pedestrian,0.17278267443180084,True,True,47,True,True,True,True,84b1b1dde33e44bea0d99dc3094fd49a,pedestrian,True,0.6128398652996928,0.21142368887711793,True,False,13,0,0,True,False
b6_50iter,compound,recovery_1_5,fcbccedd61424f1b85dcbf8f897f9754,de7593d76648450e947ba0c203dee1b0,1533151609.947025,13,5,702,propagated,defer,defer,1.0,0.3772081732749939,0.0,0.0,0.0,0.9320688843727112,0.0,0.6771025657653809,"[0.0, 0.0, 0.0, 0.0, 0.0, 0.0]","[0.0, 0.0, 0.0, 0.9999783039093018, 2.9725580330541845e-10, 0.0]","[-16.3555908203125, -26.87872314453125, -2.5401172637939453]","[-14.505027770996094, -27.348712921142578, -2.455070734024048]","[631.1571655273438, 1644.2103271484375, 1.1710718870162964]","[-16.378578186035156, -27.346094131469727, -2.5401172637939453]",pedestrian,0.10742025822401047,False,True,100,True,False,False,True,c97be344ac4143ffa69b0b5ed22f31c2,pedestrian,True,0.9761848267956309,1.1557166486209614,True,False,13,0,0,True,False
b6_50iter,compound,recovery_1_5,fcbccedd61424f1b85dcbf8f897f9754,de7593d76648450e947ba0c203dee1b0,1533151609.947025,13,5,706,propagated,defer,defer,5.0,0.5294337272644043,0.0,0.0,0.0,0.9748047590255737,0.0,0.7514734268188477,"[0.0, 0.0, 0.0, 0.0, 0.0, 0.0]","[0.0, 0.0, 0.0, 0.9999357461929321, 0.0, 2.0945636593568914e-22]","[9.70782470703125, -40.9625244140625, -2.8719406127929688]","[10.835563659667969, -41.009864807128906, -2.8287596702575684]","[604.4358520507812, 1633.493408203125, 1.3485068082809448]","[9.707823753356934, -40.9625244140625, -2.8719406127929688]",traffic_cone,0.1654520332813263,False,True,53,False,False,False,False,,,False,3.4475029737403937,,False,True,,0,0,False,False
b6_50iter,compound,recovery_1_5,fcbccedd61424f1b85dcbf8f897f9754,de7593d76648450e947ba0c203dee1b0,1533151609.947025,13,5,728,propagated,defer,defer,1.0,0.33793941140174866,0.0,0.0,0.0,0.9535115957260132,0.0,0.7764028310775757,"[0.0, 0.0, 0.0, 0.0, 0.0, 0.0]","[0.0, 0.0, 0.0, 0.9999783039093018, 1.3625442440989843e-10, 0.0]","[-13.02947998046875, -21.5181884765625, -2.087543487548828]","[-11.90252685546875, -22.57169532775879, -2.070653200149536]","[633.1697998046875, 1639.142333984375, 1.240471363067627]","[-13.02947998046875, -21.5181884765625, -2.087543487548828]",pedestrian,0.11318951100111008,False,True,90,False,False,False,False,,,False,2.097649902751772,,False,True,,0,0,False,False
b6_50iter,compound,recovery_1_5,fcbccedd61424f1b85dcbf8f897f9754,de7593d76648450e947ba0c203dee1b0,1533151609.947025,13,5,729,propagated,keep,recover,2.0,0.4460393786430359,2.002065658569336,0.035683151334524155,0.0,0.9620825052261353,1.2122371551015476e-08,0.6932514309883118,"[0.0823388546705246, 0.0, 0.3606504499912262, 0.0, 0.5570106506347656, 0.0]","[0.0, 0.0, 0.0, 0.9999808073043823, 1.4551996052603045e-08, 0.0]","[-16.6763916015625, -26.4979248046875, -2.4746551513671875]","[-15.494728088378906, -27.228845596313477, -2.521331787109375]","[631.8802490234375, 1644.89697265625, 1.1082593202590942]","[-16.6763916015625, -26.4979248046875, -2.4746551513671875]",pedestrian,0.1145002618432045,True,True,86,True,False,False,True,c97be344ac4143ffa69b0b5ed22f31c2,pedestrian,True,0.360421690776484,1.0122309411692902e-07,True,False,13,0,0,True,False
b6_50iter,compound,recovery_1_5,fcbccedd61424f1b85dcbf8f897f9754,de7593d76648450e947ba0c203dee1b0,1533151609.947025,13,5,737,propagated,defer,defer,2.0,0.4166947901248932,0.0,0.0,0.0,0.9641186594963074,0.0,0.7334420084953308,"[0.0, 0.0, 0.0, 0.0, 0.0, 0.0]","[0.0, 0.0, 0.0, 0.9999501705169678, 2.7629864137481768e-36, 0.0]","[-10.00897216796875, -46.952301025390625, -3.579740524291992]","[-8.783424377441406, -47.68590545654297, -3.3460750579833984]","[611.8585815429688, 1652.848876953125, 1.4412513971328735]","[-10.098465919494629, -47.478267669677734, -3.579740524291992]",pedestrian,0.16731460392475128,False,True,50,False,False,False,True,7a0cca0f12d547518dd80d8df2c501bb,pedestrian,True,0.8676107834143404,0.5615493764232571,True,False,,0,0,False,False
b6_50iter,compound,recovery_1_5,fcbccedd61424f1b85dcbf8f897f9754,de7593d76648450e947ba0c203dee1b0,1533151609.947025,13,5,738,propagated,defer,defer,1.0,0.18518438935279846,0.0,0.0,0.0,0.9846265316009521,0.0,0.7583338618278503,"[0.0, 0.0, 0.0, 0.0, 0.0, 0.0]","[0.0, 0.0, 0.0, 0.9999744892120361, 9.91190318018198e-05, 0.0]","[-32.47955322265625, -48.075164794921875, -4.178779602050781]","[-31.626373291015625, -47.85060501098633, -4.290178298950195]","[626.3236083984375, 1670.5408935546875, 0.7515507936477661]","[-32.47272872924805, -48.06488037109375, -4.178779602050781]",pedestrian,0.015931252390146255,False,False,-1,False,False,False,False,,,False,22.324769255671598,,False,True,,0,0,False,False
b6_50iter,compound,recovery_1_5,fcbccedd61424f1b85dcbf8f897f9754,de7593d76648450e947ba0c203dee1b0,1533151609.947025,13,5,747,propagated,keep,recover,1.0,0.3677295744419098,0.3689136505126953,0.02941836602985859,0.0,0.9751412868499756,0.00017345511878374964,0.6918743252754211,"[0.0, 0.0, 0.0, 0.0, 1.0, 0.0]","[0.0, 0.0, 0.0, 0.9999480247497559, 0.00017344609659630805, 0.0]","[-15.84613037109375, -21.257415771484375, -2.1673717498779297]","[-14.894283294677734, -21.842554092407227, -2.2685961723327637]","[635.63720703125, 1640.9833984375, 1.0309392213821411]","[-15.84613037109375, -21.257415771484375, -2.1673717498779297]",pedestrian,0.1139286532998085,True,True,88,False,False,False,False,,,False,3.050054593269978,,False,True,,5,5,False,False
b6_50iter,compound,recovery_1_5,fcbccedd61424f1b85dcbf8f897f9754,de7593d76648450e947ba0c203dee1b0,1533151609.947025,13,5,750,propagated,defer,defer,3.0,0.41687533259391785,0.0,0.0,0.0,0.9708642363548279,0.0,0.7426328063011169,"[0.0, 0.0, 0.0, 0.0, 0.0, 0.0]","[0.0, 0.0, 0.0, 0.9999173879623413, 0.0, 1.3433127732598744e-32]","[4.96466064453125, -38.42633056640625, -2.4040260314941406]","[6.076957702636719, -38.91570281982422, -2.4457573890686035]","[609.1046142578125, 1635.792236328125, 1.6557093858718872]","[4.96466064453125, -38.42633056640625, -2.4040260314941406]",pedestrian,0.15921854972839355,False,True,58,False,False,False,False,,,False,3.8544255347191707,,False,True,,0,0,False,False
b6_50iter,compound,recovery_1_5,fcbccedd61424f1b85dcbf8f897f9754,de7593d76648450e947ba0c203dee1b0,1533151609.947025,13,5,755,propagated,defer,defer,1.0,0.46207424998283386,0.0,0.0,0.0,0.9735374450683594,0.0,0.7595171928405762,"[0.0, 0.0, 0.0, 0.0, 0.0, 0.0]","[0.0, 0.0, 0.0, 0.9999507665634155, 2.3839014149930223e-30, 0.0]","[-11.48370361328125, -43.632110595703125, -3.3410167694091797]","[-10.547065734863281, -44.70813751220703, -3.1485652923583984]","[615.2798461914062, 1652.2919921875, 1.4784561395645142]","[-11.553370475769043, -44.16844940185547, -3.3410167694091797]",pedestrian,0.1638542264699936,False,True,55,False,False,False,True,2f009793dd694578990c045dc8c77e31,pedestrian,True,1.6482288055950387,0.5062337122017919,True,False,,0,0,False,False
b6_50iter,compound,recovery_1_5,fcbccedd61424f1b85dcbf8f897f9754,de7593d76648450e947ba0c203dee1b0,1533151609.947025,13,5,768,propagated,keep,recover,1.0,0.44822749495506287,0.9250946044921875,0.03585819900035858,0.0,0.991561233997345,2.935054180852603e-05,0.681035041809082,"[0.02190215326845646, 0.0, 0.3688296377658844, 0.0, 0.6092682480812073, 0.0]","[0.0, 0.0, 0.0, 0.9999750852584839, 3.432496669120155e-05, 0.0]","[-18.08477783203125, -26.36785888671875, -2.5092086791992188]","[-17.516353607177734, -26.66950798034668, -2.6073286533355713]","[633.6005859375, 1646.09619140625, 1.010344386100769]","[-18.08477783203125, -26.36785888671875, -2.5092086791992188]",pedestrian,0.10805133730173111,True,True,97,False,False,False,False,,,False,2.159446700392029,,False,True,,5,5,False,False
b6_50iter,compound,recovery_1_5,fcbccedd61424f1b85dcbf8f897f9754,de7593d76648450e947ba0c203dee1b0,1533151609.947025,13,5,776,propagated,keep,recover,1.0,0.5429609417915344,0.7805805206298828,0.04343687370419502,0.0,0.9840013384819031,0.0003095990396104753,0.6866613626480103,"[0.0, 0.0, 0.15061984956264496, 0.0, 0.8493801951408386, 0.0]","[0.0, 0.0, 0.0, 0.9999538660049438, 0.0003144146176055074, 0.0]","[-20.38836669921875, -28.280487060546875, -2.7054481506347656]","[-19.749759674072266, -28.90829849243164, -2.772048234939575]","[633.30712890625, 1649.2491455078125, 1.0040053129196167]","[-20.38836669921875, -28.280487060546875, -2.7054481506347656]",pedestrian,0.1001378744840622,True,True,113,False,False,False,False,,,False,4.829224407260392,,False,True,,5,5,False,False
b6_50iter,compound,recovery_1_5,fcbccedd61424f1b85dcbf8f897f9754,de7593d76648450e947ba0c203dee1b0,1533151609.947025,13,5,786,propagated,defer,defer,1.0,0.432477205991745,0.0,0.0,0.0,0.9756734371185303,0.0,0.762008547782898,"[0.0, 0.0, 0.0, 0.0, 0.0, 0.0]","[0.0, 0.0, 0.0, 0.9999494552612305, 2.8662971856299973e-35, 0.0]","[-9.88104248046875, -45.543792724609375, -3.5396728515625]","[-8.895153045654297, -46.20722961425781, -3.2349448204040527]","[613.0687255859375, 1651.9849853515625, 1.4646342992782593]","[-9.9546537399292, -46.08087921142578, -3.5396728515625]",pedestrian,0.1515946239233017,False,True,64,False,False,False,False,,,False,2.252911478121606,,False,True,,0,0,False,False
b6_50iter,compound,recovery_1_5,fcbccedd61424f1b85dcbf8f897f9754,de7593d76648450e947ba0c203dee1b0,1533151609.947025,13,5,793,propagated,keep,recover,2.0,0.3621141016483307,1.508829116821289,0.02896912768483162,0.0,0.9600516557693481,5.297671430362508e-15,0.7123952507972717,"[0.32952678203582764, 0.22126388549804688, 0.0, 0.0, 0.0, 0.4492093622684479]","[0.0, 0.0, 0.0, 0.9999704360961914, 0.0, 7.069243380643719e-15]","[6.1146240234375, -17.9423828125, -1.7647857666015625]","[7.335472106933594, -18.81755828857422, -1.7741384506225586]","[623.7411499023438, 1621.9561767578125, 1.1067146062850952]","[6.107585906982422, -18.089122772216797, -1.7647857666015625]",pedestrian,0.09168525785207748,True,True,129,True,True,True,True,4eb1a864acc24ef89aa487d5002cc071,pedestrian,True,0.2559686927785824,0.13623862704513812,True,False,13,0,0,True,False
b6_50iter,compound,recovery_1_5,fcbccedd61424f1b85dcbf8f897f9754,de7593d76648450e947ba0c203dee1b0,1533151609.947025,13,5,809,propagated,keep,recover,1.0,0.3571062982082367,0.8694124221801758,0.028568502515554428,0.0,0.9820770025253296,2.1077207748021465e-06,0.7199398875236511,"[0.011602317914366722, 0.0, 0.37855368852615356, 0.0, 0.6098439693450928, 0.0]","[0.0, 0.0, 0.0, 0.9999814033508301, 2.481054252712056e-06, 0.0]","[-17.76458740234375, -26.751861572265625, -2.5210647583007812]","[-16.830066680908203, -26.917531967163086, -2.5802180767059326]","[632.971923828125, 1645.726318359375, 1.04499351978302]","[-17.76458740234375, -26.751861572265625, -2.5210647583007812]",pedestrian,0.07458371669054031,True,True,173,True,False,False,True,c97be344ac4143ffa69b0b5ed22f31c2,pedestrian,True,1.4622999521724382,1.7491090015233658e-07,True,False,13,0,0,True,False
b6_50iter,compound,recovery_1_5,fcbccedd61424f1b85dcbf8f897f9754,de7593d76648450e947ba0c203dee1b0,1533151609.947025,13,5,814,propagated,defer,defer,1.0,0.391876220703125,0.0,0.0,0.0,0.8927375674247742,0.0,0.7563192248344421,"[0.0, 0.0, 0.0, 0.0, 0.0, 0.0]","[0.0, 0.0, 0.0, 0.9999434947967529, 0.0, 0.0]","[-4.7581787109375, -36.06207275390625, -3.3602161407470703]","[-3.205188751220703, -38.935150146484375, -2.7014658451080322]","[615.0238647460938, 1642.945068359375, 1.500289797782898]","[-4.935210704803467, -40.43388366699219, -3.3602161407470703]",traffic_cone,0.0007438559550791979,False,False,-1,False,False,False,True,cf11445013d14ce98d71c50b898e0744,car,False,1.056564327544655,1.2889428586463998,False,True,,0,0,False,False
b6_50iter,compound,recovery_1_5,fcbccedd61424f1b85dcbf8f897f9754,de7593d76648450e947ba0c203dee1b0,1533151609.947025,13,5,818,propagated,keep,recover,2.0,0.41375651955604553,0.4686572551727295,0.033100519329309464,0.0,0.9704719185829163,1.248187354027243e-16,0.7033179402351379,"[0.0, 1.561855032264836e-19, 0.0, 0.0, 0.0, 1.0]","[0.0, 0.0, 0.0, 0.9999735355377197, 0.0, 1.2481543991516388e-16]","[5.15362548828125, -16.792266845703125, -1.6970539093017578]","[6.294086456298828, -17.344005584716797, -1.6926453113555908]","[625.5415649414062, 1621.810791015625, 1.1107029914855957]","[5.103226661682129, -17.06032943725586, -1.6970539093017578]",pedestrian,0.08624011278152466,True,True,140,True,True,True,True,0e9b314c6a1f41189116b67fb257d8ba,pedestrian,True,0.429013383183406,0.07605595692073613,True,False,13,0,0,True,False
b6_50iter,compound,recovery_1_5,fcbccedd61424f1b85dcbf8f897f9754,de7593d76648450e947ba0c203dee1b0,1533151609.947025,13,5,819,propagated,keep,recover,1.0,0.4752940535545349,0.6301016807556152,0.03802352398633957,0.0,0.9708690047264099,0.00025753688532859087,0.681608259677887,"[0.0, 0.0, 0.003521054983139038, 0.0, 0.9964789748191833, 0.0]","[0.0, 0.0, 0.0, 0.999955415725708, 0.00025752701913006604, 0.0]","[-19.9410400390625, -27.26043701171875, -2.6031627655029297]","[-18.76030731201172, -27.538448333740234, -2.6854066848754883]","[633.7276000976562, 1647.6102294921875, 0.9977723360061646]","[-19.9410400390625, -27.26043701171875, -2.6031627655029297]",pedestrian,0.08822991698980331,True,True,134,False,False,False,False,,,False,3.45576203250218,,False,True,,5,5,False,False
b6_50iter,compound,recovery_1_5,fcbccedd61424f1b85dcbf8f897f9754,de7593d76648450e947ba0c203dee1b0,1533151609.947025,13,5,825,propagated,keep,recover,1.0,0.4413911700248718,0.6937580108642578,0.035311292856931686,0.0,0.9808647632598877,1.21360644698143e-05,0.7126182913780212,"[0.0, 0.0, 0.17172788083553314, 0.0, 0.8282721638679504, 0.0]","[0.0, 0.0, 0.0, 0.9999781847000122, 1.2393896213325206e-05, 0.0]","[-19.74859619140625, -29.05230712890625, -2.6658077239990234]","[-18.78716278076172, -29.241186141967773, -2.743299961090088]","[632.4364624023438, 1648.72119140625, 1.0424450635910034]","[-19.74859619140625, -29.05230712890625, -2.6658077239990234]",pedestrian,0.07457536458969116,True,True,174,False,False,False,False,,,False,4.154374874410288,,False,True,,5,5,False,False
b6_50iter,compound,recovery_1_5,fcbccedd61424f1b85dcbf8f897f9754,de7593d76648450e947ba0c203dee1b0,1533151609.947025,13,5,829,propagated,keep,recover,1.0,0.4225541651248932,0.6757850646972656,0.033804330974817276,0.0,0.9926034808158875,2.539776687626727e-06,0.7215777039527893,"[0.0, 0.0, 0.16797544062137604, 0.0, 0.8320245742797852, 0.0]","[0.0, 0.0, 0.0, 0.999980092048645, 2.5909671421686653e-06, 0.0]","[-18.66015625, -28.796966552734375, -2.642789840698242]","[-18.25640106201172, -29.24696159362793, -2.718193292617798]","[632.0931396484375, 1648.316162109375, 1.0622107982635498]","[-18.66015625, -28.796966552734375, -2.642789840698242]",pedestrian,0.06951924413442612,True,True,197,False,False,False,False,,,False,3.732318250933251,,False,True,,5,5,False,False
b6_50iter,compound,recovery_1_5,fcbccedd61424f1b85dcbf8f897f9754,de7593d76648450e947ba0c203dee1b0,1533151609.947025,13,5,850,propagated,defer,defer,1.0,0.3813236653804779,0.0,0.0,0.0,0.9799084067344666,0.0,0.7516778111457825,"[0.0, 0.0, 0.0, 0.0, 0.0, 0.0]","[0.0, 0.0, 0.0, 0.9999779462814331, 1.7446014908273355e-06, 0.0]","[-29.0870361328125, -45.904449462890625, -4.005331039428711]","[-28.667081832885742, -46.81944274902344, -4.040511131286621]","[625.229248046875, 1667.597900390625, 0.9074286222457886]","[-29.0870361328125, -45.904449462890625, -4.005331039428711]",pedestrian,0.048455797135829926,False,False,-1,False,False,False,False,,,False,19.214739988085473,,False,True,,0,0,False,False
b6_50iter,compound,recovery_1_5,fcbccedd61424f1b85dcbf8f897f9754,de7593d76648450e947ba0c203dee1b0,1533151609.947025,13,5,858,propagated,defer,defer,1.0,0.3042898178100586,0.0,0.0,0.0,0.9860363006591797,0.0,0.720312774181366,"[0.0, 0.0, 0.0, 0.0, 0.0, 0.0]","[0.0, 0.0, 0.0, 0.9999760389328003, 2.8407314403011696e-06, 0.0]","[-31.96722412109375, -50.252899169921875, -4.223066329956055]","[-31.180816650390625, -50.54315185546875, -4.243594646453857]","[623.9747924804688, 1671.91650390625, 0.9548789262771606]","[-31.96722412109375, -50.252899169921875, -4.223066329956055]",pedestrian,0.041099194437265396,False,False,-1,False,False,False,False,,,False,22.613579591098862,,False,True,,0,0,False,False
b6_50iter,compound,recovery_1_5,fcbccedd61424f1b85dcbf8f897f9754,de7593d76648450e947ba0c203dee1b0,1533151609.947025,13,5,860,propagated,defer,defer,4.0,0.3747227191925049,0.0,0.0,0.0,0.9997308850288391,0.0,0.6776686906814575,"[0.0, 0.0, 0.0, 0.0, 0.0, 0.0]","[0.0, 0.0, 0.0, 0.9999518394470215, 5.1976569875119705e-24, 0.0]","[-12.1917724609375, -39.6812744140625, -2.9221954345703125]","[-12.136367797851562, -39.88568878173828, -2.83229398727417]","[620.009033203125, 1650.417236328125, 1.5216585397720337]","[-12.209656715393066, -39.88771057128906, -2.9221954345703125]",pedestrian,0.10555268824100494,False,True,102,False,False,False,False,,,False,4.089156019937442,,False,True,,0,0,False,False
b6_50iter,compound,recovery_1_5,fcbccedd61424f1b85dcbf8f897f9754,de7593d76648450e947ba0c203dee1b0,1533151609.947025,13,5,874,propagated,keep,recover,1.0,0.41783952713012695,0.1456446647644043,0.0334271602332592,0.0,0.9762985706329346,0.00013704641605727375,0.7651439309120178,"[0.0, 0.0, 0.0, 0.0, 1.0, 0.0]","[0.0, 0.0, 0.0, 0.9999724626541138, 0.0001370426471112296, 0.0]","[-32.35101318359375, -46.663330078125, -4.194267272949219]","[-31.457368850708008, -47.295989990234375, -4.216223239898682]","[626.6436767578125, 1670.0533447265625, 0.7902923822402954]","[-32.35101318359375, -46.663330078125, -4.194267272949219]",pedestrian,0.05325549095869064,True,False,-1,False,False,False,False,,,False,22.048042055899494,,False,True,,0,0,False,False
b6_50iter,compound,recovery_1_5,fcbccedd61424f1b85dcbf8f897f9754,de7593d76648450e947ba0c203dee1b0,1533151609.947025,13,5,877,propagated,defer,defer,3.0,0.432351291179657,0.0,0.0,0.0,0.9039503335952759,0.0,0.7466303706169128,"[0.0, 0.0, 0.0, 0.0, 0.0, 0.0]","[0.0, 0.0, 0.0, 0.999943733215332, 0.0, 0.0]","[-6.16827392578125, -35.941741943359375, -3.2329769134521484]","[-4.590694427490234, -39.398040771484375, -2.725259780883789]","[615.5551147460938, 1644.305908203125, 1.5190402269363403]","[-6.639956474304199, -40.167320251464844, -3.2329769134521484]",bicycle,0.0014441217062994838,False,False,-1,False,False,False,False,,,False,2.2425085219039254,,False,True,,0,0,False,False
b6_50iter,compound,recovery_1_5,fcbccedd61424f1b85dcbf8f897f9754,de7593d76648450e947ba0c203dee1b0,1533151609.947025,13,5,878,propagated,keep,recover,1.0,0.40268540382385254,0.49957704544067383,0.03221483156085014,0.0,0.9665665626525879,2.0118652344081056e-07,0.6928585171699524,"[0.0, 0.0, 0.07839787006378174, 0.0, 0.9216020703315735, 0.0]","[0.0, 0.0, 0.0, 0.9999809265136719, 2.0190930172248045e-07, 0.0]","[-16.10162353515625, -24.072296142578125, -2.2835693359375]","[-14.974540710449219, -25.029529571533203, -2.3515548706054688]","[633.2407836914062, 1643.0845947265625, 1.140222430229187]","[-16.1459903717041, -24.460901260375977, -2.2835693359375]",pedestrian,0.04381122812628746,True,False,-1,True,False,False,True,c97be344ac4143ffa69b0b5ed22f31c2,pedestrian,True,1.9091434904915399,1.0256197183068496,True,False,13,0,0,True,False
b6_50iter,compound,recovery_1_5,fcbccedd61424f1b85dcbf8f897f9754,de7593d76648450e947ba0c203dee1b0,1533151609.947025,13,5,891,propagated,defer,defer,1.0,0.3661428689956665,0.0,0.0,0.0,0.9662642478942871,0.0,0.7094406485557556,"[0.0, 0.0, 0.0, 0.0, 0.0, 0.0]","[0.0, 0.0, 0.0, 0.9999798536300659, 1.4661735825427513e-08, 0.0]","[-19.68182373046875, -32.23968505859375, -2.985382080078125]","[-18.416393280029297, -32.57365036010742, -2.9301583766937256]","[629.6355590820312, 1650.573974609375, 1.0519582033157349]","[-19.68182373046875, -32.23968505859375, -2.985382080078125]",pedestrian,0.03856080025434494,False,False,-1,False,False,False,False,,,False,6.461645433157218,,False,True,,0,0,False,False
b6_50iter,compound,recovery_1_5,fcbccedd61424f1b85dcbf8f897f9754,de7593d76648450e947ba0c203dee1b0,1533151609.947025,13,5,899,propagated,defer,defer,7.0,0.3394990861415863,0.0,0.0,0.0,0.9899365901947021,0.0,0.7735364437103271,"[0.0, 0.0, 0.0, 0.0, 0.0, 0.0]","[0.0, 0.0, 0.0, 0.9999103546142578, 0.0, 6.051523912518847e-22]","[10.66497802734375, -42.134429931640625, -2.5771007537841797]","[11.299358367919922, -41.86714553833008, -2.5736865997314453]","[603.4913330078125, 1633.6728515625, 1.6496180295944214]","[10.607245445251465, -41.703773498535156, -2.5771007537841797]",pedestrian,0.07133234292268753,False,True,193,False,False,False,False,,,False,3.5269077567090625,,False,True,,0,0,False,False
b6_50iter,compound,recovery_1_5,325cef682f064c55a255f2625c533b75,61a7bd24f88a46c2963280d8b13ac675,1538984239.948316,53,5,680,propagated,keep,recover,1.0,0.5397925972938538,1.2107009887695312,0.04318340867757797,0.0,0.9751715660095215,1.650662606600406e-09,0.7614620327949524,"[0.08736782521009445, 0.0, 0.3070841133594513, 0.0, 0.605548083782196, 0.0]","[0.0, 0.0, 0.0, 0.9999972581863403, 1.8660355483035573e-09, 0.0]","[-7.6326904296875, -14.50921630859375, -1.6862144470214844]","[-7.560832977294922, -12.744758605957031, -1.5778989791870117]","[716.54150390625, 1787.5350341796875, 1.1515300273895264]","[-7.679215908050537, -13.854418754577637, -1.6862144470214844]",pedestrian,0.2806057333946228,True,True,26,True,True,False,True,293abeb43b2a439abcd4ff08b981eeb9,pedestrian,True,1.4275017941415717,0.2046793715283402,True,False,13,0,0,True,False
b6_50iter,compound,recovery_1_5,325cef682f064c55a255f2625c533b75,61a7bd24f88a46c2963280d8b13ac675,1538984239.948316,53,5,733,propagated,defer,defer,4.0,0.3364669978618622,0.0,0.0,0.0,0.9886643290519714,0.0,0.6825840473175049,"[0.0, 0.0, 0.0, 0.0, 0.0, 0.0]","[0.0, 0.0, 0.0, 0.9999973773956299, 0.0, 0.0]","[4.259033203125, -42.2552490234375, -4.093994140625]","[4.993255615234375, -42.082550048828125, -4.1273298263549805]","[732.9508056640625, 1815.0115966796875, 0.3901005983352661]","[4.259032249450684, -42.2552490234375, -4.093994140625]",car,0.0020431906450539827,False,False,-1,False,False,False,False,,,False,7.280613997521232,,False,True,,0,0,False,False
b6_50iter,compound,recovery_1_5,325cef682f064c55a255f2625c533b75,61a7bd24f88a46c2963280d8b13ac675,1538984239.948316,53,5,827,propagated,defer,defer,1.0,0.3193347752094269,0.0,0.0,0.0,0.9845128655433655,0.0,0.7873271107673645,"[0.0, 0.0, 0.0, 0.0, 0.0, 0.0]","[0.0, 0.0, 0.0, 0.9999957084655762, 4.6229601364470435e-15, 0.0]","[-12.05352783203125, -27.33160400390625, -2.7517547607421875]","[-12.08218765258789, -26.47719383239746, -2.529097080230713]","[730.329833984375, 1791.9857177734375, 1.1583726406097412]","[-12.053528785705566, -27.33160400390625, -2.7517547607421875]",pedestrian,0.10629250854253769,False,True,67,False,False,False,False,,,False,3.4551982819745657,,False,True,,0,0,False,False
b6_50iter,compound,recovery_1_5,325cef682f064c55a255f2625c533b75,61a7bd24f88a46c2963280d8b13ac675,1538984239.948316,53,5,848,propagated,defer,defer,4.0,0.3194518983364105,0.0,0.0,0.0,0.9898676872253418,0.0,0.6845318078994751,"[0.0, 0.0, 0.0, 0.0, 0.0, 0.0]","[0.0, 0.0, 0.0, 0.9999973773956299, 0.0, 0.0]","[3.4503173828125, -41.6702880859375, -4.012596130371094]","[3.6458206176757812, -40.98401641845703, -4.015484809875488]","[732.8519897460938, 1813.273193359375, 0.44522345066070557]","[3.4503164291381836, -41.6702880859375, -4.012596130371094]",bicycle,0.0018976767314597964,False,False,-1,False,False,False,False,,,False,6.743382153819652,,False,True,,0,0,False,False
b6_50iter,compound,recovery_1_5,325cef682f064c55a255f2625c533b75,61a7bd24f88a46c2963280d8b13ac675,1538984239.948316,53,5,860,propagated,defer,defer,1.0,0.22929726541042328,0.0,0.0,0.0,0.9768901467323303,0.0,0.7905712127685547,"[0.0, 0.0, 0.0, 0.0, 0.0, 0.0]","[0.0, 0.0, 0.0, 0.9999959468841553, 3.908622100160181e-15, 0.0]","[-13.30596923828125, -30.73846435546875, -3.0374069213867188]","[-13.442092895507812, -29.68317985534668, -2.8453147411346436]","[733.7337036132812, 1792.7816162109375, 1.0695911645889282]","[-13.305970191955566, -30.73846435546875, -3.0374069213867188]",pedestrian,0.04533103108406067,False,True,178,False,False,False,True,0b4e0eb8ab06454d8904248794faa095,pedestrian,True,0.1548609878853718,1.2901359243188965e-06,True,False,,0,0,False,False
b6_50iter,compound,recovery_1_5,325cef682f064c55a255f2625c533b75,61a7bd24f88a46c2963280d8b13ac675,1538984239.948316,53,5,879,propagated,defer,defer,1.0,0.3668973743915558,0.0,0.0,0.0,0.9816805124282837,0.0,0.7866221070289612,"[0.0, 0.0, 0.0, 0.0, 0.0, 0.0]","[0.0, 0.0, 0.0, 0.9999934434890747, 5.394155928115283e-24, 0.0]","[-10.00067138671875, -31.30767822265625, -2.8335533142089844]","[-9.772602081298828, -30.41802215576172, -2.5490152835845947]","[732.147705078125, 1796.1707763671875, 1.3706172704696655]","[-10.000672340393066, -31.30767822265625, -2.8335533142089844]",pedestrian,0.16600368916988373,False,True,47,True,False,False,True,26ae4a920a9c4457909454cd8a84c959,pedestrian,True,1.3605930607034251,1.2699747028539793e-06,True,False,13,0,0,True,False
