candidate,protocol,phase,scene_token,sample_token,timestamp,batch_index,decoder_layer,query_index,query_source,action,previous_action,gap_age,base_positive_evidence,lost_strength,restoration_budget,actual_bonus,motion_gate,source_gate,reliability_gate,previous_source_vector,current_source_vector,previous_center,current_center,current_center_global,velocity_extrapolated_center,predicted_class,predicted_score,write_mask,memory_write,memory_slot,topk_selected,candidate_event,pending_event,confirmation_ready,confirmed_event,rejected_event,memory_isolated,pending_runtime_id,confirmed_runtime_id,future_1_exists,future_3_exists,future_5_exists,gt_matched,gt_token,gt_class,class_correct,center_distance,velocity_error,tp,fp,first_correct_recovery_frame,false_recovery_duration,memory_pollution_duration,b0_already_matched_gt,improved_gt_match_vs_b0
r2_a_zero,camera_crash_5,recovery_1_5,fcbccedd61424f1b85dcbf8f897f9754,fa65a298c01f44e7a182bbf9e5fe3697,1533151607.548824,8,5,655,propagated,defer,recover,1.0,0.4015122950077057,0.13503074645996094,0.03212098404765129,0.0,0.9031639695167542,1.0,0.7249476909637451,"[0.0, 0.0, 0.0, 0.0, 1.0, 0.0]","[0.0, 0.0, 0.0, 0.9998990297317505, 0.0, 0.0]","[-4.4727783203125, -17.782318115234375, -1.609182357788086]","[-2.9776039123535156, -20.643585205078125, -1.2705936431884766]","[615.0804443359375, 1642.7197265625, 1.624693751335144]","[-4.49532413482666, -22.27895736694336, -1.609182357788086]",barrier,5.641899406327866e-05,False,False,-1,False,True,True,False,False,False,True,0,-1,False,False,False,False,,,False,2.1051207313802487,,False,True,,0,0,False,False
r2_a_zero,camera_crash_5,recovery_1_5,fcbccedd61424f1b85dcbf8f897f9754,fa65a298c01f44e7a182bbf9e5fe3697,1533151607.548824,8,5,666,propagated,defer,recover,2.0,0.5851492285728455,1.317805290222168,0.046543899923563004,0.0,0.9951590299606323,1.0,0.6931020021438599,"[0.20396476984024048, 0.4038509726524353, 0.0, 0.0, 0.0, 0.392184317111969]","[0.0, 0.0, 0.0, 0.9997053742408752, 0.0, 5.165168034867933e-19]","[6.65521240234375, -20.262725830078125, -1.3687705993652344]","[6.645153045654297, -20.79389762878418, -0.877357006072998]","[608.8405151367188, 1635.3909912109375, 1.9832183122634888]","[6.664652347564697, -20.821630477905273, -1.3687705993652344]",pedestrian,0.07031115144491196,False,False,238,True,True,True,False,False,False,True,1,-1,True,True,False,True,aa0ab0cab40d4467aa12cd5c491829d3,pedestrian,True,0.4852452321918947,0.21845351947790434,True,False,8,0,0,True,False
r2_a_zero,camera_crash_5,recovery_1_5,fcbccedd61424f1b85dcbf8f897f9754,fa65a298c01f44e7a182bbf9e5fe3697,1533151607.548824,8,5,678,propagated,defer,recover,2.0,0.55060213804245,1.2053070068359375,0.04404817149043083,0.0,0.9958512187004089,1.0,0.7043511271476746,"[0.008604797534644604, 0.0, 0.39559340476989746, 0.0, 0.595801830291748, 0.0]","[0.0, 0.0, 0.0, 0.9998936653137207, 6.16813961717231e-21, 0.0]","[-9.171875, -26.2147216796875, -1.8539409637451172]","[-9.393226623535156, -26.95560073852539, -1.499464511871338]","[614.3092041015625, 1651.6888427734375, 1.7434747219085693]","[-9.124968528747559, -26.85434341430664, -1.8539409637451172]",pedestrian,0.0657997876405716,False,False,-1,False,True,True,False,False,False,True,2,-1,False,False,False,True,101185cd967c4b039511966867bd0c55,pedestrian,True,0.4441355587010656,0.06498688783990643,True,False,8,0,0,True,False
r2_a_zero,camera_crash_5,recovery_1_5,fcbccedd61424f1b85dcbf8f897f9754,fa65a298c01f44e7a182bbf9e5fe3697,1533151607.548824,8,5,687,propagated,defer,recover,1.0,0.5034345388412476,0.7848596572875977,0.040274761617183685,0.0,0.9989520907402039,1.0,0.6986775398254395,"[0.07971716672182083, 0.0, 0.40981531143188477, 0.0, 0.5104674696922302, 0.0]","[0.0, 0.0, 0.0, 0.999923586845398, 3.3133289541924585e-14, 0.0]","[-10.1826171875, -21.864501953125, -1.6494560241699219]","[-10.273380279541016, -22.536624908447266, -1.4404575824737549]","[618.2720947265625, 1649.5499267578125, 1.5825656652450562]","[-10.186758995056152, -22.501401901245117, -1.6494560241699219]",pedestrian,0.05948397144675255,False,False,-1,False,True,True,False,False,False,True,3,-1,True,True,False,True,09ed64da038c4baba2468c94874e1e19,pedestrian,True,0.4004001668761195,0.028413828529353837,True,False,8,0,0,True,False
r2_a_zero,camera_crash_5,recovery_1_5,fcbccedd61424f1b85dcbf8f897f9754,fa65a298c01f44e7a182bbf9e5fe3697,1533151607.548824,8,5,716,propagated,defer,defer,1.0,0.641356348991394,0.0,0.0,0.0,0.9784666299819946,1.0,0.706510066986084,"[0.0, 0.0, 0.0, 0.0, 0.0, 0.0]","[0.0, 0.0, 0.0, 0.9997274279594421, 0.0, 4.3641810011401924e-20]","[9.31463623046875, -29.72857666015625, -1.8851509094238281]","[8.682231903076172, -29.0944881439209, -1.1541647911071777]","[601.145751953125, 1639.1190185546875, 2.118046283721924]","[9.284383773803711, -29.53209686279297, -1.8851509094238281]",pedestrian,0.43081265687942505,False,False,4,True,True,True,False,False,False,True,4,-1,True,True,False,True,9e8c9ceb4d984442b41fcc25342df4b4,pedestrian,True,1.1825643528325616,0.20665572456552897,True,False,8,0,0,True,False
r2_a_zero,camera_crash_5,recovery_1_5,fcbccedd61424f1b85dcbf8f897f9754,fa65a298c01f44e7a182bbf9e5fe3697,1533151607.548824,8,5,741,propagated,defer,recover,2.0,0.5837610960006714,0.878535270690918,0.046543899923563004,0.0,0.9931914806365967,1.0,0.7023642063140869,"[0.0, 0.21097926795482635, 0.0, 0.0, 0.0, 0.7890207171440125]","[0.0, 0.0, 0.0, 0.9998669624328613, 0.0, 7.454928059417998e-13]","[9.977294921875, -22.687835693359375, -1.760812759399414]","[9.625144958496094, -22.915246963500977, -1.353546380996704]","[605.2904663085938, 1634.4642333984375, 1.6020662784576416]","[9.977294921875, -22.687835693359375, -1.760812759399414]",traffic_cone,0.025786390528082848,False,False,-1,False,True,True,False,False,False,True,5,-1,False,False,False,False,,,False,3.4182350206919074,,False,True,,0,0,False,False
r2_a_zero,camera_crash_5,recovery_1_5,fcbccedd61424f1b85dcbf8f897f9754,fa65a298c01f44e7a182bbf9e5fe3697,1533151607.548824,8,5,794,propagated,defer,defer,2.0,0.4808596670627594,0.0,0.0,0.0,0.9921633005142212,1.0,0.751109778881073,"[0.0, 0.0, 0.0, 0.0, 0.0, 0.0]","[0.0, 0.0, 0.0, 0.9997352957725525, 0.0, 7.921597134762787e-14]","[10.986328125, -27.05694580078125, -1.5927963256835938]","[10.62628173828125, -26.645729064941406, -1.1220324039459229]","[601.79052734375, 1636.06103515625, 2.017747402191162]","[10.978666305541992, -26.427589416503906, -1.5927963256835938]",pedestrian,0.14329835772514343,False,False,78,True,True,True,False,False,False,True,6,-1,False,False,False,False,,,False,2.661060885650657,,False,True,,0,0,False,False
r2_a_zero,camera_crash_5,recovery_1_5,fcbccedd61424f1b85dcbf8f897f9754,a98fba72bde9433fb882032d18aedb2e,1533151608.048151,9,5,22,base,defer,defer,0.0,0.5123769640922546,0.0,0.0,0.0,0.0,1.0,0.7686871886253357,"[0.0, 0.0, 0.0, 0.0, 0.0, 0.0]","[0.0, 0.0, 0.0, 0.9998403787612915, 0.0, 0.0]","[0.0, 0.0, 0.0]","[-1.4710311889648438, -30.45393943786621, -1.478943109512329]","[610.0902099609375, 1645.0328369140625, 1.773482322692871]","[0.0, 0.0, 0.0]",car,0.002634301083162427,False,False,-1,False,False,False,False,False,True,True,-1,-1,True,False,False,True,e891b3d6e16345b98532385e3a092bec,car,True,1.7227003297584105,1.0871338997322533,True,False,9,0,0,True,False
r2_a_zero,camera_crash_5,recovery_1_5,fcbccedd61424f1b85dcbf8f897f9754,a98fba72bde9433fb882032d18aedb2e,1533151608.048151,9,5,432,base,defer,defer,0.0,0.39075967669487,0.0,0.0,0.0,0.0,1.0,0.7242132425308228,"[0.0, 0.0, 0.0, 0.0, 0.0, 0.0]","[0.0, 0.0, 0.0, 0.999855637550354, 5.376305469536889e-27, 0.0]","[0.0, 0.0, 0.0]","[-8.707275390625, -31.9090633392334, -1.5448956489562988]","[613.6156616210938, 1651.517822265625, 1.7536036968231201]","[0.0, 0.0, 0.0]",pedestrian,0.20333507657051086,False,False,43,True,False,False,False,False,True,True,-1,-1,True,False,False,True,ead8e7366a4e42b68b1f4dc053697652,pedestrian,True,0.2807057052586981,0.21280292351687846,True,False,10,0,0,True,False
r2_a_zero,camera_crash_5,recovery_1_5,fcbccedd61424f1b85dcbf8f897f9754,a98fba72bde9433fb882032d18aedb2e,1533151608.048151,9,5,612,base,defer,defer,0.0,0.42100510001182556,0.0,0.0,0.0,0.0,1.0,0.7790799140930176,"[0.0, 0.0, 0.0, 0.0, 0.0, 0.0]","[0.0, 0.0, 0.0, 0.9998254179954529, 4.6797080764462645e-20, 0.0]","[0.0, 0.0, 0.0]","[-10.10385513305664, -28.146846771240234, -1.255544662475586]","[617.4049072265625, 1650.16943359375, 1.8636242151260376]","[0.0, 0.0, 0.0]",pedestrian,0.26262998580932617,False,False,25,True,False,False,False,False,True,True,-1,-1,True,False,False,True,5db23fd0e3e04ee5b67ef422e0587c05,pedestrian,True,0.7955511216982896,0.1781092126536705,True,False,9,0,0,True,False
r2_a_zero,camera_crash_5,recovery_1_5,fcbccedd61424f1b85dcbf8f897f9754,a98fba72bde9433fb882032d18aedb2e,1533151608.048151,9,5,631,base,defer,defer,0.0,0.516635537147522,0.0,0.0,0.0,0.0,1.0,0.7574259042739868,"[0.0, 0.0, 0.0, 0.0, 0.0, 0.0]","[0.0, 0.0, 0.0, 0.9997422099113464, 0.0, 1.100484470838287e-23]","[0.0, 0.0, 0.0]","[6.550067901611328, -25.784936904907227, -1.0908782482147217]","[608.5355224609375, 1635.876708984375, 1.9681087732315063]","[0.0, 0.0, 0.0]",pedestrian,0.012437716126441956,False,False,-1,False,False,False,False,False,True,True,-1,-1,True,True,False,True,ceb756ea79d746f391bac2cbc7b8a9be,pedestrian,True,0.7206141886109132,0.1573657029079693,True,False,9,0,0,True,False
r2_a_zero,camera_crash_5,recovery_1_5,fcbccedd61424f1b85dcbf8f897f9754,a98fba72bde9433fb882032d18aedb2e,1533151608.048151,9,5,691,propagated,defer,defer,0.0,0.41463592648506165,0.0,0.0,0.0,0.9982006549835205,1.0,0.7417961359024048,"[0.0, 0.0, 0.0, 1.0, 0.0, 1.0060744466419881e-18]","[0.0, 0.0, 0.0, 0.9997063279151917, 0.0, 7.07168176340234e-21]","[9.46435546875, -34.33258056640625, -1.3056221008300781]","[9.605216979980469, -33.583457946777344, -1.2462594509124756]","[600.5948486328125, 1638.53662109375, 2.1844496726989746]","[9.39224910736084, -33.7863655090332, -1.3056221008300781]",pedestrian,0.01667499542236328,False,False,-1,False,False,True,False,False,False,True,4,-1,False,False,False,False,,,False,2.1785915624042,,False,True,,1,0,False,False
r2_a_zero,camera_crash_5,recovery_1_5,fcbccedd61424f1b85dcbf8f897f9754,a98fba72bde9433fb882032d18aedb2e,1533151608.048151,9,5,735,propagated,defer,defer,0.0,0.4274318218231201,0.0,0.0,0.0,0.991645336151123,1.0,0.7596052289009094,"[0.0, 0.0, 0.0, 1.0, 0.0, 2.6443721480107554e-14]","[0.0, 0.0, 0.0, 0.9997071623802185, 0.0, 7.942153475604214e-17]","[11.444580078125, -32.022735595703125, -1.2784042358398438]","[11.067974090576172, -32.02977752685547, -1.2205429077148438]","[600.84765625, 1636.41796875, 2.1423044204711914]","[11.379070281982422, -31.464658737182617, -1.2784042358398438]",pedestrian,0.01087976898998022,False,False,-1,False,False,False,False,False,True,True,-1,-1,False,False,False,False,,,False,2.679609100529565,,False,True,,0,0,False,False
r2_a_zero,camera_crash_5,recovery_1_5,fcbccedd61424f1b85dcbf8f897f9754,a98fba72bde9433fb882032d18aedb2e,1533151608.048151,9,5,795,propagated,defer,defer,0.0,0.5107817053794861,0.0,0.0,0.0,0.9949809312820435,1.0,0.7673318386077881,"[0.0, 0.0, 0.0, 1.0, 0.0, 1.5021814347981888e-10]","[0.0, 0.0, 0.0, 0.9997877478599548, 0.0, 1.5479929621128874e-13]","[11.498779296875, -27.3946533203125, -1.5658016204833984]","[11.0771484375, -27.40033531188965, -1.2941722869873047]","[604.3856811523438, 1633.4454345703125, 1.8536357879638672]","[11.498779296875, -27.3946533203125, -1.5658016204833984]",traffic_cone,0.01147619727998972,False,False,-1,False,False,False,False,False,True,True,-1,-1,False,False,False,False,,,False,4.434664787206557,,False,True,,0,0,False,False
r2_a_zero,camera_crash_5,recovery_1_5,fcbccedd61424f1b85dcbf8f897f9754,b6b0d9f2f2e14a3aaa2c8aedeb1edb69,1533151608.54802,10,5,848,propagated,defer,keep,0.0,0.5298687219619751,0.0,0.0,0.0,0.9930954575538635,1.0,0.7432087063789368,"[0.0, 0.0, 0.0, 1.0, 0.0, 6.644509014142799e-22]","[0.0, 0.0, 0.0, 0.9998010993003845, 0.0, 8.284161936792213e-27]","[8.37567138671875, -38.0059814453125, -1.6785259246826172]","[8.058738708496094, -37.98919677734375, -1.6531548500061035]","[601.4658203125, 1639.532470703125, 2.194276809692383]","[8.322842597961426, -37.46381378173828, -1.6785259246826172]",pedestrian,0.01824420876801014,False,False,-1,False,False,True,False,False,False,True,4,-1,False,False,False,False,,,False,2.1681206354320905,,False,True,,0,0,False,False
r2_a_zero,camera_crash_5,recovery_1_5,fcbccedd61424f1b85dcbf8f897f9754,796b1988dd254f74bf2fb19ba9c5b8c6,1533151609.04789,11,5,713,propagated,defer,defer,0.0,0.35421475768089294,0.0,0.0,0.0,0.9791480302810669,1.0,0.7187383770942688,"[0.0, 0.0, 0.0, 1.0, 0.0, 6.074336945538193e-25]","[0.0, 0.0, 0.0, 0.9998924732208252, 0.0, 1.1771370872128272e-26]","[9.5980224609375, -40.821807861328125, -2.2235679626464844]","[8.720752716064453, -40.83583450317383, -2.3364081382751465]","[601.778076171875, 1638.2890625, 2.11295485496521]","[9.5399808883667, -40.227760314941406, -2.2235679626464844]",pedestrian,0.012477266602218151,False,False,-1,False,False,False,False,False,True,True,-1,-1,False,False,False,False,,,False,2.1461347409038964,,False,True,,0,0,False,False
r2_a_zero,camera_crash_5,recovery_1_5,325cef682f064c55a255f2625c533b75,5b7cb170eee6468aa1fdbd3abcf63c5a,1538984237.446737,48,5,741,propagated,defer,recover,1.0,0.4297291338443756,0.6273064613342285,0.034378331154584885,0.0,0.9709782004356384,1.0,0.6924658417701721,"[0.0, 0.0, 0.20080828666687012, 0.0, 0.7991917133331299, 0.0]","[0.0, 0.0, 0.0, 0.9999885559082031, 9.833701630768132e-10, 0.0]","[-14.5728759765625, -26.90325927734375, -1.9712677001953125]","[-14.519725799560547, -25.691238403320312, -1.944026231765747]","[737.1028442382812, 1805.5615234375, 1.0035098791122437]","[-14.572876930236816, -26.90325927734375, -1.9712677001953125]",bicycle,0.02057780511677265,False,False,-1,False,True,True,False,False,False,True,0,-1,False,False,False,True,4568d80512604a31a3adc93ff236bf5a,bicycle,True,1.038644462150776,2.221219448701909e-06,True,False,8,0,0,True,False
r2_a_zero,camera_crash_5,recovery_1_5,325cef682f064c55a255f2625c533b75,5b7cb170eee6468aa1fdbd3abcf63c5a,1538984237.446737,48,5,845,propagated,defer,defer,4.0,0.4021035432815552,0.0,0.0,0.0,0.9051268696784973,1.0,0.707398533821106,"[0.0, 0.0, 0.0, 0.0, 0.0, 0.0]","[0.0, 0.0, 0.0, 0.9999837875366211, 0.0, 0.0]","[-3.741241455078125, -28.6231689453125, -2.0000572204589844]","[-3.021137237548828, -26.933744430541992, -1.701688289642334]","[728.7748413085938, 1813.5870361328125, 1.2373195886611938]","[-4.348969459533691, -28.703447341918945, -2.0000572204589844]",pedestrian,0.04718000069260597,False,False,213,True,True,True,False,False,False,True,1,-1,False,False,False,False,,,False,5.249272978969507,,False,True,,0,0,False,False
r2_a_zero,camera_crash_5,recovery_1_5,325cef682f064c55a255f2625c533b75,5b7cb170eee6468aa1fdbd3abcf63c5a,1538984237.446737,48,5,847,propagated,defer,defer,4.0,0.3730085790157318,0.0,0.0,0.0,0.9512810111045837,1.0,0.7337639927864075,"[0.0, 0.0, 0.0, 0.0, 0.0, 0.0]","[0.0, 0.0, 0.0, 0.9999858140945435, 0.0, 0.0]","[-0.79913330078125, -25.07421875, -1.8847236633300781]","[-2.1892127990722656, -23.832046508789062, -1.5966169834136963]","[726.2145385742188, 1811.6458740234375, 1.2116243839263916]","[-1.3860554695129395, -25.162166595458984, -1.8847236633300781]",pedestrian,0.07686594128608704,False,False,147,True,True,True,False,False,False,True,2,-1,False,False,False,False,,,False,2.0540606791684795,,False,True,,0,0,False,False
r2_a_zero,camera_crash_5,recovery_1_5,325cef682f064c55a255f2625c533b75,5b7cb170eee6468aa1fdbd3abcf63c5a,1538984237.446737,48,5,857,propagated,defer,defer,4.0,0.47944310307502747,0.0,0.0,0.0,0.9747893810272217,1.0,0.7727953791618347,"[0.0, 0.0, 0.0, 0.0, 0.0, 0.0]","[0.0, 0.0, 0.0, 0.9999847412109375, 0.0, 0.0]","[-2.81610107421875, -24.1109619140625, -1.7810249328613281]","[-2.7449188232421875, -23.09027099609375, -1.522465705871582]","[726.1968994140625, 1810.7174072265625, 1.258331060409546]","[-3.4013524055480957, -23.972843170166016, -1.7810249328613281]",pedestrian,0.07758716493844986,False,False,144,True,True,True,False,False,False,True,3,-1,False,False,False,True,1549e245295746028d52a8225503af6c,pedestrian,True,1.5001631155367126,0.9544048270176337,True,False,,0,0,False,False
r2_a_zero,camera_crash_5,recovery_1_5,325cef682f064c55a255f2625c533b75,5b7cb170eee6468aa1fdbd3abcf63c5a,1538984237.446737,48,5,863,propagated,defer,defer,3.0,0.45389285683631897,0.0,0.0,0.0,0.9986007809638977,1.0,0.7944150567054749,"[0.0, 0.0, 0.0, 0.0, 0.0, 0.0]","[0.0, 0.0, 0.0, 0.9999858140945435, 2.469493343436282e-31, 0.0]","[-5.22808837890625, -23.45391845703125, -1.6957435607910156]","[-5.6976165771484375, -23.041431427001953, -1.5841505527496338]","[728.5009765625, 1808.869873046875, 1.2098486423492432]","[-5.8377861976623535, -23.236135482788086, -1.6957435607910156]",pedestrian,0.017517639324069023,False,False,-1,False,True,True,False,False,False,True,4,-1,False,False,False,False,,,False,3.9069552654661805,,False,True,,0,0,False,False
r2_a_zero,camera_crash_5,recovery_1_5,325cef682f064c55a255f2625c533b75,d8251bbc2105497ab8ec80827d4429aa,1538984237.947155,49,5,22,base,defer,defer,0.0,0.2820298671722412,0.0,0.0,0.0,0.0,1.0,0.7663795351982117,"[0.0, 0.0, 0.0, 0.0, 0.0, 0.0]","[0.0, 0.0, 0.0, 0.9999901056289673, 0.0, 0.0]","[0.0, 0.0, 0.0]","[-3.283527374267578, -28.704526901245117, -2.0955302715301514]","[729.1123657226562, 1812.48388671875, 1.0924137830734253]","[0.0, 0.0, 0.0]",pedestrian,0.023789571598172188,False,False,-1,False,False,False,False,False,True,True,-1,-1,False,False,False,False,,,False,5.264741036717301,,False,True,,0,0,False,False
r2_a_zero,camera_crash_5,recovery_1_5,325cef682f064c55a255f2625c533b75,d8251bbc2105497ab8ec80827d4429aa,1538984237.947155,49,5,314,base,defer,defer,0.0,0.4671734571456909,0.0,0.0,0.0,0.0,1.0,0.7528098821640015,"[0.0, 0.0, 0.0, 0.0, 0.0, 0.0]","[0.0, 0.0, 0.0, 0.9999887943267822, 2.6920458727876587e-14, 0.0]","[0.0, 0.0, 0.0]","[-13.669879913330078, -29.174657821655273, -2.1553304195404053]","[737.447021484375, 1806.268310546875, 1.1317909955978394]","[0.0, 0.0, 0.0]",pedestrian,0.0068914685398340225,False,False,-1,False,False,False,False,False,True,True,-1,-1,False,False,False,True,0cab2896be4349ed88f59c84642e4b87,bicycle,False,0.8528482353419902,2.104284822492571e-06,False,True,,0,0,True,False
r2_a_zero,camera_crash_5,recovery_1_5,325cef682f064c55a255f2625c533b75,d8251bbc2105497ab8ec80827d4429aa,1538984237.947155,49,5,481,base,defer,defer,0.0,0.5403961539268494,0.0,0.0,0.0,0.0,1.0,0.8075302839279175,"[0.0, 0.0, 0.0, 0.0, 0.0, 0.0]","[0.0, 0.0, 0.0, 0.9999874830245972, 3.7574459061359575e-38, 0.0]","[0.0, 0.0, 0.0]","[-4.8521881103515625, -25.892332077026367, -1.799673318862915]","[728.5363159179688, 1809.3067626953125, 1.2680362462997437]","[0.0, 0.0, 0.0]",pedestrian,0.017786620184779167,False,False,-1,False,False,False,False,False,True,True,-1,-1,False,False,False,False,,,False,6.313226425549644,,False,True,,0,0,False,False
r2_a_zero,camera_crash_5,recovery_1_5,325cef682f064c55a255f2625c533b75,d8251bbc2105497ab8ec80827d4429aa,1538984237.947155,49,5,690,propagated,defer,defer,0.0,0.3735949695110321,0.0,0.0,0.0,0.9953210949897766,1.0,0.7839243412017822,"[0.0, 0.0, 0.0, 1.0, 0.0, 0.0]","[0.0, 0.0, 0.0, 0.999988317489624, 0.0, 0.0]","[-1.372222900390625, -26.69500732421875, -1.8898811340332031]","[-2.5096359252929688, -26.54635238647461, -1.8598182201385498]","[727.1399536132812, 1811.2984619140625, 1.2211594581604004]","[-2.052898406982422, -26.70440673828125, -1.8898811340332031]",pedestrian,0.005755819380283356,False,False,-1,False,False,False,False,False,True,True,-1,-1,False,False,False,False,,,False,3.9539151834626343,,False,True,,0,0,False,False
r2_a_zero,camera_crash_5,recovery_1_5,325cef682f064c55a255f2625c533b75,d8251bbc2105497ab8ec80827d4429aa,1538984237.947155,49,5,853,propagated,defer,defer,0.0,0.3787517547607422,0.0,0.0,0.0,0.9954171180725098,1.0,0.7477505803108215,"[0.0, 0.0, 0.0, 1.0, 0.0, 0.0]","[0.0, 0.0, 0.0, 0.99998939037323, 0.0, 0.0]","[-1.866455078125, -24.51690673828125, -1.778839111328125]","[-2.424793243408203, -24.897794723510742, -1.8045506477355957]","[726.0294189453125, 1810.076171875, 1.1986182928085327]","[-2.5360617637634277, -24.43235969543457, -1.778839111328125]",pedestrian,0.0026140508707612753,False,False,-1,False,False,False,False,False,True,True,-1,-1,False,False,False,False,,,False,4.145451737670221,,False,True,,0,0,False,False
r2_a_zero,camera_crash_10,recovery_1_5,fcbccedd61424f1b85dcbf8f897f9754,de7593d76648450e947ba0c203dee1b0,1533151609.947025,13,5,658,propagated,defer,recover,2.0,0.5440827012062073,1.9921531677246094,0.04352661594748497,0.0,0.976920485496521,1.0,0.6942459940910339,"[0.23017063736915588, 0.0, 0.34321922063827515, 0.0, 0.42661014199256897, 0.0]","[0.0, 0.0, 0.0, 0.9999736547470093, 2.7193108875778194e-11, 0.0]","[-13.6055908203125, -23.95159912109375, -2.1490001678466797]","[-12.829414367675781, -25.14712905883789, -2.173044443130493]","[631.7838745117188, 1641.5040283203125, 1.3026599884033203]","[-13.655277252197266, -24.4507999420166, -2.1490001678466797]",pedestrian,0.06804431974887848,False,False,208,True,True,True,False,False,False,True,0,-1,True,True,True,True,84b1b1dde33e44bea0d99dc3094fd49a,pedestrian,True,0.47077143715558234,0.20862122242632514,True,False,13,0,0,True,False
r2_a_zero,camera_crash_10,recovery_1_5,fcbccedd61424f1b85dcbf8f897f9754,de7593d76648450e947ba0c203dee1b0,1533151609.947025,13,5,659,propagated,defer,recover,2.0,0.5890506505966187,1.9411115646362305,0.046543899923563004,0.0,0.9610914587974548,1.0,0.7235383987426758,"[0.41910845041275024, 0.32653573155403137, 0.0, 0.0, 0.0, 0.254355788230896]","[0.0, 0.0, 0.0, 0.9999749660491943, 0.0, 1.943235988415622e-16]","[5.15399169921875, -16.7901611328125, -1.7321414947509766]","[6.436073303222656, -17.606483459472656, -1.7366130352020264]","[625.24755859375, 1621.8714599609375, 1.0810580253601074]","[5.077643871307373, -17.233739852905273, -1.7321414947509766]",pedestrian,0.07440488040447235,False,False,178,True,True,True,False,False,False,True,1,-1,True,True,True,True,0e9b314c6a1f41189116b67fb257d8ba,pedestrian,True,0.7193652802322048,0.0996080314334969,True,False,13,0,0,True,False
r2_a_zero,camera_crash_10,recovery_1_5,fcbccedd61424f1b85dcbf8f897f9754,de7593d76648450e947ba0c203dee1b0,1533151609.947025,13,5,667,propagated,defer,defer,2.0,0.534895122051239,0.0,0.0,0.0,0.955470621585846,1.0,0.7478633522987366,"[0.0, 0.0, 0.0, 0.0, 0.0, 0.0]","[0.0, 0.0, 0.0, 0.9999524354934692, 7.811714324349948e-31, 0.0]","[-11.931640625, -44.655426025390625, -3.388721466064453]","[-10.52054214477539, -45.53394317626953, -3.2358272075653076]","[614.6259765625, 1652.80322265625, 1.4406269788742065]","[-11.981163024902344, -45.18641662597656, -3.388721466064453]",pedestrian,0.3019450008869171,False,False,9,True,True,True,False,False,False,True,2,-1,False,False,False,False,,,False,2.4103093833702816,,False,True,,0,0,False,False
r2_a_zero,camera_crash_10,recovery_1_5,fcbccedd61424f1b85dcbf8f897f9754,de7593d76648450e947ba0c203dee1b0,1533151609.947025,13,5,681,propagated,defer,recover,3.0,0.5915164351463318,1.9950227737426758,0.046543899923563004,0.0,0.977692723274231,1.0,0.7068014740943909,"[0.18184323608875275, 0.4739407002925873, 0.0, 0.0, 0.0, 0.34421607851982117]","[0.0, 0.0, 0.0, 0.9999630451202393, 0.0, 2.5057259653631053e-21]","[5.73236083984375, -22.15936279296875, -2.0272884368896484]","[6.631996154785156, -23.08465003967285, -1.9889321327209473]","[620.9102172851562, 1625.232177734375, 1.1558433771133423]","[5.668137073516846, -22.640243530273438, -2.0272884368896484]",pedestrian,0.06253428012132645,False,False,233,True,True,True,False,False,False,True,3,-1,True,True,True,True,b73d145dba9145689b3ff2621c381fe4,pedestrian,True,1.314828751657414,0.5753393790989033,True,False,13,0,0,True,False
r2_a_zero,camera_crash_10,recovery_1_5,fcbccedd61424f1b85dcbf8f897f9754,de7593d76648450e947ba0c203dee1b0,1533151609.947025,13,5,682,propagated,defer,recover,3.0,0.4761214256286621,2.669370651245117,0.03808971494436264,0.0,0.9746090769767761,1.0,0.7722983360290527,"[0.3410067856311798, 0.0, 0.276559978723526, 0.0, 0.3824332058429718, 0.0]","[0.0, 0.0, 0.0, 0.9999747276306152, 9.756500813215629e-21, 0.0]","[-9.251220703125, -22.926300048828125, -2.121255874633789]","[-8.122077941894531, -22.851795196533203, -2.047564744949341]","[630.534912109375, 1636.4168701171875, 1.240147352218628]","[-9.251220703125, -22.926298141479492, -2.121255874633789]",pedestrian,0.05818793550133705,False,False,-1,False,True,True,False,False,False,True,4,-1,True,True,True,True,e833662c5eb64d2580f877fee97117c5,pedestrian,True,0.2475543287605151,0.27003928270557304,True,False,13,0,0,True,False
r2_a_zero,camera_crash_10,recovery_1_5,fcbccedd61424f1b85dcbf8f897f9754,de7593d76648450e947ba0c203dee1b0,1533151609.947025,13,5,683,propagated,defer,defer,2.0,0.5273871421813965,0.0,0.0,0.0,0.9707397818565369,1.0,0.7481333613395691,"[0.0, 0.0, 0.0, 0.0, 0.0, 0.0]","[0.0, 0.0, 0.0, 0.9999514818191528, 4.090590301799001e-33, 0.0]","[-11.0977783203125, -47.20965576171875, -3.569620132446289]","[-9.995899200439453, -47.532264709472656, -3.3549442291259766]","[612.7525634765625, 1653.6822509765625, 1.4360653162002563]","[-11.171854019165039, -47.7686653137207, -3.569620132446289]",pedestrian,0.24499496817588806,False,False,13,True,True,True,False,False,False,True,5,-1,False,False,False,True,7a0cca0f12d547518dd80d8df2c501bb,pedestrian,True,1.9457123523865258,0.5440959197762528,True,False,,0,0,False,False
r2_a_zero,camera_crash_10,recovery_1_5,fcbccedd61424f1b85dcbf8f897f9754,de7593d76648450e947ba0c203dee1b0,1533151609.947025,13,5,690,propagated,defer,recover,1.0,0.5253984928131104,1.0221986770629883,0.04203187674283981,0.0,0.9897956252098083,1.0,0.7390179634094238,"[0.15055231750011444, 0.4256480932235718, 0.0, 0.0, 0.0, 0.4237995445728302]","[0.0, 0.0, 0.0, 0.9999769926071167, 0.0, 2.854108629435359e-07]","[7.45794677734375, -14.875244140625, -1.57391357421875]","[8.152641296386719, -14.669612884521484, -1.535341739654541]","[626.4088745117188, 1618.667724609375, 1.0874851942062378]","[7.463813781738281, -14.4776029586792, -1.57391357421875]",pedestrian,0.05968454107642174,False,False,250,True,True,True,False,False,False,True,6,-1,True,True,True,True,16a95164fcdd44e99cf99a93dd13b017,pedestrian,True,0.975305823323693,0.6557175803891295,True,False,13,0,0,True,False
r2_a_zero,camera_crash_10,recovery_1_5,fcbccedd61424f1b85dcbf8f897f9754,de7593d76648450e947ba0c203dee1b0,1533151609.947025,13,5,693,propagated,defer,recover,3.0,0.49671611189842224,1.0786371231079102,0.039737287908792496,0.0,0.9638314843177795,1.0,0.7222948670387268,"[5.221805597542596e-26, 0.4612205922603607, 0.0, 0.0, 0.0, 0.5387794375419617]","[0.0, 0.0, 0.0, 0.9999743700027466, 0.0, 1.1048169609163979e-18]","[5.02716064453125, -18.192474365234375, -1.8755226135253906]","[6.231170654296875, -18.94432830810547, -1.833193063735962]","[624.3488159179688, 1622.887939453125, 1.0671125650405884]","[5.003745079040527, -18.366769790649414, -1.8755226135253906]",pedestrian,0.04780692607164383,False,False,-1,False,True,True,False,False,False,True,7,-1,True,True,True,True,ebc5a02f9ea64bbd9f3ccc3b84563d35,pedestrian,True,0.40799187799892955,0.19080316898601088,True,False,13,0,0,True,False
r2_a_zero,camera_crash_10,recovery_1_5,fcbccedd61424f1b85dcbf8f897f9754,de7593d76648450e947ba0c203dee1b0,1533151609.947025,13,5,694,propagated,defer,recover,2.0,0.4878411293029785,1.6342277526855469,0.03902728855609894,0.0,0.9747411608695984,1.0,0.7198097705841064,"[0.3486437201499939, 0.3883531391620636, 0.0, 0.0, 0.0, 0.2630031406879425]","[0.0, 0.0, 0.0, 0.9999741315841675, 0.0, 3.485265126807466e-18]","[5.347412109375, -18.576141357421875, -1.892740249633789]","[6.411731719970703, -19.05837631225586, -1.8416941165924072]","[624.1453247070312, 1622.822509765625, 1.063551902770996]","[5.325617790222168, -18.747060775756836, -1.892740249633789]",pedestrian,0.049947869032621384,False,False,-1,False,True,True,False,False,False,True,8,-1,True,True,True,True,ebc5a02f9ea64bbd9f3ccc3b84563d35,pedestrian,True,0.3384747195929408,0.18546613869559753,True,False,13,0,0,True,False
r2_a_zero,camera_crash_10,recovery_1_5,fcbccedd61424f1b85dcbf8f897f9754,de7593d76648450e947ba0c203dee1b0,1533151609.947025,13,5,703,propagated,defer,recover,2.0,0.5166116952896118,1.9854469299316406,0.04132893308997154,0.0,0.9527231454849243,1.0,0.6810864210128784,"[0.25070706009864807, 0.0, 0.33573296666145325, 0.0, 0.4135599732398987, 0.0]","[0.0, 0.0, 0.0, 0.9999754428863525, 1.964195889270215e-10, 0.0]","[-14.6937255859375, -24.20526123046875, -2.2002830505371094]","[-13.283245086669922, -25.145614624023438, -2.2091140747070312]","[632.0742797851562, 1641.853271484375, 1.2713898420333862]","[-14.775740623474121, -24.705244064331055, -2.2002830505371094]",pedestrian,0.036455653607845306,False,False,-1,False,True,True,False,False,False,True,9,-1,True,True,True,True,84b1b1dde33e44bea0d99dc3094fd49a,pedestrian,True,0.5847274928124733,0.2183971135046965,True,False,13,0,0,True,False
r2_a_zero,camera_crash_10,recovery_1_5,fcbccedd61424f1b85dcbf8f897f9754,de7593d76648450e947ba0c203dee1b0,1533151609.947025,13,5,707,propagated,defer,defer,5.0,0.5479990243911743,0.0,0.0,0.0,0.9726881980895996,1.0,0.7533442974090576,"[0.0, 0.0, 0.0, 0.0, 0.0, 0.0]","[0.0, 0.0, 0.0, 0.9999376535415649, 0.0, 2.4794039614970617e-22]","[9.70806884765625, -40.96099853515625, -2.8972816467285156]","[10.882118225097656, -41.02931213378906, -2.858245372772217]","[604.3899536132812, 1633.471435546875, 1.3197482824325562]","[9.708067893981934, -40.96099853515625, -2.8972816467285156]",traffic_cone,0.17872510850429535,False,False,30,True,True,True,False,False,False,True,10,-1,False,False,False,False,,,False,3.4755792212663676,,False,True,,0,0,False,False
r2_a_zero,camera_crash_10,recovery_1_5,fcbccedd61424f1b85dcbf8f897f9754,de7593d76648450e947ba0c203dee1b0,1533151609.947025,13,5,708,propagated,defer,recover,2.0,0.5413123369216919,1.9889516830444336,0.043304987251758575,0.0,0.9617531299591064,1.0,0.6770651340484619,"[0.3229507803916931, 0.43496865034103394, 0.0, 0.0, 0.0, 0.24208059906959534]","[0.0, 0.0, 0.0, 0.9999722242355347, 0.0, 2.5622778638406674e-12]","[7.010009765625, -15.898651123046875, -1.6206436157226562]","[7.557994842529297, -17.198444366455078, -1.6725525856018066]","[624.8446044921875, 1620.7462158203125, 1.1085917949676514]","[7.009067535400391, -15.915533065795898, -1.6206436157226562]",pedestrian,0.05329716578125954,False,False,-1,False,True,True,False,False,False,True,11,-1,True,True,True,True,bff8170575c24b5d8714061f5349892b,pedestrian,True,0.28334485096307344,0.306969099375548,True,False,13,0,0,True,False
r2_a_zero,camera_crash_10,recovery_1_5,fcbccedd61424f1b85dcbf8f897f9754,de7593d76648450e947ba0c203dee1b0,1533151609.947025,13,5,710,propagated,defer,defer,2.0,0.41833654046058655,0.0,0.0,0.0,0.9809073805809021,1.0,0.7290025353431702,"[0.0, 0.0, 0.0, 0.0, 0.0, 0.0]","[0.0, 0.0, 0.0, 0.9999170303344727, 0.0, 1.1970251755496889e-31]","[5.925537109375, -39.5775146484375, -2.454214096069336]","[6.656669616699219, -40.495361328125, -2.5323004722595215]","[607.518310546875, 1636.3602294921875, 1.6579536199569702]","[5.94167423248291, -39.82712173461914, -2.454214096069336]",pedestrian,0.1589176505804062,False,False,41,True,True,True,False,False,False,True,12,-1,False,False,False,False,,,False,2.2143631179747394,,False,True,,0,0,False,False
r2_a_zero,camera_crash_10,recovery_1_5,fcbccedd61424f1b85dcbf8f897f9754,de7593d76648450e947ba0c203dee1b0,1533151609.947025,13,5,730,propagated,defer,recover,2.0,0.4422834515571594,2.0182390213012695,0.035382676869630814,0.0,0.96388179063797,1.0,0.6944387555122375,"[0.0816095843911171, 0.0, 0.36025869846343994, 0.0, 0.558131754398346, 0.0]","[0.0, 0.0, 0.0, 0.999981164932251, 1.7288080300659203e-08, 0.0]","[-16.67626953125, -26.497406005859375, -2.483427047729492]","[-15.521926879882812, -27.207881927490234, -2.5287296772003174]","[631.9134521484375, 1644.90478515625, 1.099906325340271]","[-16.67626953125, -26.497406005859375, -2.483427047729492]",pedestrian,0.023944681510329247,False,False,-1,False,True,True,False,False,False,True,13,-1,False,False,False,True,c97be344ac4143ffa69b0b5ed22f31c2,pedestrian,True,0.35226026395940396,1.004391806823399e-07,True,False,13,0,0,True,False
r2_a_zero,camera_crash_10,recovery_1_5,fcbccedd61424f1b85dcbf8f897f9754,de7593d76648450e947ba0c203dee1b0,1533151609.947025,13,5,732,propagated,defer,defer,1.0,0.35143932700157166,0.0,0.0,0.0,0.9199654459953308,1.0,0.7748769521713257,"[0.0, 0.0, 0.0, 0.0, 0.0, 0.0]","[0.0, 0.0, 0.0, 0.9999788999557495, 1.4643947165993154e-10, 0.0]","[-13.349609375, -21.133880615234375, -2.0805606842041016]","[-11.941108703613281, -22.612751007080078, -2.0852510929107666]","[633.1624145507812, 1639.1988525390625, 1.2287741899490356]","[-13.349610328674316, -21.133880615234375, -2.0805606842041016]",pedestrian,0.11187536269426346,False,False,80,True,True,True,False,False,False,True,14,-1,False,False,False,False,,,False,2.05467598172712,,False,True,,0,0,False,False
r2_a_zero,camera_crash_10,recovery_1_5,fcbccedd61424f1b85dcbf8f897f9754,de7593d76648450e947ba0c203dee1b0,1533151609.947025,13,5,734,propagated,defer,defer,2.0,0.42078354954719543,0.0,0.0,0.0,0.9940556287765503,1.0,0.7299429178237915,"[0.0, 0.0, 0.0, 0.0, 0.0, 0.0]","[0.0, 0.0, 0.0, 0.9999520778656006, 2.6172018683862482e-36, 0.0]","[-8.92047119140625, -46.696319580078125, -3.56744384765625]","[-8.770805358886719, -47.691707611083984, -3.3883614540100098]","[611.8443603515625, 1652.8448486328125, 1.3992575407028198]","[-9.008386611938477, -47.2338981628418, -3.56744384765625]",pedestrian,0.1695679873228073,False,False,36,True,True,True,False,False,False,True,15,-1,False,False,False,True,7a0cca0f12d547518dd80d8df2c501bb,pedestrian,True,0.8534332092255661,0.5693066530647503,True,False,,0,0,False,False
r2_a_zero,camera_crash_10,recovery_1_5,fcbccedd61424f1b85dcbf8f897f9754,de7593d76648450e947ba0c203dee1b0,1533151609.947025,13,5,753,propagated,defer,defer,1.0,0.3289138972759247,0.0,0.0,0.0,0.9893819093704224,1.0,0.754801869392395,"[0.0, 0.0, 0.0, 0.0, 0.0, 0.0]","[0.0, 0.0, 0.0, 0.9999734163284302, 7.775732228765264e-05, 0.0]","[-32.4794921875, -48.074951171875, -4.18267822265625]","[-31.804555892944336, -48.35363006591797, -4.2060394287109375]","[626.05517578125, 1670.9951171875, 0.8676110506057739]","[-32.4794921875, -48.074951171875, -4.18267822265625]",pedestrian,0.08882606029510498,False,False,111,True,True,True,False,False,False,True,16,-1,False,False,False,False,,,False,22.606385854359715,,False,True,,0,0,False,False
r2_a_zero,camera_crash_10,recovery_1_5,fcbccedd61424f1b85dcbf8f897f9754,de7593d76648450e947ba0c203dee1b0,1533151609.947025,13,5,769,propagated,defer,recover,1.0,0.47571316361427307,0.9273233413696289,0.038057051599025726,0.0,0.9912025928497314,1.0,0.6734443306922913,"[0.02162541076540947, 0.0, 0.3686997890472412, 0.0, 0.6096748113632202, 0.0]","[0.0, 0.0, 0.0, 0.9999756813049316, 3.2694402761990204e-05, 0.0]","[-18.08465576171875, -26.366912841796875, -2.5248031616210938]","[-17.502666473388672, -26.67456817626953, -2.6167283058166504]","[633.5875244140625, 1646.08935546875, 1.0011202096939087]","[-18.08465576171875, -26.366912841796875, -2.5248031616210938]",pedestrian,0.024120762944221497,False,False,-1,False,True,True,False,False,False,True,17,-1,False,False,False,False,,,False,2.145339593556357,,False,True,,3,0,False,False
r2_a_zero,camera_crash_10,recovery_1_5,fcbccedd61424f1b85dcbf8f897f9754,de7593d76648450e947ba0c203dee1b0,1533151609.947025,13,5,780,propagated,defer,recover,1.0,0.3551958203315735,0.36919403076171875,0.02841566503047943,0.0,0.9770292043685913,1.0,0.6860455274581909,"[0.0, 0.0, 0.0, 0.0, 1.0, 0.0]","[0.0, 0.0, 0.0, 0.9999438524246216, 0.00020847388077527285, 0.0]","[-15.84613037109375, -21.257293701171875, -2.169321060180664]","[-14.95621109008789, -21.855361938476562, -2.280200958251953]","[635.6665649414062, 1641.0396728515625, 1.020782709121704]","[-15.84613037109375, -21.257293701171875, -2.169321060180664]",pedestrian,0.02216447703540325,False,False,-1,False,True,True,False,False,False,True,18,-1,False,False,False,False,,,False,2.9936083265691322,,False,True,,5,0,False,False
r2_a_zero,camera_crash_10,recovery_1_5,fcbccedd61424f1b85dcbf8f897f9754,de7593d76648450e947ba0c203dee1b0,1533151609.947025,13,5,783,propagated,defer,defer,1.0,0.4584733247756958,0.0,0.0,0.0,0.9736966490745544,1.0,0.7521654367446899,"[0.0, 0.0, 0.0, 0.0, 0.0, 0.0]","[0.0, 0.0, 0.0, 0.9999529123306274, 2.360231848823961e-30, 0.0]","[-11.483154296875, -43.628936767578125, -3.393648147583008]","[-10.542774200439453, -44.700096130371094, -3.1895792484283447]","[615.2816162109375, 1652.285400390625, 1.4369903802871704]","[-11.552715301513672, -44.179378509521484, -3.393648147583008]",pedestrian,0.13608233630657196,False,False,58,True,True,True,False,False,False,True,19,-1,False,False,False,True,2f009793dd694578990c045dc8c77e31,pedestrian,True,1.6414775293868098,0.5304325713882441,True,False,,0,0,False,False
r2_a_zero,camera_crash_10,recovery_1_5,fcbccedd61424f1b85dcbf8f897f9754,de7593d76648450e947ba0c203dee1b0,1533151609.947025,13,5,793,propagated,defer,recover,1.0,0.5489917993545532,0.7778482437133789,0.04391934350132942,0.0,0.9803204536437988,1.0,0.678406834602356,"[0.0, 0.0, 0.15095186233520508, 0.0, 0.8490481376647949, 0.0]","[0.0, 0.0, 0.0, 0.9999592304229736, 0.00023189863713923842, 0.0]","[-20.38836669921875, -28.280242919921875, -2.7093467712402344]","[-19.686017990112305, -28.98333168029785, -2.787844657897949]","[633.2081298828125, 1649.2489013671875, 0.9920631647109985]","[-20.38836669921875, -28.280242919921875, -2.7093467712402344]",pedestrian,0.021011410281062126,False,False,-1,False,True,True,False,False,False,True,20,-1,False,False,False,False,,,False,4.804352636220617,,False,True,,1,0,False,False
r2_a_zero,camera_crash_10,recovery_1_5,fcbccedd61424f1b85dcbf8f897f9754,de7593d76648450e947ba0c203dee1b0,1533151609.947025,13,5,819,propagated,defer,defer,1.0,0.41558220982551575,0.0,0.0,0.0,0.9737456440925598,1.0,0.7547460198402405,"[0.0, 0.0, 0.0, 0.0, 0.0, 0.0]","[0.0, 0.0, 0.0, 0.9999525547027588, 2.052002746662258e-35, 0.0]","[-9.8804931640625, -45.540679931640625, -3.591329574584961]","[-8.847858428955078, -46.243125915527344, -3.300858974456787]","[613.00830078125, 1651.974609375, 1.4004942178726196]","[-9.954071998596191, -46.094207763671875, -3.591329574584961]",pedestrian,0.12972122430801392,False,False,66,True,True,True,False,False,False,True,21,-1,False,False,False,False,,,False,2.201443134825381,,False,True,,0,0,False,False
r2_a_zero,camera_crash_10,recovery_1_5,fcbccedd61424f1b85dcbf8f897f9754,de7593d76648450e947ba0c203dee1b0,1533151609.947025,13,5,843,propagated,defer,defer,1.0,0.2420518696308136,0.0,0.0,0.0,0.980634868144989,1.0,0.6722318530082703,"[0.0, 0.0, 0.0, 0.0, 0.0, 0.0]","[0.0, 0.0, 0.0, 0.9999697208404541, 0.0, 3.041325177810528e-11]","[7.52227783203125, -18.076812744140625, -1.6571331024169922]","[8.479534149169922, -18.465225219726562, -1.7456145286560059]","[623.2799072265625, 1620.85107421875, 1.1018850803375244]","[7.516229629516602, -18.260358810424805, -1.6571331024169922]",pedestrian,0.039935968816280365,False,False,-1,False,True,True,False,False,False,True,22,-1,True,True,True,True,4eb1a864acc24ef89aa487d5002cc071,pedestrian,True,1.0536504829815383,0.06732543370100319,True,False,13,0,0,True,False
r2_a_zero,camera_crash_10,recovery_1_5,fcbccedd61424f1b85dcbf8f897f9754,de7593d76648450e947ba0c203dee1b0,1533151609.947025,13,5,848,propagated,defer,recover,1.0,0.4912019371986389,0.6324801445007324,0.03929615393280983,0.0,0.9701224565505981,1.0,0.673323929309845,"[0.0, 0.0, 0.003476035315543413, 0.0, 0.996523916721344, 0.0]","[0.0, 0.0, 0.0, 0.9999570846557617, 0.0002391035814071074, 0.0]","[-19.94085693359375, -27.259552001953125, -2.6177825927734375]","[-18.74658203125, -27.548131942749023, -2.7019011974334717]","[633.7107543945312, 1647.606689453125, 0.9817436933517456]","[-19.94085693359375, -27.259552001953125, -2.6177825927734375]",pedestrian,0.018841806799173355,False,False,-1,False,True,True,False,False,False,True,23,-1,False,False,False,False,,,False,3.4445528171137325,,False,True,,3,0,False,False
r2_a_zero,camera_crash_10,recovery_1_5,fcbccedd61424f1b85dcbf8f897f9754,de7593d76648450e947ba0c203dee1b0,1533151609.947025,13,5,852,propagated,defer,recover,1.0,0.4438747763633728,0.6793460845947266,0.03550998121500015,0.0,0.9756314754486084,1.0,0.7146987318992615,"[0.0, 0.0, 0.16803978383541107, 0.0, 0.8319602012634277, 0.0]","[0.0, 0.0, 0.0, 0.9999802112579346, 3.0793287351116305e-06, 0.0]","[-19.42803955078125, -29.4344482421875, -2.708852767944336]","[-18.329002380371094, -29.276660919189453, -2.736009359359741]","[632.1161499023438, 1648.3917236328125, 1.046981692314148]","[-19.42803955078125, -29.4344482421875, -2.708852767944336]",pedestrian,0.01543673500418663,False,False,-1,False,True,True,False,False,False,True,24,-1,False,False,False,False,,,False,3.8081524884405913,,False,True,,0,0,False,False
r2_a_zero,camera_crash_10,recovery_1_5,fcbccedd61424f1b85dcbf8f897f9754,de7593d76648450e947ba0c203dee1b0,1533151609.947025,13,5,853,propagated,defer,recover,1.0,0.3705194592475891,0.8706579208374023,0.02964155562222004,0.0,0.9787901043891907,1.0,0.7165446281433105,"[0.011449511162936687, 0.0, 0.3788008689880371, 0.0, 0.6097496747970581, 0.0]","[0.0, 0.0, 0.0, 0.9999816417694092, 1.8712460132519482e-06, 0.0]","[-17.764404296875, -26.751007080078125, -2.535684585571289]","[-16.74665069580078, -26.935508728027344, -2.580852746963501]","[632.9046630859375, 1645.673828125, 1.044552206993103]","[-17.764404296875, -26.751007080078125, -2.535684585571289]",pedestrian,0.01545453630387783,False,False,-1,False,True,True,False,False,False,True,25,-1,False,False,False,True,c97be344ac4143ffa69b0b5ed22f31c2,pedestrian,True,1.3794460471356873,2.0960794626528622e-07,True,False,13,0,0,True,False
r2_a_zero,camera_crash_10,recovery_1_5,fcbccedd61424f1b85dcbf8f897f9754,de7593d76648450e947ba0c203dee1b0,1533151609.947025,13,5,855,propagated,defer,recover,1.0,0.44962969422340393,0.6947793960571289,0.03597037494182587,0.0,0.9800726771354675,1.0,0.7089340686798096,"[0.0, 0.0, 0.1706826537847519, 0.0, 0.8293173313140869, 0.0]","[0.0, 0.0, 0.0, 0.9999786615371704, 1.1392180567781907e-05, 0.0]","[-19.7484130859375, -29.05120849609375, -2.684326171875]","[-18.773468017578125, -29.276166915893555, -2.7571537494659424]","[632.4003295898438, 1648.733642578125, 1.0305705070495605]","[-19.7484130859375, -29.05120849609375, -2.684326171875]",pedestrian,0.015900393947958946,False,False,-1,False,True,True,False,False,False,True,26,-1,False,False,False,False,,,False,4.163656976155736,,False,True,,1,0,False,False
r2_a_zero,camera_crash_10,recovery_1_5,fcbccedd61424f1b85dcbf8f897f9754,de7593d76648450e947ba0c203dee1b0,1533151609.947025,13,5,876,propagated,defer,defer,2.0,0.3207041919231415,0.0,0.0,0.0,0.9826200008392334,1.0,0.6495104432106018,"[0.0, 0.0, 0.0, 0.0, 0.0, 0.0]","[0.0, 0.0, 0.0, 0.999971866607666, 2.760262504675204e-11, 0.0]","[-14.501220703125, -25.9964599609375, -2.2746238708496094]","[-13.674484252929688, -26.859304428100586, -2.2657885551452637]","[631.0081176757812, 1643.2510986328125, 1.3218085765838623]","[-14.561388969421387, -26.559364318847656, -2.2746238708496094]",pedestrian,0.0754816010594368,False,False,175,True,True,True,False,False,False,True,27,-1,False,False,False,True,c97be344ac4143ffa69b0b5ed22f31c2,pedestrian,True,1.6973449013108102,1.4365612608524665,True,False,13,0,0,True,False
r2_a_zero,camera_crash_10,recovery_1_5,fcbccedd61424f1b85dcbf8f897f9754,de7593d76648450e947ba0c203dee1b0,1533151609.947025,13,5,888,propagated,defer,recover,2.0,0.3822357952594757,0.4603273868560791,0.030578862875699997,0.0,0.9755203723907471,1.0,0.6909323334693909,"[0.0, 1.1214034831617346e-18, 0.0, 0.0, 0.0, 1.0]","[0.0, 0.0, 0.0, 0.9999758005142212, 0.0, 7.61092785902532e-17]","[5.15399169921875, -16.7901611328125, -1.7321414947509766]","[6.203083038330078, -17.255691528320312, -1.716768741607666]","[625.6666259765625, 1621.825439453125, 1.0822923183441162]","[5.102171897888184, -17.091461181640625, -1.7321414947509766]",pedestrian,0.013249875977635384,False,False,-1,False,True,True,False,False,False,True,28,-1,True,True,True,True,0e9b314c6a1f41189116b67fb257d8ba,pedestrian,True,0.3379242111269032,0.07903069474768704,True,False,13,0,0,True,False
r2_a_zero,camera_crash_10,recovery_1_5,fcbccedd61424f1b85dcbf8f897f9754,de7593d76648450e947ba0c203dee1b0,1533151609.947025,13,5,890,propagated,defer,recover,1.0,0.49415889382362366,0.6374764442443848,0.03953270986676216,0.0,0.9599435329437256,1.0,0.6916877627372742,"[0.0, 0.0, 3.4270948390258127e-07, 0.0, 0.9999996423721313, 0.0]","[0.0, 0.0, 0.0, 0.9999362230300903, 0.0007219460676424205, 0.0]","[-21.92474365234375, -29.559173583984375, -2.7761707305908203]","[-20.495725631713867, -29.55375862121582, -2.819962978363037]","[633.287841796875, 1650.236572265625, 1.002838134765625]","[-21.92474365234375, -29.559173583984375, -2.7761707305908203]",pedestrian,0.014227227307856083,False,False,-1,False,True,True,False,False,False,True,29,-1,False,False,False,False,,,False,5.784602439222537,,False,True,,1,0,False,False
r2_a_zero,camera_crash_10,recovery_1_5,fcbccedd61424f1b85dcbf8f897f9754,de7593d76648450e947ba0c203dee1b0,1533151609.947025,13,5,892,propagated,defer,recover,1.0,0.39357230067253113,0.5133457183837891,0.03148578479886055,0.0,0.9864222407341003,1.0,0.6803586483001709,"[0.0, 0.0, 0.03890733793377876, 0.0, 0.9610927104949951, 0.0]","[0.0, 0.0, 0.0, 0.9999805688858032, 1.9024612356588477e-06, 0.0]","[-16.10150146484375, -24.071533203125, -2.2962398529052734]","[-15.352943420410156, -24.61188316345215, -2.351902723312378]","[633.803466796875, 1643.1085205078125, 1.1188358068466187]","[-16.16623306274414, -24.474031448364258, -2.2962398529052734]",pedestrian,0.010179724544286728,False,False,-1,False,True,True,False,False,False,True,30,-1,False,False,False,False,,,False,2.2847766055493235,,False,True,,0,0,False,False
r2_a_zero,camera_crash_10,recovery_1_5,fcbccedd61424f1b85dcbf8f897f9754,de7593d76648450e947ba0c203dee1b0,1533151609.947025,13,5,898,propagated,defer,defer,1.0,0.3851655423641205,0.0,0.0,0.0,0.9688519239425659,1.0,0.6921401619911194,"[0.0, 0.0, 0.0, 0.0, 0.0, 0.0]","[0.0, 0.0, 0.0, 0.999980092048645, 1.6859406315461456e-08, 0.0]","[-19.68182373046875, -32.2396240234375, -2.986356735229492]","[-18.466697692871094, -32.56098175048828, -2.9376635551452637]","[629.6771850585938, 1650.6048583984375, 1.0442415475845337]","[-19.68182373046875, -32.2396240234375, -2.986356735229492]",pedestrian,0.041386786848306656,False,False,-1,False,True,True,False,False,False,True,31,-1,False,False,False,False,,,False,6.47485739373004,,False,True,,0,0,False,False
r2_a_zero,camera_crash_10,recovery_1_5,fcbccedd61424f1b85dcbf8f897f9754,de7593d76648450e947ba0c203dee1b0,1533151609.947025,13,5,899,propagated,defer,defer,1.0,0.24111421406269073,0.0,0.0,0.0,0.9319183826446533,1.0,0.7195789813995361,"[0.0, 0.0, 0.0, 0.0, 0.0, 0.0]","[0.0, 0.0, 0.0, 0.9999332427978516, 0.00237745582126081, 0.0]","[-36.12847900390625, -53.06610107421875, -4.379732131958008]","[-35.931068420410156, -51.1989631652832, -4.361684799194336]","[626.5091552734375, 1675.989013671875, 0.9268437623977661]","[-36.12847900390625, -53.06610107421875, -4.379732131958008]",pedestrian,0.031115276739001274,False,False,-1,False,True,True,False,False,False,True,32,-1,False,False,False,False,,,False,27.33653201752191,,False,True,,0,0,False,False
r2_a_zero,camera_crash_10,recovery_1_5,fcbccedd61424f1b85dcbf8f897f9754,f753d3f87e5b40af87ff2cbf7c8e7082,1533151610.446899,14,5,2,base,defer,defer,0.0,0.37324362993240356,0.0,0.0,0.0,0.0,1.0,0.741222083568573,"[0.0, 0.0, 0.0, 0.0, 0.0, 0.0]","[0.0, 0.0, 0.0, 0.9999409914016724, 3.0450464106497356e-32, 0.0]","[0.0, 0.0, 0.0]","[-10.268287658691406, -47.12232971191406, -3.1184778213500977]","[614.7794799804688, 1652.2938232421875, 1.696802020072937]","[0.0, 0.0, 0.0]",pedestrian,0.12157431244850159,False,False,50,True,False,False,False,False,True,True,-1,-1,False,False,False,True,2b5c84ef9b6e417aabc0ee048e3c4ca0,pedestrian,True,1.5369162086863362,0.5902439051695443,True,False,,0,0,False,False
r2_a_zero,camera_crash_10,recovery_1_5,fcbccedd61424f1b85dcbf8f897f9754,f753d3f87e5b40af87ff2cbf7c8e7082,1533151610.446899,14,5,10,base,defer,defer,0.0,0.5010164976119995,0.0,0.0,0.0,0.0,1.0,0.6884769797325134,"[0.0, 0.0, 0.0, 0.0, 0.0, 0.0]","[0.0, 0.0, 0.0, 0.9999637603759766, 0.0, 4.197375830092326e-20]","[0.0, 0.0, 0.0]","[6.234851837158203, -20.2988224029541, -1.7923204898834229]","[624.8505249023438, 1622.42919921875, 1.1597628593444824]","[0.0, 0.0, 0.0]",pedestrian,0.6834941506385803,False,False,0,True,False,False,False,False,True,True,-1,-1,True,True,True,True,135bbe9c408f42dc8731b501122e9973,pedestrian,True,0.9250917204186264,0.30014325674916786,True,False,14,0,0,True,False
r2_a_zero,camera_crash_10,recovery_1_5,fcbccedd61424f1b85dcbf8f897f9754,f753d3f87e5b40af87ff2cbf7c8e7082,1533151610.446899,14,5,13,base,defer,defer,0.0,0.37602660059928894,0.0,0.0,0.0,0.0,1.0,0.7246608138084412,"[0.0, 0.0, 0.0, 0.0, 0.0, 0.0]","[0.0, 0.0, 0.0, 0.9999139308929443, 0.0, 1.2079211706420865e-32]","[0.0, 0.0, 0.0]","[6.5831298828125, -42.502227783203125, -2.6079015731811523]","[607.5577392578125, 1636.37451171875, 1.6721466779708862]","[0.0, 0.0, 0.0]",pedestrian,0.09787135571241379,False,False,82,True,False,False,False,False,True,True,-1,-1,False,False,False,False,,,False,2.1320896700403784,,False,True,,0,0,False,False
r2_a_zero,camera_crash_10,recovery_1_5,fcbccedd61424f1b85dcbf8f897f9754,f753d3f87e5b40af87ff2cbf7c8e7082,1533151610.446899,14,5,20,base,defer,defer,0.0,0.32382872700691223,0.0,0.0,0.0,0.0,1.0,0.706763505935669,"[0.0, 0.0, 0.0, 0.0, 0.0, 0.0]","[0.0, 0.0, 0.0, 0.9999847412109375, 3.576591325327172e-06, 0.0]","[0.0, 0.0, 0.0]","[-17.235462188720703, -27.3900089263916, -2.7822928428649902]","[634.3948974609375, 1645.0340576171875, 0.9551546573638916]","[0.0, 0.0, 0.0]",pedestrian,0.12025647610425949,False,False,51,True,False,False,False,False,True,True,-1,-1,False,False,False,False,,,False,2.3788587193868493,,False,True,,2,0,False,False
r2_a_zero,camera_crash_10,recovery_1_5,fcbccedd61424f1b85dcbf8f897f9754,f753d3f87e5b40af87ff2cbf7c8e7082,1533151610.446899,14,5,44,base,defer,defer,0.0,0.42737361788749695,0.0,0.0,0.0,0.0,1.0,0.6775524616241455,"[0.0, 0.0, 0.0, 0.0, 0.0, 0.0]","[0.0, 0.0, 0.0, 0.9999829530715942, 1.1972228094236925e-05, 0.0]","[0.0, 0.0, 0.0]","[-19.554540634155273, -30.47162437438965, -3.048403263092041]","[633.5045776367188, 1648.7957763671875, 0.9097722768783569]","[0.0, 0.0, 0.0]",pedestrian,0.10992258042097092,False,False,63,True,False,False,False,False,True,True,-1,-1,False,False,False,False,,,False,4.452949008351666,,False,True,,1,0,False,False
r2_a_zero,camera_crash_10,recovery_1_5,fcbccedd61424f1b85dcbf8f897f9754,f753d3f87e5b40af87ff2cbf7c8e7082,1533151610.446899,14,5,50,base,defer,defer,0.0,0.3823252320289612,0.0,0.0,0.0,0.0,1.0,0.7631182670593262,"[0.0, 0.0, 0.0, 0.0, 0.0, 0.0]","[0.0, 0.0, 0.0, 0.9999372959136963, 1.281544948636204e-34, 0.0]","[0.0, 0.0, 0.0]","[-9.615528106689453, -48.79196548461914, -3.1609840393066406]","[613.0787353515625, 1652.8602294921875, 1.7445579767227173]","[0.0, 0.0, 0.0]",pedestrian,0.12605242431163788,False,False,49,True,False,False,False,False,True,True,-1,-1,False,False,False,False,,,False,2.694971428356579,,False,True,,0,0,False,False
r2_a_zero,camera_crash_10,recovery_1_5,fcbccedd61424f1b85dcbf8f897f9754,f753d3f87e5b40af87ff2cbf7c8e7082,1533151610.446899,14,5,123,base,defer,defer,0.0,0.32014498114585876,0.0,0.0,0.0,0.0,1.0,0.6368820667266846,"[0.0, 0.0, 0.0, 0.0, 0.0, 0.0]","[0.0, 0.0, 0.0, 0.9999734163284302, 9.569962010347322e-13, 0.0]","[0.0, 0.0, 0.0]","[-13.720569610595703, -28.636985778808594, -2.4455294609069824]","[631.2003784179688, 1643.1131591796875, 1.312427282333374]","[0.0, 0.0, 0.0]",pedestrian,0.12894178926944733,False,False,46,True,False,False,False,False,True,True,-1,-1,True,True,True,True,0af15fef1ea54711846a22c13ab87a73,pedestrian,True,1.6378268243694654,0.23727852770187413,True,False,14,0,0,True,False
r2_a_zero,camera_crash_10,recovery_1_5,fcbccedd61424f1b85dcbf8f897f9754,f753d3f87e5b40af87ff2cbf7c8e7082,1533151610.446899,14,5,162,base,defer,defer,0.0,0.4768502414226532,0.0,0.0,0.0,0.0,1.0,0.6899790167808533,"[0.0, 0.0, 0.0, 0.0, 0.0, 0.0]","[0.0, 0.0, 0.0, 0.9999587535858154, 0.0, 2.504390783571139e-22]","[0.0, 0.0, 0.0]","[6.006084442138672, -21.77945327758789, -1.8367114067077637]","[623.8590087890625, 1623.5521240234375, 1.207753300666809]","[0.0, 0.0, 0.0]",pedestrian,0.24175576865673065,False,False,18,True,False,False,False,False,True,True,-1,-1,True,True,True,True,78fc00fbc8fa4c8ba304d3165d719b92,pedestrian,True,0.12098209703419992,0.4786449375346161,True,False,14,0,0,True,False
r2_a_zero,camera_crash_10,recovery_1_5,fcbccedd61424f1b85dcbf8f897f9754,f753d3f87e5b40af87ff2cbf7c8e7082,1533151610.446899,14,5,195,base,defer,defer,0.0,0.3819056749343872,0.0,0.0,0.0,0.0,1.0,0.663821280002594,"[0.0, 0.0, 0.0, 0.0, 0.0, 0.0]","[0.0, 0.0, 0.0, 0.9999614953994751, 0.0, 2.595184256141008e-21]","[0.0, 0.0, 0.0]","[6.417926788330078, -22.228317260742188, -1.9054551124572754]","[623.2484130859375, 1623.5257568359375, 1.1597788333892822]","[0.0, 0.0, 0.0]",pedestrian,0.40262869000434875,False,False,3,True,False,False,False,False,True,True,-1,-1,True,True,True,True,78fc00fbc8fa4c8ba304d3165d719b92,pedestrian,True,0.5388637652534574,0.4350950891070592,True,False,14,0,0,True,False
r2_a_zero,camera_crash_10,recovery_1_5,fcbccedd61424f1b85dcbf8f897f9754,f753d3f87e5b40af87ff2cbf7c8e7082,1533151610.446899,14,5,237,base,defer,defer,0.0,0.39160463213920593,0.0,0.0,0.0,0.0,1.0,0.7152153253555298,"[0.0, 0.0, 0.0, 0.0, 0.0, 0.0]","[0.0, 0.0, 0.0, 0.9999653100967407, 0.0, 4.988755391064872e-17]","[0.0, 0.0, 0.0]","[7.155769348144531, -20.2739315032959, -1.8169806003570557]","[624.279296875, 1621.70703125, 1.119604229927063]","[0.0, 0.0, 0.0]",pedestrian,0.39971426129341125,False,False,4,True,False,False,False,False,True,True,-1,-1,True,True,True,True,4d6aa69d243546859c9cd3081c2ca101,pedestrian,True,0.6948983030713132,0.4152092616677238,True,False,14,0,0,True,False
r2_a_zero,camera_crash_10,recovery_1_5,fcbccedd61424f1b85dcbf8f897f9754,f753d3f87e5b40af87ff2cbf7c8e7082,1533151610.446899,14,5,314,base,defer,defer,0.0,0.4161391258239746,0.0,0.0,0.0,0.0,1.0,0.7221375107765198,"[0.0, 0.0, 0.0, 0.0, 0.0, 0.0]","[0.0, 0.0, 0.0, 0.9999749660491943, 1.0440703857028666e-11, 0.0]","[0.0, 0.0, 0.0]","[-15.021080017089844, -30.13570213317871, -2.595555305480957]","[630.8771362304688, 1645.0762939453125, 1.272424578666687]","[0.0, 0.0, 0.0]",pedestrian,0.11088258028030396,False,False,62,True,False,False,False,False,True,True,-1,-1,False,False,False,True,081c19290123437ba6a3617344bbb55d,pedestrian,True,1.2802950044118073,0.999077216912057,True,False,,0,0,True,False
r2_a_zero,camera_crash_10,recovery_1_5,fcbccedd61424f1b85dcbf8f897f9754,f753d3f87e5b40af87ff2cbf7c8e7082,1533151610.446899,14,5,329,base,defer,defer,0.0,0.4039517343044281,0.0,0.0,0.0,0.0,1.0,0.8093375563621521,"[0.0, 0.0, 0.0, 0.0, 0.0, 0.0]","[0.0, 0.0, 0.0, 0.9999310970306396, 1.6842132074794857e-35, 0.0]","[0.0, 0.0, 0.0]","[-9.365692138671875, -49.35410690307617, -3.091501235961914]","[612.4899291992188, 1653.0235595703125, 1.8438109159469604]","[0.0, 0.0, 0.0]",pedestrian,0.03326068073511124,False,False,-1,False,False,False,False,False,True,True,-1,-1,False,False,False,False,,,False,2.0954838475722406,,False,True,,0,0,False,False
r2_a_zero,camera_crash_10,recovery_1_5,fcbccedd61424f1b85dcbf8f897f9754,f753d3f87e5b40af87ff2cbf7c8e7082,1533151610.446899,14,5,386,base,defer,defer,0.0,0.34381935000419617,0.0,0.0,0.0,0.0,1.0,0.6890460848808289,"[0.0, 0.0, 0.0, 0.0, 0.0, 0.0]","[0.0, 0.0, 0.0, 0.9999518394470215, 0.0, 7.4533416055646e-22]","[0.0, 0.0, 0.0]","[6.979835510253906, -25.008703231811523, -1.988264560699463]","[620.751953125, 1624.8729248046875, 1.2353154420852661]","[0.0, 0.0, 0.0]",pedestrian,0.13992129266262054,False,False,42,True,False,False,False,False,True,True,-1,-1,True,True,False,True,1bf77b2cec7b435593052cad0182316c,pedestrian,True,1.0177687989735447,0.9143870570939582,True,False,14,0,0,True,False
r2_a_zero,camera_crash_10,recovery_1_5,fcbccedd61424f1b85dcbf8f897f9754,f753d3f87e5b40af87ff2cbf7c8e7082,1533151610.446899,14,5,467,base,defer,defer,0.0,0.2973615825176239,0.0,0.0,0.0,0.0,1.0,0.6813660264015198,"[0.0, 0.0, 0.0, 0.0, 0.0, 0.0]","[0.0, 0.0, 0.0, 0.9999699592590332, 0.0, 2.480713416275611e-18]","[0.0, 0.0, 0.0]","[7.088600158691406, -21.368942260742188, -1.964400291442871]","[623.4765625, 1622.4649658203125, 1.0391687154769897]","[0.0, 0.0, 0.0]",pedestrian,0.006419152952730656,False,False,-1,False,False,False,False,False,True,True,-1,-1,True,True,True,True,2c9deea58db742879c21342d4685e0ce,pedestrian,True,0.5144508328025964,0.7487195353001658,True,False,14,0,0,True,False
r2_a_zero,camera_crash_10,recovery_1_5,fcbccedd61424f1b85dcbf8f897f9754,f753d3f87e5b40af87ff2cbf7c8e7082,1533151610.446899,14,5,490,base,defer,defer,0.0,0.3193643093109131,0.0,0.0,0.0,0.0,1.0,0.8005035519599915,"[0.0, 0.0, 0.0, 0.0, 0.0, 0.0]","[0.0, 0.0, 0.0, 0.9999182224273682, 0.0, 1.8438146911926577e-23]","[0.0, 0.0, 0.0]","[11.017841339111328, -44.01454162597656, -2.7736172676086426]","[603.5525512695312, 1633.9415283203125, 1.529781460762024]","[0.0, 0.0, 0.0]",pedestrian,0.054510172456502914,False,False,237,True,False,False,False,False,True,True,-1,-1,False,False,False,False,,,False,3.1922273350140067,,False,True,,0,0,False,False
r2_a_zero,camera_crash_10,recovery_1_5,fcbccedd61424f1b85dcbf8f897f9754,f753d3f87e5b40af87ff2cbf7c8e7082,1533151610.446899,14,5,551,base,defer,defer,0.0,0.4088672399520874,0.0,0.0,0.0,0.0,1.0,0.714024543762207,"[0.0, 0.0, 0.0, 0.0, 0.0, 0.0]","[0.0, 0.0, 0.0, 0.9999754428863525, 1.7164339394248884e-10, 0.0]","[0.0, 0.0, 0.0]","[-17.62116241455078, -33.77149963378906, -2.889138698577881]","[629.7403564453125, 1649.408935546875, 1.237148404121399]","[0.0, 0.0, 0.0]",pedestrian,0.046960361301898956,False,False,-1,False,False,False,False,False,True,True,-1,-1,False,False,False,False,,,False,5.353140290071906,,False,True,,0,0,False,False
r2_a_zero,camera_crash_10,recovery_1_5,fcbccedd61424f1b85dcbf8f897f9754,f753d3f87e5b40af87ff2cbf7c8e7082,1533151610.446899,14,5,567,base,defer,defer,0.0,0.419106662273407,0.0,0.0,0.0,0.0,1.0,0.6506496667861938,"[0.0, 0.0, 0.0, 0.0, 0.0, 0.0]","[0.0, 0.0, 0.0, 0.9999716281890869, 1.8012899115002479e-12, 0.0]","[0.0, 0.0, 0.0]","[-13.02548599243164, -26.820524215698242, -2.2641851902008057]","[632.1561279296875, 1641.41064453125, 1.3738692998886108]","[0.0, 0.0, 0.0]",pedestrian,0.5785498023033142,False,False,1,True,False,False,False,False,True,True,-1,-1,True,True,True,True,0af15fef1ea54711846a22c13ab87a73,pedestrian,True,0.42610126637737267,0.15010068874901222,True,False,14,0,0,True,False
r2_a_zero,camera_crash_10,recovery_1_5,fcbccedd61424f1b85dcbf8f897f9754,f753d3f87e5b40af87ff2cbf7c8e7082,1533151610.446899,14,5,587,base,defer,defer,0.0,0.45932963490486145,0.0,0.0,0.0,0.0,1.0,0.7129966616630554,"[0.0, 0.0, 0.0, 0.0, 0.0, 0.0]","[0.0, 0.0, 0.0, 0.9999731779098511, 9.893406240735203e-05, 0.0]","[0.0, 0.0, 0.0]","[-19.334211349487305, -28.899412155151367, -2.9810492992401123]","[634.5726318359375, 1647.61962890625, 0.8793364763259888]","[0.0, 0.0, 0.0]",pedestrian,0.10395701974630356,False,False,67,True,False,False,False,False,True,True,-1,-1,False,False,False,False,,,False,3.941241918875177,,False,True,,1,0,False,False
r2_a_zero,camera_crash_10,recovery_1_5,fcbccedd61424f1b85dcbf8f897f9754,f753d3f87e5b40af87ff2cbf7c8e7082,1533151610.446899,14,5,602,base,defer,defer,0.0,0.45134443044662476,0.0,0.0,0.0,0.0,1.0,0.7205600738525391,"[0.0, 0.0, 0.0, 0.0, 0.0, 0.0]","[0.0, 0.0, 0.0, 0.999968409538269, 0.0, 3.6007898432408693e-19]","[0.0, 0.0, 0.0]","[6.202037811279297, -19.284168243408203, -1.7730565071105957]","[625.6509399414062, 1621.8057861328125, 1.1186338663101196]","[0.0, 0.0, 0.0]",pedestrian,0.021326541900634766,False,False,-1,False,False,False,False,False,True,True,-1,-1,True,True,True,True,135bbe9c408f42dc8731b501122e9973,pedestrian,True,0.09222913535706188,0.43640903946033976,True,False,14,0,0,True,False
r2_a_zero,camera_crash_10,recovery_1_5,fcbccedd61424f1b85dcbf8f897f9754,f753d3f87e5b40af87ff2cbf7c8e7082,1533151610.446899,14,5,612,base,defer,defer,0.0,0.31085553765296936,0.0,0.0,0.0,0.0,1.0,0.6617252230644226,"[0.0, 0.0, 0.0, 0.0, 0.0, 0.0]","[0.0, 0.0, 0.0, 0.9999687671661377, 2.811421952989175e-14, 0.0]","[0.0, 0.0, 0.0]","[-12.51608657836914, -27.730085372924805, -2.282144069671631]","[631.13134765625, 1641.600830078125, 1.402725338935852]","[0.0, 0.0, 0.0]",pedestrian,0.0955410972237587,False,False,88,True,False,False,False,False,True,True,-1,-1,True,True,True,True,0af15fef1ea54711846a22c13ab87a73,pedestrian,True,0.63218025617766,0.2532465285239402,True,False,14,0,0,True,False
r2_a_zero,camera_crash_10,recovery_1_5,fcbccedd61424f1b85dcbf8f897f9754,f753d3f87e5b40af87ff2cbf7c8e7082,1533151610.446899,14,5,691,propagated,defer,defer,0.0,0.3478964865207672,0.0,0.0,0.0,0.9915153384208679,1.0,0.7310370206832886,"[0.0, 0.0, 0.0, 0.9999989867210388, 0.0, 1.0021950629379717e-06]","[0.0, 0.0, 0.0, 0.999970555305481, 0.0, 1.1850310102090589e-06]","[8.8466796875, -16.5252685546875, -1.6469173431396484]","[9.352214813232422, -16.44198989868164, -1.6050400733947754]","[625.822021484375, 1617.5633544921875, 1.067789077758789]","[8.838744163513184, -16.041196823120117, -1.6469173431396484]",pedestrian,0.02019852213561535,False,False,-1,False,False,True,False,False,False,True,6,-1,False,False,False,False,,,False,2.2015094331683702,,False,True,,0,0,False,False
r2_a_zero,camera_crash_10,recovery_1_5,fcbccedd61424f1b85dcbf8f897f9754,f753d3f87e5b40af87ff2cbf7c8e7082,1533151610.446899,14,5,738,propagated,defer,keep,0.0,0.40294644236564636,0.0,0.0,0.0,0.9713304042816162,1.0,0.6542816162109375,"[0.0, 0.0, 0.07458803802728653, 0.19592784345149994, 0.7294841408729553, 0.0]","[0.0, 0.0, 0.0, 0.9999675750732422, 9.256683551939204e-05, 0.0]","[-15.85980224609375, -22.7579345703125, -2.4366703033447266]","[-16.071975708007812, -23.940296173095703, -2.543588399887085]","[636.306396484375, 1641.926513671875, 0.9687402248382568]","[-15.85980224609375, -22.7579345703125, -2.4366703033447266]",pedestrian,0.021037187427282333,False,False,-1,False,False,True,False,False,False,True,18,-1,False,False,False,False,,,False,4.509938720304513,,False,True,,5,0,False,False
r2_a_zero,camera_crash_10,recovery_1_5,fcbccedd61424f1b85dcbf8f897f9754,f753d3f87e5b40af87ff2cbf7c8e7082,1533151610.446899,14,5,758,propagated,defer,keep,0.0,0.49176523089408875,0.0,0.0,0.0,0.9958025813102722,1.0,0.6877280473709106,"[0.0, 0.0, 0.06543821096420288, 0.19273748993873596, 0.7418243288993835, 0.0]","[0.0, 0.0, 0.0, 0.999974250793457, 7.015033042989671e-05, 0.0]","[-19.18707275390625, -28.119049072265625, -2.8621673583984375]","[-18.93541717529297, -28.502283096313477, -2.872737169265747]","[634.6260375976562, 1647.054443359375, 0.9575365781784058]","[-19.18707275390625, -28.119049072265625, -2.8621673583984375]",pedestrian,0.018663406372070312,False,False,-1,False,False,True,False,False,False,True,17,-1,False,False,False,False,,,False,3.5626917379504883,,False,True,,2,0,False,False
r2_a_zero,camera_crash_10,recovery_1_5,fcbccedd61424f1b85dcbf8f897f9754,f753d3f87e5b40af87ff2cbf7c8e7082,1533151610.446899,14,5,761,propagated,defer,defer,0.0,0.33122074604034424,0.0,0.0,0.0,0.9785389304161072,1.0,0.7669337391853333,"[0.0, 0.0, 0.0, 1.0, 1.1817695151410692e-20, 0.0]","[0.0, 0.0, 0.0, 0.9999728202819824, 9.803572686166469e-23, 0.0]","[-8.18170166015625, -24.184478759765625, -2.204395294189453]","[-8.261024475097656, -25.222949981689453, -2.1996991634368896]","[630.3349609375, 1636.727783203125, 1.2697080373764038]","[-8.18170166015625, -24.184478759765625, -2.204395294189453]",pedestrian,0.025325153023004532,False,False,-1,False,False,True,False,False,False,True,4,-1,True,True,True,True,492dd3a15f894562b56ba7a00b39e47b,pedestrian,True,0.47008425700396134,0.7548263147910668,True,False,14,0,0,True,False
r2_a_zero,camera_crash_10,recovery_1_5,fcbccedd61424f1b85dcbf8f897f9754,f753d3f87e5b40af87ff2cbf7c8e7082,1533151610.446899,14,5,765,propagated,defer,defer,0.0,0.4090549945831299,0.0,0.0,0.0,0.9958657026290894,1.0,0.7464224696159363,"[0.0, 0.0, 0.0, 1.0, 3.461492219779554e-35, 0.0]","[0.0, 0.0, 0.0, 0.9999419450759888, 8.231192561766713e-36, 0.0]","[-9.0792236328125, -49.629425048828125, -3.5499649047851562]","[-9.477855682373047, -50.62491226196289, -3.3621273040771484]","[611.5765991210938, 1653.9344482421875, 1.651635766029358]","[-9.109231948852539, -50.435237884521484, -3.5499649047851562]",pedestrian,0.009655699133872986,False,False,-1,False,False,False,False,False,True,True,-1,-1,False,False,False,True,82a62ee4c5bc4e44a889b406e868444d,pedestrian,True,1.42948478491266,0.6066397069982994,True,False,,0,0,False,False
r2_a_zero,camera_crash_10,recovery_1_5,fcbccedd61424f1b85dcbf8f897f9754,f753d3f87e5b40af87ff2cbf7c8e7082,1533151610.446899,14,5,784,propagated,defer,defer,0.0,0.21810832619667053,0.0,0.0,0.0,0.9769138693809509,1.0,0.7320078015327454,"[0.0, 0.0, 0.0, 0.9986465573310852, 0.0013534828322008252, 0.0]","[0.0, 0.0, 0.0, 0.9999407529830933, 0.0020571239292621613, 0.0]","[-34.80291748046875, -51.487060546875, -4.565359115600586]","[-35.844398498535156, -51.19868850708008, -4.565230369567871]","[627.9688110351562, 1674.614990234375, 0.8875995874404907]","[-34.80291748046875, -51.487060546875, -4.565359115600586]",pedestrian,0.00036096732947044075,False,False,-1,False,False,False,False,False,True,True,-1,-1,False,False,False,False,,,False,26.691487522462573,,False,True,,0,0,False,False
r2_a_zero,camera_crash_10,recovery_1_5,fcbccedd61424f1b85dcbf8f897f9754,f753d3f87e5b40af87ff2cbf7c8e7082,1533151610.446899,14,5,820,propagated,defer,defer,0.0,0.41659605503082275,0.0,0.0,0.0,0.9552352428436279,1.0,0.7500849366188049,"[0.0, 0.0, 0.0, 1.0, 3.0049188137759586e-10, 0.0]","[0.0, 0.0, 0.0, 0.9999748468399048, 1.0053851197747155e-12, 0.0]","[-12.08575439453125, -24.178192138671875, -2.2950477600097656]","[-12.297103881835938, -25.53036880493164, -2.2354400157928467]","[632.6810913085938, 1640.0262451171875, 1.3140636682510376]","[-11.817586898803711, -24.096355438232422, -2.2950477600097656]",pedestrian,0.01955808512866497,False,False,-1,False,False,True,False,False,False,True,14,-1,True,True,True,True,dbed4cee903546d5b402f9ace1d3f399,pedestrian,True,1.6977696522356378,0.6977090123110209,True,False,14,0,0,True,False
r2_a_zero,camera_crash_10,recovery_1_5,fcbccedd61424f1b85dcbf8f897f9754,f753d3f87e5b40af87ff2cbf7c8e7082,1533151610.446899,14,5,855,propagated,defer,defer,0.0,0.3364908993244171,0.0,0.0,0.0,0.9170671105384827,1.0,0.7482661008834839,"[0.0, 0.0, 0.0, 1.0, 2.067397505758587e-37, 0.0]","[0.0, 0.0, 0.0, 0.9999455213546753, 3.692445219517848e-36, 0.0]","[-9.33587646484375, -52.44415283203125, -3.669271469116211]","[-9.439952850341797, -51.19902801513672, -3.471656560897827]","[611.1077270507812, 1654.27734375, 1.5761724710464478]","[-9.395755767822266, -53.269710540771484, -3.669271469116211]",pedestrian,0.004031924065202475,False,False,-1,False,False,False,False,False,True,True,-1,-1,False,False,False,True,82a62ee4c5bc4e44a889b406e868444d,pedestrian,True,1.35219217712436,0.6426479919067459,True,False,,0,0,False,False
r2_a_zero,camera_crash_10,recovery_1_5,fcbccedd61424f1b85dcbf8f897f9754,f753d3f87e5b40af87ff2cbf7c8e7082,1533151610.446899,14,5,857,propagated,defer,keep,0.0,0.48277774453163147,0.0,0.0,0.0,0.9862700700759888,1.0,0.7083767056465149,"[0.0, 0.0, 0.059710487723350525, 0.17744235694408417, 0.7628471851348877, 0.0]","[0.0, 0.0, 0.0, 0.9999678134918213, 0.00017088474123738706, 0.0]","[-20.7227783203125, -29.393707275390625, -2.990652084350586]","[-20.326059341430664, -30.123458862304688, -3.0270938873291016]","[634.266357421875, 1649.1651611328125, 0.9219313859939575]","[-20.7227783203125, -29.393707275390625, -2.990652084350586]",pedestrian,0.014392552897334099,False,False,-1,False,False,False,False,False,True,True,-1,-1,False,False,False,False,,,False,5.085220163640719,,False,True,,4,0,False,False
r2_a_zero,camera_crash_10,recovery_1_5,fcbccedd61424f1b85dcbf8f897f9754,f753d3f87e5b40af87ff2cbf7c8e7082,1533151610.446899,14,5,859,propagated,defer,defer,0.0,0.38879674673080444,0.0,0.0,0.0,0.9771804213523865,1.0,0.73172926902771,"[0.0, 0.0, 0.0, 0.9999996423721313, 3.310306624371151e-07, 0.0]","[0.0, 0.0, 0.0, 0.999981164932251, 6.970776844639204e-09, 0.0]","[-18.483154296875, -32.08343505859375, -3.0647449493408203]","[-18.49707794189453, -33.15716552734375, -3.0314900875091553]","[630.7672729492188, 1649.69677734375, 1.0715898275375366]","[-18.483154296875, -32.08343505859375, -3.0647449493408203]",pedestrian,0.004202378448098898,False,False,-1,False,False,False,False,False,True,True,-1,-1,False,False,False,False,,,False,5.2734287650903795,,False,True,,0,0,False,False
r2_a_zero,camera_crash_10,recovery_1_5,fcbccedd61424f1b85dcbf8f897f9754,f753d3f87e5b40af87ff2cbf7c8e7082,1533151610.446899,14,5,868,propagated,defer,keep,0.0,0.4992995858192444,0.0,0.0,0.0,0.9875696897506714,1.0,0.7092757821083069,"[0.0, 0.0, 0.051990993320941925, 0.18030844628810883, 0.7677005529403687, 0.0]","[0.0, 0.0, 0.0, 0.9999693632125854, 0.0001468995033064857, 0.0]","[-21.1712646484375, -30.417449951171875, -3.029695510864258]","[-20.94955825805664, -31.17586326599121, -3.062314987182617]","[633.8565063476562, 1650.317626953125, 0.9594136476516724]","[-21.1712646484375, -30.417449951171875, -3.029695510864258]",pedestrian,0.014480752870440483,False,False,-1,False,False,False,False,False,True,True,-1,-1,False,False,False,False,,,False,6.008785826393332,,False,True,,4,0,False,False
r2_a_zero,camera_crash_10,recovery_1_5,fcbccedd61424f1b85dcbf8f897f9754,f753d3f87e5b40af87ff2cbf7c8e7082,1533151610.446899,14,5,871,propagated,defer,defer,0.0,0.3799155652523041,0.0,0.0,0.0,0.9954996705055237,1.0,0.6841993927955627,"[0.0, 0.0, 0.0, 1.0, 2.8557890427438615e-11, 0.0]","[0.0, 0.0, 0.0, 0.9999717473983765, 4.1301510822489007e-13, 0.0]","[-13.431396484375, -27.250732421875, -2.389760971069336]","[-13.402633666992188, -28.38614845275879, -2.389096736907959]","[631.19140625, 1642.7059326171875, 1.3488556146621704]","[-13.43110466003418, -27.912111282348633, -2.389760971069336]",pedestrian,0.018576573580503464,False,False,-1,False,False,True,False,False,False,True,0,-1,True,True,True,True,0af15fef1ea54711846a22c13ab87a73,pedestrian,True,1.2671732319053959,0.28872868886095154,True,False,14,0,0,True,False
r2_a_zero,camera_crash_10,recovery_1_5,fcbccedd61424f1b85dcbf8f897f9754,f753d3f87e5b40af87ff2cbf7c8e7082,1533151610.446899,14,5,873,propagated,defer,defer,0.0,0.3214392066001892,0.0,0.0,0.0,0.9817849397659302,1.0,0.7301942110061646,"[0.0, 0.0, 0.0, 0.9999654293060303, 3.453563112998381e-05, 0.0]","[0.0, 0.0, 0.0, 0.9999802112579346, 4.243283910909668e-06, 0.0]","[-30.64111328125, -48.67437744140625, -4.425086975097656]","[-30.85621452331543, -49.608516693115234, -4.408724308013916]","[626.0021362304688, 1669.7603759765625, 0.8723119497299194]","[-30.641115188598633, -48.67437744140625, -4.425086975097656]",pedestrian,0.0038754825945943594,False,False,-1,False,False,False,False,False,True,True,-1,-1,False,False,False,False,,,False,21.48494716919357,,False,True,,0,0,False,False
r2_a_zero,camera_crash_10,recovery_1_5,fcbccedd61424f1b85dcbf8f897f9754,b22fa0b3c34f47b6a360b60f35d5d567,1533151610.946785,15,5,44,base,defer,defer,0.0,0.45687735080718994,0.0,0.0,0.0,0.0,1.0,0.6794809699058533,"[0.0, 0.0, 0.0, 0.0, 0.0, 0.0]","[0.0, 0.0, 0.0, 0.9999808073043823, 4.347071467236674e-07, 0.0]","[0.0, 0.0, 0.0]","[-18.495464324951172, -30.688695907592773, -2.820730447769165]","[633.7325439453125, 1647.1920166015625, 0.9735033512115479]","[0.0, 0.0, 0.0]",pedestrian,0.18081025779247284,False,False,34,True,False,False,False,False,True,True,-1,-1,False,False,False,False,,,False,3.1199406346483762,,False,True,,1,0,False,False
r2_a_zero,camera_crash_10,recovery_1_5,fcbccedd61424f1b85dcbf8f897f9754,b22fa0b3c34f47b6a360b60f35d5d567,1533151610.946785,15,5,537,base,defer,defer,0.0,0.325766384601593,0.0,0.0,0.0,0.0,1.0,0.6458422541618347,"[0.0, 0.0, 0.0, 0.0, 0.0, 0.0]","[0.0, 0.0, 0.0, 0.9999524354934692, 1.5385708683043268e-15, 0.0]","[0.0, 0.0, 0.0]","[-13.326732635498047, -31.202791213989258, -2.241964817047119]","[630.0504760742188, 1643.521240234375, 1.5055216550827026]","[0.0, 0.0, 0.0]",pedestrian,0.16563397645950317,False,False,40,True,False,False,False,False,True,True,-1,-1,False,False,False,False,,,False,2.0160302286900857,,False,True,,0,0,False,False
r2_a_zero,camera_crash_10,recovery_1_5,fcbccedd61424f1b85dcbf8f897f9754,b22fa0b3c34f47b6a360b60f35d5d567,1533151610.946785,15,5,612,base,defer,defer,0.0,0.39917024970054626,0.0,0.0,0.0,0.0,1.0,0.6689196825027466,"[0.0, 0.0, 0.0, 0.0, 0.0, 0.0]","[0.0, 0.0, 0.0, 0.9999557733535767, 7.377765496681323e-16, 0.0]","[0.0, 0.0, 0.0]","[-12.123462677001953, -28.646419525146484, -2.1272683143615723]","[631.24755859375, 1640.959716796875, 1.4617323875427246]","[0.0, 0.0, 0.0]",pedestrian,0.26768746972084045,False,False,20,True,False,False,False,False,True,True,-1,-1,True,True,True,True,5b661c6079224ec1ab4d5f5ca9b47b1e,pedestrian,True,0.5242364775732995,0.16575958146041353,True,False,15,0,0,True,False
r2_a_zero,camera_crash_10,recovery_1_5,fcbccedd61424f1b85dcbf8f897f9754,b22fa0b3c34f47b6a360b60f35d5d567,1533151610.946785,15,5,668,propagated,defer,keep,0.0,0.5195412039756775,0.0,0.0,0.0,0.9928664565086365,1.0,0.6554844975471497,"[0.05310451239347458, 0.0, 0.28509652614593506, 0.22981849312782288, 0.4319803714752197, 0.0]","[0.0, 0.0, 0.0, 0.9999806880950928, 7.086510777298827e-06, 0.0]","[-16.11712646484375, -25.07745361328125, -2.4936141967773438]","[-16.358001708984375, -25.624847412109375, -2.5106990337371826]","[636.2639770507812, 1642.3033447265625, 0.9729907512664795]","[-16.11712646484375, -25.07745361328125, -2.4936141967773438]",pedestrian,0.04089469462633133,False,False,-1,False,False,True,False,False,False,True,18,-1,False,False,False,False,,,False,4.4274819828238465,,False,True,,5,0,False,False
r2_a_zero,camera_crash_10,recovery_1_5,fcbccedd61424f1b85dcbf8f897f9754,b22fa0b3c34f47b6a360b60f35d5d567,1533151610.946785,15,5,780,propagated,defer,defer,0.0,0.3331836462020874,0.0,0.0,0.0,0.9930517077445984,1.0,0.6710177063941956,"[0.0, 0.0, 0.0, 0.9999982714653015, 0.0, 1.7498089164291741e-06]","[0.0, 0.0, 0.0, 0.999964714050293, 0.0, 5.3374904496195086e-08]","[9.171142578125, -16.42822265625, -1.4937076568603516]","[8.589942932128906, -16.01184844970703, -1.5021898746490479]","[627.7196655273438, 1616.94970703125, 1.0915290117263794]","[9.169878959655762, -15.901270866394043, -1.4937076568603516]",pedestrian,0.01999541185796261,False,False,-1,False,False,True,False,False,False,True,6,-1,True,True,True,True,f2924215f98a4e8b82d61823f687548a,pedestrian,True,1.066192692649374,0.4850254470425586,True,False,15,0,0,True,False
r2_a_zero,camera_crash_10,recovery_1_5,fcbccedd61424f1b85dcbf8f897f9754,b22fa0b3c34f47b6a360b60f35d5d567,1533151610.946785,15,5,789,propagated,defer,defer,0.0,0.3953324854373932,0.0,0.0,0.0,0.9859659671783447,1.0,0.7590665817260742,"[0.0, 0.0, 0.0, 1.0, 6.253386223753449e-23, 0.0]","[0.0, 0.0, 0.0, 0.9999622106552124, 1.873795791164651e-26, 0.0]","[-7.9915771484375, -25.487640380859375, -2.1288204193115234]","[-7.389575958251953, -26.072223663330078, -2.0785603523254395]","[630.1975708007812, 1635.6767578125, 1.3004159927368164]","[-7.991577625274658, -25.487638473510742, -2.1288204193115234]",pedestrian,0.03910919651389122,False,False,-1,False,False,True,False,False,False,True,4,-1,True,True,True,True,a99ef7b74b354895aa2c60a68b33e333,pedestrian,True,0.2552592502906895,0.23512004893993393,True,False,15,0,0,True,False
r2_a_zero,camera_crash_10,recovery_1_5,fcbccedd61424f1b85dcbf8f897f9754,0a0d6b8c2e884134a3b48df43d54c36a,1533151611.446636,16,5,650,propagated,defer,keep,0.0,0.54897540807724,0.0,0.0,0.0,0.9976877570152283,1.0,0.7368392944335938,"[0.04276590421795845, 0.292381227016449, 0.0, 0.3956177532672882, 0.0, 0.26923513412475586]","[0.0, 0.0, 0.0, 0.9999505281448364, 0.0, 2.5674998127556137e-08]","[8.49713134765625, -15.82305908203125, -1.3314094543457031]","[8.19677734375, -15.464683532714844, -1.3475878238677979]","[629.0906372070312, 1616.2938232421875, 1.1253687143325806]","[8.4660005569458, -15.257308006286621, -1.3314094543457031]",pedestrian,0.07232837378978729,False,False,92,True,False,True,False,False,False,True,6,-1,True,True,True,True,76d8cb46cc974417a48dbe0dd2475072,pedestrian,True,0.8025981125350166,0.15800046952202462,True,False,16,0,0,True,False
r2_a_zero,camera_crash_10,recovery_1_5,fcbccedd61424f1b85dcbf8f897f9754,0a0d6b8c2e884134a3b48df43d54c36a,1533151611.446636,16,5,665,propagated,defer,defer,0.0,0.4601844251155853,0.0,0.0,0.0,0.987647294998169,1.0,0.7166547775268555,"[0.0, 0.0, 0.0, 1.0, 1.2111581158274828e-25, 0.0]","[0.0, 0.0, 0.0, 0.999953031539917, 6.5006437025106e-29, 0.0]","[-7.84552001953125, -27.443511962890625, -1.961761474609375]","[-7.117584228515625, -27.741065979003906, -2.0718677043914795]","[629.4259643554688, 1635.931396484375, 1.2437430620193481]","[-7.840306282043457, -27.446056365966797, -1.961761474609375]",pedestrian,0.056055501103401184,False,False,162,True,False,True,False,False,False,True,4,-1,True,True,True,True,26bff5d4630648b1b6098b9686ceb66d,pedestrian,True,0.7261728943804542,0.1374040977755629,True,False,16,0,0,True,False
r2_a_zero,camera_crash_10,recovery_1_5,fcbccedd61424f1b85dcbf8f897f9754,0a0d6b8c2e884134a3b48df43d54c36a,1533151611.446636,16,5,677,propagated,defer,keep,0.0,0.5686421990394592,0.0,0.0,0.0,0.9989626407623291,1.0,0.6744147539138794,"[0.06259018927812576, 0.0, 0.23779430985450745, 0.29389387369155884, 0.40572160482406616, 0.0]","[0.0, 0.0, 0.0, 0.9999529123306274, 0.00022377943969331682, 0.0]","[-18.01800537109375, -26.132354736328125, -2.3452796936035156]","[-17.840511322021484, -26.22634506225586, -2.452786445617676]","[637.43408203125, 1643.225830078125, 0.95503830909729]","[-18.01800537109375, -26.132354736328125, -2.3452796936035156]",pedestrian,0.04188665375113487,False,False,235,True,False,True,False,False,False,True,18,-1,False,False,False,False,,,False,3.003571473129286,,False,True,,5,0,False,False
r2_a_zero,camera_crash_10,recovery_1_5,325cef682f064c55a255f2625c533b75,61a7bd24f88a46c2963280d8b13ac675,1538984239.948316,53,5,681,propagated,defer,recover,1.0,0.5507142543792725,1.212977409362793,0.04405713826417923,0.0,0.9749617576599121,1.0,0.758083164691925,"[0.08743440359830856, 0.0, 0.30812281370162964, 0.0, 0.6044427752494812, 0.0]","[0.0, 0.0, 0.0, 0.9999972581863403, 1.9223564962089768e-09, 0.0]","[-7.63262939453125, -14.50897216796875, -1.6901130676269531]","[-7.566112518310547, -12.741588592529297, -1.580275535583496]","[716.5421752929688, 1787.5289306640625, 1.1490120887756348]","[-7.6880202293396, -13.85555648803711, -1.6901130676269531]",pedestrian,0.057770274579524994,False,False,130,True,True,True,False,False,False,True,0,-1,False,False,False,True,293abeb43b2a439abcd4ff08b981eeb9,pedestrian,True,1.4268262076182157,0.21686802011411022,True,False,13,0,0,True,False
r2_a_zero,camera_crash_10,recovery_1_5,325cef682f064c55a255f2625c533b75,61a7bd24f88a46c2963280d8b13ac675,1538984239.948316,53,5,733,propagated,defer,defer,4.0,0.36111047863960266,0.0,0.0,0.0,0.9885348677635193,1.0,0.6701985597610474,"[0.0, 0.0, 0.0, 0.0, 0.0, 0.0]","[0.0, 0.0, 0.0, 0.9999974966049194, 0.0, 0.0]","[4.25927734375, -42.25390625, -4.113719940185547]","[5.000835418701172, -42.093910217285156, -4.14628791809082]","[732.9566650390625, 1815.0250244140625, 0.37184321880340576]","[4.259276390075684, -42.25390625, -4.113719940185547]",car,0.002242696238681674,False,False,-1,False,True,True,False,False,False,True,1,-1,False,False,False,False,,,False,7.290971762910628,,False,True,,0,0,False,False
r2_a_zero,camera_crash_10,recovery_1_5,325cef682f064c55a255f2625c533b75,61a7bd24f88a46c2963280d8b13ac675,1538984239.948316,53,5,859,propagated,defer,defer,4.0,0.34027040004730225,0.0,0.0,0.0,0.9893749356269836,1.0,0.6702804565429688,"[0.0, 0.0, 0.0, 0.0, 0.0, 0.0]","[0.0, 0.0, 0.0, 0.9999973773956299, 0.0, 0.0]","[3.45050048828125, -41.66925048828125, -4.0281829833984375]","[3.640827178955078, -40.96365737915039, -4.031033039093018]","[732.8394165039062, 1813.2576904296875, 0.4284297227859497]","[3.4504995346069336, -41.66925048828125, -4.0281829833984375]",bicycle,0.0019981013610959053,False,False,-1,False,True,True,False,False,False,True,2,-1,False,False,False,False,,,False,6.7288350803716375,,False,True,,0,0,False,False
r2_a_zero,camera_crash_10,recovery_1_5,325cef682f064c55a255f2625c533b75,61a7bd24f88a46c2963280d8b13ac675,1538984239.948316,53,5,880,propagated,defer,defer,1.0,0.25274696946144104,0.0,0.0,0.0,0.9739552736282349,1.0,0.7710280418395996,"[0.0, 0.0, 0.0, 0.0, 0.0, 0.0]","[0.0, 0.0, 0.0, 0.9999958276748657, 7.57608544990759e-15, 0.0]","[-13.306396484375, -30.7412109375, -2.9960060119628906]","[-13.579845428466797, -29.639543533325195, -2.8197999000549316]","[733.778076171875, 1792.643798828125, 1.0937913656234741]","[-13.306397438049316, -30.7412109375, -2.9960060119628906]",pedestrian,0.04273959621787071,False,False,174,True,True,True,False,False,False,True,3,-1,False,False,False,True,0b4e0eb8ab06454d8904248794faa095,pedestrian,True,0.055671183275344586,1.122010397452748e-06,True,False,,0,0,False,False
r2_a_zero,camera_crash_10,recovery_1_5,325cef682f064c55a255f2625c533b75,61a7bd24f88a46c2963280d8b13ac675,1538984239.948316,53,5,895,propagated,defer,defer,1.0,0.3979422152042389,0.0,0.0,0.0,0.979590892791748,1.0,0.7759268879890442,"[0.0, 0.0, 0.0, 0.0, 0.0, 0.0]","[0.0, 0.0, 0.0, 0.9999932050704956, 1.9465219750266725e-24, 0.0]","[-10.0009765625, -31.309326171875, -2.8082275390625]","[-9.607006072998047, -30.41652488708496, -2.527681589126587]","[732.0477294921875, 1796.3031005859375, 1.3898676633834839]","[-10.000977516174316, -31.309326171875, -2.8082275390625]",pedestrian,0.17358200252056122,False,False,44,True,True,True,False,False,False,True,4,-1,True,False,False,True,26ae4a920a9c4457909454cd8a84c959,pedestrian,True,1.21467299374339,1.224155849741039e-06,True,False,13,0,0,True,False
r2_a_zero,camera_crash_10,recovery_1_5,325cef682f064c55a255f2625c533b75,609d5177362340458a3bfd4949cd1e64,1538984240.448191,54,5,13,base,defer,defer,0.0,0.3528009355068207,0.0,0.0,0.0,0.0,1.0,0.6709082126617432,"[0.0, 0.0, 0.0, 0.0, 0.0, 0.0]","[0.0, 0.0, 0.0, 0.9999953508377075, 0.0, 1.808054378499276e-36]","[0.0, 0.0, 0.0]","[6.462688446044922, -40.71940994262695, -3.4543638229370117]","[733.0941772460938, 1809.73291015625, 1.3233369588851929]","[0.0, 0.0, 0.0]",car,0.010804802179336548,False,False,-1,False,False,False,False,False,True,True,-1,-1,False,False,False,False,,,False,6.777258873563349,,False,True,,0,0,False,False
r2_a_zero,camera_crash_10,recovery_1_5,325cef682f064c55a255f2625c533b75,609d5177362340458a3bfd4949cd1e64,1538984240.448191,54,5,23,base,defer,defer,0.0,0.4146769642829895,0.0,0.0,0.0,0.0,1.0,0.634146511554718,"[0.0, 0.0, 0.0, 0.0, 0.0, 0.0]","[0.0, 0.0, 0.0, 0.9999946355819702, 0.0, 4.949571779155165e-27]","[0.0, 0.0, 0.0]","[10.586669921875, -43.15854263305664, -3.492866039276123]","[733.3480834960938, 1814.51611328125, 1.4475148916244507]","[0.0, 0.0, 0.0]",car,0.008311768062412739,False,False,-1,False,False,False,False,False,True,True,-1,-1,False,False,False,False,,,False,7.082863351714619,,False,True,,0,0,False,False
r2_a_zero,camera_crash_10,recovery_1_5,325cef682f064c55a255f2625c533b75,609d5177362340458a3bfd4949cd1e64,1538984240.448191,54,5,684,propagated,defer,defer,0.0,0.40383532643318176,0.0,0.0,0.0,0.9849774241447449,1.0,0.7513296604156494,"[0.0, 0.0, 0.0, 1.0, 3.9407577335194755e-26, 0.0]","[0.0, 0.0, 0.0, 0.9999927282333374, 0.0, 0.0]","[-5.06591796875, -32.356201171875, -2.718090057373047]","[-4.230201721191406, -32.555118560791016, -2.5808401107788086]","[730.7568359375, 1796.4591064453125, 1.6371830701828003]","[-5.065918445587158, -32.356201171875, -2.718090057373047]",pedestrian,0.020024586468935013,False,False,-1,False,False,True,False,False,False,True,4,-1,True,False,False,True,a146d0e0204643deb471d728e0243ddc,pedestrian,True,1.553601366572516,1.3810392402095553e-06,True,False,14,0,0,True,False
r2_a_zero,camera_crash_10,recovery_1_5,325cef682f064c55a255f2625c533b75,609d5177362340458a3bfd4949cd1e64,1538984240.448191,54,5,731,propagated,defer,defer,0.0,0.3192237913608551,0.0,0.0,0.0,0.9777045249938965,1.0,0.7748104929924011,"[0.0, 0.0, 0.0, 1.0, 2.760993338254622e-14, 0.0]","[0.0, 0.0, 0.0, 0.9999948740005493, 5.111423368711071e-28, 0.0]","[-10.2288818359375, -33.58123779296875, -3.1732635498046875]","[-9.187400817871094, -33.629547119140625, -2.9723403453826904]","[734.0238647460938, 1792.5701904296875, 1.3469282388687134]","[-10.228882789611816, -33.58123779296875, -3.1732635498046875]",pedestrian,0.0025531563442200422,False,False,-1,False,False,False,False,False,True,True,-1,-1,False,False,False,True,32beeedcb9c44706802f47214e2c1d8f,pedestrian,True,0.3042161464103337,5.343478537798406e-07,True,False,,0,0,False,False
r2_a_zero,camera_crash_10,recovery_1_5,325cef682f064c55a255f2625c533b75,609d5177362340458a3bfd4949cd1e64,1538984240.448191,54,5,888,propagated,defer,defer,0.0,0.3625534772872925,0.0,0.0,0.0,0.9948345422744751,1.0,0.7142022848129272,"[0.0, 0.0, 0.0, 0.9999997615814209, 2.211856013900615e-07, 0.0]","[0.0, 0.0, 0.0, 0.9999943971633911, 1.0823852702700317e-18, 0.0]","[-6.57562255859375, -15.81573486328125, -1.6358146667480469]","[-6.304229736328125, -15.377086639404297, -1.4610199928283691]","[716.4495849609375, 1786.6650390625, 1.4952634572982788]","[-6.754373550415039, -15.216583251953125, -1.6358146667480469]",pedestrian,0.0045406329445540905,False,False,-1,False,False,False,False,False,True,True,-1,-1,False,False,False,True,50f20841589c4a7da2f67c96e2a6b25e,pedestrian,True,1.0414672342206721,0.37167207277955716,True,False,,0,0,True,False
r2_a_zero,camera_crash_10,recovery_1_5,325cef682f064c55a255f2625c533b75,b1303058fa624645b753d7283d70de45,1538984240.947518,55,5,742,propagated,defer,keep,0.0,0.3975237309932709,0.0,0.0,0.0,0.9971636533737183,1.0,0.7540221214294434,"[0.0, 0.0, 0.0, 1.0, 2.1781187224320836e-27, 0.0]","[0.0, 0.0, 0.0, 0.999990701675415, 0.0, 0.0]","[2.058349609375, -32.95904541015625, -2.4959945678710938]","[1.8288764953613281, -33.23444366455078, -2.3797378540039062]","[729.2565307617188, 1795.9754638671875, 1.7327864170074463]","[2.058349370956421, -32.95904541015625, -2.4959945678710938]",pedestrian,0.0164632648229599,False,False,-1,False,False,True,False,False,False,True,4,-1,False,False,False,False,,,False,3.0578163060154826,,False,True,,0,0,False,False
r2_a_zero,camera_crash_10,recovery_1_5,325cef682f064c55a255f2625c533b75,a19a80c905674faab7203a3a4e0f5246,1538984241.447959,56,5,737,propagated,defer,defer,0.0,0.28677618503570557,0.0,0.0,0.0,0.997215747833252,1.0,0.7245148420333862,"[0.0, 0.0, 0.0, 1.0, 0.0, 0.0]","[0.0, 0.0, 0.0, 0.9999804496765137, 0.0, 9.92293556246634e-31]","[7.54730224609375, -34.073822021484375, -1.921457290649414]","[7.190013885498047, -33.860599517822266, -1.821686029434204]","[729.0228271484375, 1794.882568359375, 1.8110787868499756]","[7.442349433898926, -34.1170768737793, -1.921457290649414]",pedestrian,0.0030505380127578974,False,False,-1,False,False,False,False,False,True,True,-1,-1,False,False,False,False,,,False,15.201361372570373,,False,True,,0,0,False,False
r2_a_zero,compound,recovery_1_5,fcbccedd61424f1b85dcbf8f897f9754,de7593d76648450e947ba0c203dee1b0,1533151609.947025,13,5,658,propagated,defer,recover,2.0,0.5939699411392212,1.259542465209961,0.046543899923563004,0.0,0.9740926623344421,1.0,0.7205765247344971,"[0.3640907406806946, 0.2367592304944992, 0.0, 0.0, 0.0, 0.399150013923645]","[0.0, 0.0, 0.0, 0.9999737739562988, 0.0, 3.694679894771229e-16]","[5.47418212890625, -17.174468994140625, -1.7391242980957031]","[6.554828643798828, -17.715068817138672, -1.7288682460784912]","[625.0885009765625, 1621.8492431640625, 1.0940420627593994]","[5.4170660972595215, -17.58152961730957, -1.7391242980957031]",pedestrian,0.07907462120056152,False,False,152,True,True,True,False,False,False,True,0,-1,True,True,True,True,0e9b314c6a1f41189116b67fb257d8ba,pedestrian,True,0.8611330775749934,0.0921386815364646,True,False,13,0,0,True,False
r2_a_zero,compound,recovery_1_5,fcbccedd61424f1b85dcbf8f897f9754,de7593d76648450e947ba0c203dee1b0,1533151609.947025,13,5,661,propagated,defer,recover,2.0,0.5433660745620728,1.9539175033569336,0.04346928372979164,0.0,0.9759284257888794,1.0,0.6873950362205505,"[0.19846725463867188, 0.0, 0.3644085228443146, 0.0, 0.4371241331100464, 0.0]","[0.0, 0.0, 0.0, 0.9999731779098511, 2.286262325290611e-11, 0.0]","[-13.60565185546875, -23.95196533203125, -2.1431522369384766]","[-12.790828704833984, -25.136962890625, -2.164440870285034]","[631.767333984375, 1641.467529296875, 1.3102275133132935]","[-13.64954948425293, -24.443819046020508, -2.1431522369384766]",pedestrian,0.06847157329320908,False,False,197,True,True,True,False,False,False,True,1,-1,True,True,True,True,84b1b1dde33e44bea0d99dc3094fd49a,pedestrian,True,0.4698474955179434,0.19143332125419352,True,False,13,0,0,True,False
r2_a_zero,compound,recovery_1_5,fcbccedd61424f1b85dcbf8f897f9754,de7593d76648450e947ba0c203dee1b0,1533151609.947025,13,5,670,propagated,defer,defer,2.0,0.5520949959754944,0.0,0.0,0.0,0.9701281189918518,1.0,0.7532312273979187,"[0.0, 0.0, 0.0, 0.0, 0.0, 0.0]","[0.0, 0.0, 0.0, 0.9999501705169678, 4.76250360741299e-31, 0.0]","[-11.61163330078125, -45.040802001953125, -3.3781604766845703]","[-10.442527770996094, -45.58943176269531, -3.1959609985351562]","[614.5350341796875, 1652.77685546875, 1.4829195737838745]","[-11.660135269165039, -45.56511688232422, -3.3781604766845703]",pedestrian,0.29615309834480286,False,False,9,True,True,True,False,False,False,True,2,-1,False,False,False,False,,,False,2.439290264146698,,False,True,,0,0,False,False
r2_a_zero,compound,recovery_1_5,fcbccedd61424f1b85dcbf8f897f9754,de7593d76648450e947ba0c203dee1b0,1533151609.947025,13,5,672,propagated,defer,recover,3.0,0.5338090658187866,0.9025912284851074,0.04270472377538681,0.0,0.978188693523407,1.0,0.7224805951118469,"[3.180582091113354e-26, 0.2671468257904053, 0.0, 0.0, 0.0, 0.73285311460495]","[0.0, 0.0, 0.0, 0.9999730587005615, 0.0, 7.785462182452427e-19]","[5.34735107421875, -18.576629638671875, -1.8849430084228516]","[6.277610778808594, -19.229909896850586, -1.8377766609191895]","[624.099853515625, 1623.034912109375, 1.079180359840393]","[5.302755355834961, -18.842527389526367, -1.8849430084228516]",pedestrian,0.06281781941652298,False,False,225,True,True,True,False,False,False,True,3,-1,True,True,True,True,ebc5a02f9ea64bbd9f3ccc3b84563d35,pedestrian,True,0.1273043301058618,0.2560337130891107,True,False,13,0,0,True,False
r2_a_zero,compound,recovery_1_5,fcbccedd61424f1b85dcbf8f897f9754,de7593d76648450e947ba0c203dee1b0,1533151609.947025,13,5,678,propagated,defer,recover,3.0,0.5989978909492493,1.3573226928710938,0.046543899923563004,0.0,0.9765523076057434,1.0,0.7091814279556274,"[0.14746862649917603, 0.33922383189201355, 0.0, 0.0, 0.0, 0.5133075714111328]","[0.0, 0.0, 0.0, 0.9999622106552124, 0.0, 2.7310842146697886e-21]","[5.7322998046875, -22.15972900390625, -2.0214405059814453]","[6.653617858886719, -23.112863540649414, -1.980086088180542]","[620.8750610351562, 1625.233154296875, 1.1661362648010254]","[5.667082786560059, -22.653093338012695, -2.0214405059814453]",pedestrian,0.06678644567728043,False,False,209,True,True,True,False,False,False,True,4,-1,True,True,True,True,b73d145dba9145689b3ff2621c381fe4,pedestrian,True,1.3428581888729998,0.6011608786784658,True,False,13,0,0,True,False
r2_a_zero,compound,recovery_1_5,fcbccedd61424f1b85dcbf8f897f9754,de7593d76648450e947ba0c203dee1b0,1533151609.947025,13,5,680,propagated,defer,recover,3.0,0.4910939335823059,2.5110645294189453,0.0392875149846077,0.0,0.9735321998596191,1.0,0.7706020474433899,"[0.28488633036613464, 0.0, 0.3144972324371338, 0.0, 0.40061649680137634, 0.0]","[0.0, 0.0, 0.0, 0.999974250793457, 8.86676951359968e-21, 0.0]","[-9.25140380859375, -22.92724609375, -2.105661392211914]","[-8.099254608154297, -22.834030151367188, -2.034393072128296]","[630.534423828125, 1636.3873291015625, 1.2519861459732056]","[-9.25140380859375, -22.92724609375, -2.105661392211914]",pedestrian,0.059040848165750504,False,False,240,True,True,True,False,False,False,True,5,-1,True,True,True,True,e833662c5eb64d2580f877fee97117c5,pedestrian,True,0.2597526370787717,0.27003928527980803,True,False,13,0,0,True,False
r2_a_zero,compound,recovery_1_5,fcbccedd61424f1b85dcbf8f897f9754,de7593d76648450e947ba0c203dee1b0,1533151609.947025,13,5,685,propagated,defer,defer,2.0,0.43860846757888794,0.0,0.0,0.0,0.9718937873840332,1.0,0.7396298050880432,"[0.0, 0.0, 0.0, 0.0, 0.0, 0.0]","[0.0, 0.0, 0.0, 0.9999094009399414, 0.0, 1.7192152661143438e-31]","[5.9246826171875, -39.582122802734375, -2.377216339111328]","[6.740245819091797, -40.68365478515625, -2.4640281200408936]","[607.322998046875, 1636.4130859375, 1.7365096807479858]","[5.9312357902526855, -39.8099250793457, -2.377216339111328]",pedestrian,0.19301737844944,False,False,27,True,True,True,False,False,False,True,6,-1,False,False,False,False,,,False,2.028350440948374,,False,True,,0,0,False,False
r2_a_zero,compound,recovery_1_5,fcbccedd61424f1b85dcbf8f897f9754,de7593d76648450e947ba0c203dee1b0,1533151609.947025,13,5,686,propagated,defer,recover,1.0,0.5241498947143555,0.8111696243286133,0.041931990534067154,0.0,0.9904685616493225,1.0,0.7486123442649841,"[0.17238236963748932, 0.2769716680049896, 0.0, 0.0, 0.0, 0.5506459474563599]","[0.0, 0.0, 0.0, 0.9999768733978271, 0.0, 2.951432520603703e-07]","[7.45794677734375, -14.87530517578125, -1.5729389190673828]","[8.135017395019531, -14.619346618652344, -1.5274584293365479]","[626.4590454101562, 1618.6488037109375, 1.0925248861312866]","[7.466073036193848, -14.448165893554688, -1.5729389190673828]",pedestrian,0.06076779589056969,False,False,237,True,True,True,False,False,False,True,7,-1,True,True,True,True,16a95164fcdd44e99cf99a93dd13b017,pedestrian,True,0.9218839584128306,0.6030859451968624,True,False,13,0,0,True,False
r2_a_zero,compound,recovery_1_5,fcbccedd61424f1b85dcbf8f897f9754,de7593d76648450e947ba0c203dee1b0,1533151609.947025,13,5,688,propagated,defer,defer,2.0,0.5357764959335327,0.0,0.0,0.0,0.964657723903656,1.0,0.7512133121490479,"[0.0, 0.0, 0.0, 0.0, 0.0, 0.0]","[0.0, 0.0, 0.0, 0.9999493360519409, 1.9633595212273406e-33, 0.0]","[-11.09808349609375, -47.2113037109375, -3.542329788208008]","[-9.865501403808594, -47.568946838378906, -3.3133087158203125]","[612.6425170898438, 1653.6036376953125, 1.4784384965896606]","[-11.172586441040039, -47.76433563232422, -3.542329788208008]",pedestrian,0.24449209868907928,False,False,14,True,True,True,False,False,False,True,8,-1,False,False,False,True,7a0cca0f12d547518dd80d8df2c501bb,pedestrian,True,1.8128626041424682,0.5364966470462269,True,False,,0,0,False,False
r2_a_zero,compound,recovery_1_5,fcbccedd61424f1b85dcbf8f897f9754,de7593d76648450e947ba0c203dee1b0,1533151609.947025,13,5,694,propagated,defer,recover,2.0,0.5458440184593201,1.4405765533447266,0.043667521327733994,0.0,0.9824900031089783,1.0,0.6898625493049622,"[0.35816502571105957, 0.30089670419692993, 0.0, 0.0, 0.0, 0.3409382700920105]","[0.0, 0.0, 0.0, 0.9999724626541138, 0.0, 3.8265452004943024e-13]","[6.5623779296875, -16.92022705078125, -1.6975879669189453]","[7.398021697998047, -17.488758087158203, -1.6969244480133057]","[624.723388671875, 1621.0556640625, 1.1033856868743896]","[6.52866792678833, -17.131715774536133, -1.6975879669189453]",pedestrian,0.06760621815919876,False,False,206,True,True,True,False,False,False,True,9,-1,True,True,True,True,bff8170575c24b5d8714061f5349892b,pedestrian,True,0.35254157314395684,0.36392574070939276,True,False,13,0,0,True,False
r2_a_zero,compound,recovery_1_5,fcbccedd61424f1b85dcbf8f897f9754,de7593d76648450e947ba0c203dee1b0,1533151609.947025,13,5,697,propagated,defer,recover,2.0,0.5090146660804749,1.9425029754638672,0.04072117060422897,0.0,0.969048261642456,1.0,0.6783831119537354,"[0.20934583246707916, 0.0, 0.3650093972682953, 0.0, 0.42564472556114197, 0.0]","[0.0, 0.0, 0.0, 0.9999744892120361, 1.1103558350544773e-10, 0.0]","[-14.3736572265625, -24.590057373046875, -2.1994686126708984]","[-13.200279235839844, -25.24762535095215, -2.197218656539917]","[631.943359375, 1641.8541259765625, 1.2885024547576904]","[-14.443790435791016, -25.087255477905273, -2.1994686126708984]",pedestrian,0.03616104647517204,False,False,-1,False,True,True,False,False,False,True,10,-1,True,True,True,True,84b1b1dde33e44bea0d99dc3094fd49a,pedestrian,True,0.6266420526967909,0.2115691149025374,True,False,13,0,0,True,False
r2_a_zero,compound,recovery_1_5,fcbccedd61424f1b85dcbf8f897f9754,de7593d76648450e947ba0c203dee1b0,1533151609.947025,13,5,700,propagated,defer,defer,1.0,0.3813072144985199,0.0,0.0,0.0,0.9678375720977783,1.0,0.6738054752349854,"[0.0, 0.0, 0.0, 0.0, 0.0, 0.0]","[0.0, 0.0, 0.0, 0.9999785423278809, 3.0721633570429674e-10, 0.0]","[-15.58740234375, -26.239288330078125, -2.5062179565429688]","[-14.47458267211914, -27.269790649414062, -2.456596851348877]","[631.1981201171875, 1644.1365966796875, 1.1644893884658813]","[-15.615238189697266, -26.694473266601562, -2.5062179565429688]",pedestrian,0.10477093607187271,False,False,92,True,True,True,False,False,False,True,11,-1,False,False,False,True,c97be344ac4143ffa69b0b5ed22f31c2,pedestrian,True,0.970197868302087,1.1328159306769259,True,False,13,0,0,True,False
r2_a_zero,compound,recovery_1_5,fcbccedd61424f1b85dcbf8f897f9754,de7593d76648450e947ba0c203dee1b0,1533151609.947025,13,5,709,propagated,defer,defer,5.0,0.5550536513328552,0.0,0.0,0.0,0.9743124842643738,1.0,0.744199275970459,"[0.0, 0.0, 0.0, 0.0, 0.0, 0.0]","[0.0, 0.0, 0.0, 0.9999347925186157, 0.0, 2.171428625130944e-22]","[9.70770263671875, -40.9630126953125, -2.8641433715820312]","[10.846141815185547, -41.01525115966797, -2.8153209686279297]","[604.4254760742188, 1633.488037109375, 1.3621312379837036]","[9.707701683044434, -40.9630126953125, -2.8641433715820312]",traffic_cone,0.16676877439022064,False,False,45,True,True,True,False,False,False,True,12,-1,False,False,False,False,,,False,3.454204594457012,,False,True,,0,0,False,False
r2_a_zero,compound,recovery_1_5,fcbccedd61424f1b85dcbf8f897f9754,de7593d76648450e947ba0c203dee1b0,1533151609.947025,13,5,720,propagated,defer,defer,1.0,0.3519538640975952,0.0,0.0,0.0,0.9533571004867554,1.0,0.7678280472755432,"[0.0, 0.0, 0.0, 0.0, 0.0, 0.0]","[0.0, 0.0, 0.0, 0.9999783039093018, 1.3123267750270173e-10, 0.0]","[-13.0294189453125, -21.51800537109375, -2.0904674530029297]","[-11.899974822998047, -22.572629928588867, -2.0702874660491943]","[633.16748046875, 1639.140869140625, 1.2408652305603027]","[-13.029419898986816, -21.51800537109375, -2.0904674530029297]",pedestrian,0.11520058661699295,False,False,76,True,True,True,False,False,False,True,13,-1,False,False,False,False,,,False,2.096908243478554,,False,True,,0,0,False,False
r2_a_zero,compound,recovery_1_5,fcbccedd61424f1b85dcbf8f897f9754,de7593d76648450e947ba0c203dee1b0,1533151609.947025,13,5,723,propagated,defer,recover,2.0,0.4522036612033844,2.0010690689086914,0.03617629036307335,0.0,0.9613587856292725,1.0,0.685971736907959,"[0.08230981230735779, 0.0, 0.3606434464454651, 0.0, 0.5570467710494995, 0.0]","[0.0, 0.0, 0.0, 0.9999806880950928, 1.3800619313997231e-08, 0.0]","[-16.6763916015625, -26.49786376953125, -2.4756298065185547]","[-15.471385955810547, -27.216567993164062, -2.518134355545044]","[631.8748779296875, 1644.8709716796875, 1.1104658842086792]","[-16.6763916015625, -26.49786376953125, -2.4756298065185547]",pedestrian,0.023706164211034775,False,False,-1,False,True,True,False,False,False,True,14,-1,False,False,False,True,c97be344ac4143ffa69b0b5ed22f31c2,pedestrian,True,0.34095994151627323,9.486499093480513e-08,True,False,13,0,0,True,False
r2_a_zero,compound,recovery_1_5,fcbccedd61424f1b85dcbf8f897f9754,de7593d76648450e947ba0c203dee1b0,1533151609.947025,13,5,738,propagated,defer,defer,2.0,0.4304380714893341,0.0,0.0,0.0,0.9648510813713074,1.0,0.7287918329238892,"[0.0, 0.0, 0.0, 0.0, 0.0, 0.0]","[0.0, 0.0, 0.0, 0.9999499320983887, 3.148431470560286e-36, 0.0]","[-10.00897216796875, -46.952301025390625, -3.579740524291992]","[-8.794784545898438, -47.671714782714844, -3.3404922485351562]","[611.876953125, 1652.8482666015625, 1.446092963218689]","[-10.096244812011719, -47.4766731262207, -3.579740524291992]",pedestrian,0.16947922110557556,False,False,42,True,True,True,False,False,False,True,15,-1,False,False,False,True,7a0cca0f12d547518dd80d8df2c501bb,pedestrian,True,0.8859868763975484,0.5582299860614645,True,False,,0,0,False,False
r2_a_zero,compound,recovery_1_5,fcbccedd61424f1b85dcbf8f897f9754,de7593d76648450e947ba0c203dee1b0,1533151609.947025,13,5,743,propagated,defer,recover,1.0,0.3640654981136322,0.37230873107910156,0.029125239700078964,0.0,0.9745264053344727,1.0,0.694543719291687,"[0.0, 0.0, 0.0, 0.0, 1.0, 0.0]","[0.0, 0.0, 0.0, 0.9999488592147827, 0.00016693194629624486, 0.0]","[-15.84613037109375, -21.257293701171875, -2.169321060180664]","[-14.863044738769531, -21.81760597229004, -2.2681896686553955]","[635.6363525390625, 1640.943359375, 1.0295159816741943]","[-15.84613037109375, -21.257293701171875, -2.169321060180664]",pedestrian,0.023431776091456413,False,False,-1,False,True,True,False,False,False,True,16,-1,False,False,False,False,,,False,3.074174110939733,,False,True,,5,0,False,False
r2_a_zero,compound,recovery_1_5,fcbccedd61424f1b85dcbf8f897f9754,de7593d76648450e947ba0c203dee1b0,1533151609.947025,13,5,759,propagated,defer,defer,1.0,0.4738675355911255,0.0,0.0,0.0,0.9719505310058594,1.0,0.7552058696746826,"[0.0, 0.0, 0.0, 0.0, 0.0, 0.0]","[0.0, 0.0, 0.0, 0.9999507665634155, 2.0103428519966208e-30, 0.0]","[-11.483642578125, -43.631927490234375, -3.3439407348632812]","[-10.514984130859375, -44.72211837768555, -3.149021625518799]","[615.24853515625, 1652.2762451171875, 1.4784983396530151]","[-11.553009986877441, -44.16801834106445, -3.3439407348632812]",pedestrian,0.15810246765613556,False,False,49,True,True,True,False,False,False,True,17,-1,False,False,False,True,2f009793dd694578990c045dc8c77e31,pedestrian,True,1.6466199810823923,0.5072738910898993,True,False,,0,0,False,False
r2_a_zero,compound,recovery_1_5,fcbccedd61424f1b85dcbf8f897f9754,de7593d76648450e947ba0c203dee1b0,1533151609.947025,13,5,762,propagated,defer,recover,1.0,0.4570327699184418,0.925236701965332,0.03656262159347534,0.0,0.9915858507156372,1.0,0.6747554540634155,"[0.02167416550219059, 0.0, 0.36915111541748047, 0.0, 0.6091747879981995, 0.0]","[0.0, 0.0, 0.0, 0.9999750852584839, 3.433301390032284e-05, 0.0]","[-18.08477783203125, -26.36767578125, -2.5121326446533203]","[-17.515193939208984, -26.666526794433594, -2.605679750442505]","[633.6021728515625, 1646.0933837890625, 1.0117988586425781]","[-18.08477783203125, -26.36767578125, -2.5121326446533203]",pedestrian,0.022630827501416206,False,False,-1,False,True,True,False,False,False,True,18,-1,False,False,False,False,,,False,2.158615730620928,,False,True,,2,0,False,False
r2_a_zero,compound,recovery_1_5,fcbccedd61424f1b85dcbf8f897f9754,de7593d76648450e947ba0c203dee1b0,1533151609.947025,13,5,767,propagated,defer,recover,1.0,0.5532970428466797,0.7829809188842773,0.04426376149058342,0.0,0.9843040108680725,1.0,0.6834456324577332,"[0.0, 0.0, 0.14973339438438416, 0.0, 0.8502666354179382, 0.0]","[0.0, 0.0, 0.0, 0.999953031539917, 0.00032775921863503754, 0.0]","[-20.38836669921875, -28.280487060546875, -2.7054481506347656]","[-19.758947372436523, -28.90557098388672, -2.769688606262207]","[633.315185546875, 1649.25439453125, 1.0062943696975708]","[-20.38836669921875, -28.280487060546875, -2.7054481506347656]",pedestrian,0.020604606717824936,False,False,-1,False,True,True,False,False,False,True,19,-1,False,False,False,False,,,False,4.8363816232496655,,False,True,,2,0,False,False
r2_a_zero,compound,recovery_1_5,fcbccedd61424f1b85dcbf8f897f9754,de7593d76648450e947ba0c203dee1b0,1533151609.947025,13,5,770,propagated,defer,recover,2.0,0.37908604741096497,1.5044746398925781,0.030326882377266884,0.0,0.9597721099853516,1.0,0.707828938961029,"[0.3309440314769745, 0.2214479297399521, 0.0, 0.0, 0.0, 0.4476080536842346]","[0.0, 0.0, 0.0, 0.9999707937240601, 0.0, 9.791114723460212e-15]","[6.11468505859375, -17.94207763671875, -1.7696590423583984]","[7.360645294189453, -18.75580596923828, -1.7730276584625244]","[623.7724609375, 1621.8973388671875, 1.103850245475769]","[6.109062671661377, -18.05830955505371, -1.7696590423583984]",pedestrian,0.021863587200641632,False,False,-1,False,True,True,False,False,False,True,20,-1,True,True,True,True,4eb1a864acc24ef89aa487d5002cc071,pedestrian,True,0.1893184144766874,0.11702226966545544,True,False,13,0,0,True,False
r2_a_zero,compound,recovery_1_5,fcbccedd61424f1b85dcbf8f897f9754,de7593d76648450e947ba0c203dee1b0,1533151609.947025,13,5,779,propagated,defer,defer,1.0,0.44791465997695923,0.0,0.0,0.0,0.9759997725486755,1.0,0.757106602191925,"[0.0, 0.0, 0.0, 0.0, 0.0, 0.0]","[0.0, 0.0, 0.0, 0.9999493360519409, 2.8678503534587693e-35, 0.0]","[-9.88116455078125, -45.544281005859375, -3.5318756103515625]","[-8.900413513183594, -46.204505920410156, -3.23124361038208]","[613.0742797851562, 1651.987060546875, 1.4682210683822632]","[-9.953453063964844, -46.08052062988281, -3.5318756103515625]",pedestrian,0.15451547503471375,False,False,53,True,True,True,False,False,False,True,21,-1,False,False,False,False,,,False,2.257235130959532,,False,True,,0,0,False,False
r2_a_zero,compound,recovery_1_5,fcbccedd61424f1b85dcbf8f897f9754,de7593d76648450e947ba0c203dee1b0,1533151609.947025,13,5,785,propagated,defer,recover,1.0,0.3774983286857605,1.0597858428955078,0.030199864879250526,0.0,0.9803094863891602,1.0,0.6839641332626343,"[0.13235601782798767, 0.0, 0.35511383414268494, 0.0, 0.5125302076339722, 0.0]","[0.0, 0.0, 0.0, 0.9999432563781738, 0.0002347040717722848, 0.0]","[-16.29351806640625, -22.277587890625, -2.2677078247070312]","[-15.299312591552734, -22.326017379760742, -2.327343463897705]","[635.5234375, 1641.60595703125, 1.0056158304214478]","[-16.29351806640625, -22.277587890625, -2.2677078247070312]",pedestrian,0.019073668867349625,False,False,-1,False,True,True,False,False,False,True,22,-1,False,False,False,False,,,False,2.839443001794602,,False,True,,5,0,False,False
r2_a_zero,compound,recovery_1_5,fcbccedd61424f1b85dcbf8f897f9754,de7593d76648450e947ba0c203dee1b0,1533151609.947025,13,5,804,propagated,defer,recover,1.0,0.36643311381340027,0.8688125610351562,0.029314648360013962,0.0,0.9833067059516907,1.0,0.7109693884849548,"[0.011473841033875942, 0.0, 0.3794792890548706, 0.0, 0.6090468764305115, 0.0]","[0.0, 0.0, 0.0, 0.9999812841415405, 2.8269498670852045e-06, 0.0]","[-17.7645263671875, -26.7518310546875, -2.5220394134521484]","[-16.862388610839844, -26.908124923706055, -2.580601215362549]","[632.9998168945312, 1645.7451171875, 1.044390082359314]","[-17.7645263671875, -26.7518310546875, -2.5220394134521484]",pedestrian,0.016167867928743362,False,False,-1,False,True,True,False,False,False,True,23,-1,False,False,False,True,c97be344ac4143ffa69b0b5ed22f31c2,pedestrian,True,1.4944328530058668,2.0598860116367386e-07,True,False,13,0,0,True,False
r2_a_zero,compound,recovery_1_5,fcbccedd61424f1b85dcbf8f897f9754,de7593d76648450e947ba0c203dee1b0,1533151609.947025,13,5,809,propagated,defer,recover,1.0,0.3584691882133484,1.0184288024902344,0.02867753431200981,0.0,0.9826908707618713,1.0,0.6878241300582886,"[0.09328312426805496, 0.0, 0.35853490233421326, 0.0, 0.54818195104599, 0.0]","[0.0, 0.0, 0.0, 0.9999468326568604, 0.00021153500711079687, 0.0]","[-16.29345703125, -22.27728271484375, -2.272581100463867]","[-15.392074584960938, -22.511871337890625, -2.346825361251831]","[635.4395141601562, 1641.796875, 0.9983081817626953]","[-16.29345703125, -22.27728271484375, -2.272581100463867]",pedestrian,0.016218869015574455,False,False,-1,False,True,True,False,False,False,True,24,-1,False,False,False,False,,,False,2.846578271052473,,False,True,,5,0,False,False
r2_a_zero,compound,recovery_1_5,fcbccedd61424f1b85dcbf8f897f9754,de7593d76648450e947ba0c203dee1b0,1533151609.947025,13,5,813,propagated,defer,recover,1.0,0.45395299792289734,0.6932687759399414,0.03631623834371567,0.0,0.9817526936531067,1.0,0.7055051922798157,"[0.0, 0.0, 0.1713368147611618, 0.0, 0.828663170337677, 0.0]","[0.0, 0.0, 0.0, 0.9999778270721436, 1.3926706742495298e-05, 0.0]","[-19.74859619140625, -29.05224609375, -2.6667823791503906]","[-18.80602264404297, -29.215768814086914, -2.741644859313965]","[632.4680786132812, 1648.7193603515625, 1.0427722930908203]","[-19.74859619140625, -29.05224609375, -2.6667823791503906]",pedestrian,0.01583736017346382,False,False,-1,False,True,True,False,False,False,True,25,-1,False,False,False,False,,,False,4.155544555063604,,False,True,,2,0,False,False
r2_a_zero,compound,recovery_1_5,fcbccedd61424f1b85dcbf8f897f9754,de7593d76648450e947ba0c203dee1b0,1533151609.947025,13,5,814,propagated,defer,recover,1.0,0.48587650060653687,0.63055419921875,0.03887011855840683,0.0,0.9710110425949097,1.0,0.6764797568321228,"[0.0, 0.0, 0.0034290009643882513, 0.0, 0.9965709447860718, 0.0]","[0.0, 0.0, 0.0, 0.9999558925628662, 0.0002502817951608449, 0.0]","[-19.94097900390625, -27.26031494140625, -2.605112075805664]","[-18.763263702392578, -27.53913688659668, -2.683331251144409]","[633.7290649414062, 1647.61279296875, 0.9999165534973145]","[-19.94097900390625, -27.26031494140625, -2.605112075805664]",pedestrian,0.01801149733364582,False,False,-1,False,True,True,False,False,False,True,26,-1,False,False,False,False,,,False,3.4587141766939116,,False,True,,2,0,False,False
r2_a_zero,compound,recovery_1_5,fcbccedd61424f1b85dcbf8f897f9754,de7593d76648450e947ba0c203dee1b0,1533151609.947025,13,5,817,propagated,defer,recover,2.0,0.41879338026046753,0.46758508682250977,0.033503469079732895,0.0,0.971145510673523,1.0,0.6961140036582947,"[0.0, 1.6426143556790074e-19, 0.0, 0.0, 0.0, 1.0]","[0.0, 0.0, 0.0, 0.9999738931655884, 0.0, 9.417326204207602e-17]","[5.15362548828125, -16.792022705078125, -1.7009525299072266]","[6.270210266113281, -17.377532958984375, -1.6992771625518799]","[625.5308837890625, 1621.850830078125, 1.106349229812622]","[5.102054119110107, -17.062328338623047, -1.7009525299072266]",pedestrian,0.018411807715892792,False,False,-1,False,True,True,False,False,False,True,27,-1,True,True,True,True,0e9b314c6a1f41189116b67fb257d8ba,pedestrian,True,0.4596093677179364,0.08340023270614998,True,False,13,0,0,True,False
r2_a_zero,compound,recovery_1_5,fcbccedd61424f1b85dcbf8f897f9754,de7593d76648450e947ba0c203dee1b0,1533151609.947025,13,5,818,propagated,defer,defer,1.0,0.41662541031837463,0.0,0.0,0.0,0.894273042678833,1.0,0.7504861354827881,"[0.0, 0.0, 0.0, 0.0, 0.0, 0.0]","[0.0, 0.0, 0.0, 0.9999423027038574, 0.0, 0.0]","[-4.7581787109375, -36.06219482421875, -3.3577804565429688]","[-3.251361846923828, -38.926815032958984, -2.6838176250457764]","[615.0604858398438, 1642.974365234375, 1.5178955793380737]","[-4.94999361038208, -40.426025390625, -3.3577804565429688]",traffic_cone,0.0007420137990266085,False,False,-1,False,True,True,False,False,False,True,28,-1,False,False,False,True,cf11445013d14ce98d71c50b898e0744,car,False,1.0618109941085399,1.2786898176248471,False,True,,0,0,False,False
r2_a_zero,compound,recovery_1_5,fcbccedd61424f1b85dcbf8f897f9754,de7593d76648450e947ba0c203dee1b0,1533151609.947025,13,5,832,propagated,defer,recover,1.0,0.43065905570983887,0.6755084991455078,0.03445272520184517,0.0,0.9926257729530334,1.0,0.7136846780776978,"[0.0, 0.0, 0.16723188757896423, 0.0, 0.8327680826187134, 0.0]","[0.0, 0.0, 0.0, 0.9999799728393555, 2.5915453534253174e-06, 0.0]","[-18.66021728515625, -28.797027587890625, -2.641815185546875]","[-18.257164001464844, -29.246440887451172, -2.716996908187866]","[632.0940551757812, 1648.3162841796875, 1.0633819103240967]","[-18.66021728515625, -28.797027587890625, -2.641815185546875]",pedestrian,0.014528210274875164,False,False,-1,False,True,True,False,False,False,True,29,-1,False,False,False,False,,,False,3.732448802501409,,False,True,,0,0,False,False
r2_a_zero,compound,recovery_1_5,fcbccedd61424f1b85dcbf8f897f9754,de7593d76648450e947ba0c203dee1b0,1533151609.947025,13,5,844,propagated,defer,defer,1.0,0.39963680505752563,0.0,0.0,0.0,0.9808704853057861,1.0,0.7439164519309998,"[0.0, 0.0, 0.0, 0.0, 0.0, 0.0]","[0.0, 0.0, 0.0, 0.9999781847000122, 1.9585115751397097e-06, 0.0]","[-29.08685302734375, -45.90350341796875, -4.020925521850586]","[-28.732755661010742, -46.81968688964844, -4.051937580108643]","[625.2706298828125, 1667.6490478515625, 0.8967362642288208]","[-29.08685302734375, -45.90350341796875, -4.020925521850586]",pedestrian,0.050542090088129044,False,False,-1,False,True,True,False,False,False,True,30,-1,False,False,False,False,,,False,19.27952516187579,,False,True,,0,0,False,False
r2_a_zero,compound,recovery_1_5,fcbccedd61424f1b85dcbf8f897f9754,de7593d76648450e947ba0c203dee1b0,1533151609.947025,13,5,850,propagated,defer,defer,1.0,0.32030072808265686,0.0,0.0,0.0,0.9841479063034058,1.0,0.7124527096748352,"[0.0, 0.0, 0.0, 0.0, 0.0, 0.0]","[0.0, 0.0, 0.0, 0.9999761581420898, 2.47030152422667e-06, 0.0]","[-31.967041015625, -50.252044677734375, -4.237199783325195]","[-31.12366485595703, -50.54778289794922, -4.2516632080078125]","[623.934326171875, 1671.8759765625, 0.9464958906173706]","[-31.967041015625, -50.252044677734375, -4.237199783325195]",pedestrian,0.04531757906079292,False,False,-1,False,True,True,False,False,False,True,31,-1,False,False,False,False,,,False,22.56132639445763,,False,True,,0,0,False,False
r2_a_zero,compound,recovery_1_5,fcbccedd61424f1b85dcbf8f897f9754,de7593d76648450e947ba0c203dee1b0,1533151609.947025,13,5,851,propagated,defer,defer,1.0,0.21416454017162323,0.0,0.0,0.0,0.9816396236419678,1.0,0.7584825158119202,"[0.0, 0.0, 0.0, 0.0, 0.0, 0.0]","[0.0, 0.0, 0.0, 0.9999737739562988, 0.00011490657925605774, 0.0]","[-32.47955322265625, -48.075164794921875, -4.178779602050781]","[-31.53274917602539, -47.563411712646484, -4.262197494506836]","[626.4850463867188, 1670.2841796875, 0.7612513303756714]","[-32.42082595825195, -47.925228118896484, -4.178779602050781]",traffic_cone,0.006640899460762739,False,False,-1,False,True,True,False,False,False,True,32,-1,False,False,False,False,,,False,22.174205847142122,,False,True,,0,0,False,False
r2_a_zero,compound,recovery_1_5,fcbccedd61424f1b85dcbf8f897f9754,de7593d76648450e947ba0c203dee1b0,1533151609.947025,13,5,867,propagated,defer,defer,4.0,0.38259321451187134,0.0,0.0,0.0,0.9994649887084961,1.0,0.6722702383995056,"[0.0, 0.0, 0.0, 0.0, 0.0, 0.0]","[0.0, 0.0, 0.0, 0.9999517202377319, 3.979727930623556e-24, 0.0]","[-12.19171142578125, -39.68084716796875, -2.929018020629883]","[-12.076377868652344, -39.87417984008789, -2.829185724258423]","[619.9796142578125, 1650.3636474609375, 1.5234330892562866]","[-12.204913139343262, -39.8906135559082, -2.929018020629883]",pedestrian,0.10117309540510178,False,False,96,True,True,True,False,False,False,True,33,-1,False,False,False,False,,,False,4.064992706360987,,False,True,,0,0,False,False
r2_a_zero,compound,recovery_1_5,fcbccedd61424f1b85dcbf8f897f9754,de7593d76648450e947ba0c203dee1b0,1533151609.947025,13,5,872,propagated,defer,recover,1.0,0.4405752718448639,0.14578771591186523,0.035246022045612335,0.0,0.9756979942321777,1.0,0.7596692442893982,"[0.0, 0.0, 0.0, 0.0, 1.0, 0.0]","[0.0, 0.0, 0.0, 0.9999728202819824, 0.00013236752420198172, 0.0]","[-32.350830078125, -46.662506103515625, -4.207912445068359]","[-31.451061248779297, -47.31062316894531, -4.22960090637207]","[626.6278686523438, 1670.0584716796875, 0.7777506113052368]","[-32.350830078125, -46.662506103515625, -4.207912445068359]",pedestrian,0.012983577325940132,False,False,-1,False,True,True,False,False,False,True,34,-1,False,False,False,False,,,False,22.04485258702095,,False,True,,0,0,False,False
r2_a_zero,compound,recovery_1_5,fcbccedd61424f1b85dcbf8f897f9754,de7593d76648450e947ba0c203dee1b0,1533151609.947025,13,5,879,propagated,defer,defer,3.0,0.4599442780017853,0.0,0.0,0.0,0.9043924808502197,1.0,0.7431285977363586,"[0.0, 0.0, 0.0, 0.0, 0.0, 0.0]","[0.0, 0.0, 0.0, 0.9999434947967529, 0.0, 0.0]","[-6.4886474609375, -35.5582275390625, -3.2128372192382812]","[-4.8408966064453125, -39.37528991699219, -2.716487407684326]","[615.733154296875, 1644.483154296875, 1.5290902853012085]","[-6.991093158721924, -39.76884460449219, -3.2128372192382812]",bicycle,0.001572981127537787,False,False,-1,False,True,True,False,False,False,True,35,-1,False,False,False,False,,,False,2.4224414169817257,,False,True,,0,0,False,False
r2_a_zero,compound,recovery_1_5,fcbccedd61424f1b85dcbf8f897f9754,de7593d76648450e947ba0c203dee1b0,1533151609.947025,13,5,895,propagated,defer,defer,1.0,0.3819344937801361,0.0,0.0,0.0,0.9671435356140137,1.0,0.6983861923217773,"[0.0, 0.0, 0.0, 0.0, 0.0, 0.0]","[0.0, 0.0, 0.0, 0.9999798536300659, 1.5365602124006728e-08, 0.0]","[-19.68182373046875, -32.239715576171875, -2.984893798828125]","[-18.43376922607422, -32.570987701416016, -2.9297940731048584]","[629.6487426757812, 1650.5855712890625, 1.0523465871810913]","[-19.68182373046875, -32.239715576171875, -2.984893798828125]",pedestrian,0.038329459726810455,False,False,-1,False,True,True,False,False,False,True,36,-1,False,False,False,False,,,False,6.467472327474511,,False,True,,0,0,False,False
r2_a_zero,compound,recovery_1_5,fcbccedd61424f1b85dcbf8f897f9754,f753d3f87e5b40af87ff2cbf7c8e7082,1533151610.446899,14,5,2,base,defer,defer,0.0,0.38866332173347473,0.0,0.0,0.0,0.0,1.0,0.7497596740722656,"[0.0, 0.0, 0.0, 0.0, 0.0, 0.0]","[0.0, 0.0, 0.0, 0.99993896484375, 3.8197477340987085e-32, 0.0]","[0.0, 0.0, 0.0]","[-10.309078216552734, -47.15061950683594, -3.0841174125671387]","[614.7850952148438, 1652.3414306640625, 1.733415961265564]","[0.0, 0.0, 0.0]",pedestrian,0.13448083400726318,False,False,44,True,False,False,False,False,True,True,-1,-1,False,False,False,True,2b5c84ef9b6e417aabc0ee048e3c4ca0,pedestrian,True,1.5750841812219434,0.5908508484666816,True,False,,0,0,False,False
r2_a_zero,compound,recovery_1_5,fcbccedd61424f1b85dcbf8f897f9754,f753d3f87e5b40af87ff2cbf7c8e7082,1533151610.446899,14,5,10,base,defer,defer,0.0,0.5144632458686829,0.0,0.0,0.0,0.0,1.0,0.6927273273468018,"[0.0, 0.0, 0.0, 0.0, 0.0, 0.0]","[0.0, 0.0, 0.0, 0.9999624490737915, 0.0, 8.58804115111842e-20]","[0.0, 0.0, 0.0]","[6.336616516113281, -20.342147827148438, -1.779979944229126]","[624.7526245117188, 1622.3780517578125, 1.1731255054473877]","[0.0, 0.0, 0.0]",pedestrian,0.7110209465026855,False,False,0,True,False,False,False,False,True,True,-1,-1,True,True,True,True,135bbe9c408f42dc8731b501122e9973,pedestrian,True,0.9738679150356597,0.3215087517170143,True,False,14,0,0,True,False
r2_a_zero,compound,recovery_1_5,fcbccedd61424f1b85dcbf8f897f9754,f753d3f87e5b40af87ff2cbf7c8e7082,1533151610.446899,14,5,13,base,defer,defer,0.0,0.39050474762916565,0.0,0.0,0.0,0.0,1.0,0.7409543991088867,"[0.0, 0.0, 0.0, 0.0, 0.0, 0.0]","[0.0, 0.0, 0.0, 0.9999074935913086, 0.0, 8.791880775576889e-33]","[0.0, 0.0, 0.0]","[6.552650451660156, -42.65553283691406, -2.547015905380249]","[607.4617919921875, 1636.4927978515625, 1.7425755262374878]","[0.0, 0.0, 0.0]",pedestrian,0.08787426352500916,False,False,104,True,False,False,False,False,True,True,-1,-1,False,False,False,False,,,False,2.003494905430173,,False,True,,0,0,False,False
r2_a_zero,compound,recovery_1_5,fcbccedd61424f1b85dcbf8f897f9754,f753d3f87e5b40af87ff2cbf7c8e7082,1533151610.446899,14,5,20,base,defer,defer,0.0,0.3262457847595215,0.0,0.0,0.0,0.0,1.0,0.7077123522758484,"[0.0, 0.0, 0.0, 0.0, 0.0, 0.0]","[0.0, 0.0, 0.0, 0.999984622001648, 3.7282022731233155e-06, 0.0]","[0.0, 0.0, 0.0]","[-17.213157653808594, -27.336732864379883, -2.771688222885132]","[634.421875, 1644.982421875, 0.9622032642364502]","[0.0, 0.0, 0.0]",pedestrian,0.11961507052183151,False,False,55,True,False,False,False,False,True,True,-1,-1,False,False,False,False,,,False,2.396230009014914,,False,True,,0,0,False,False
r2_a_zero,compound,recovery_1_5,fcbccedd61424f1b85dcbf8f897f9754,f753d3f87e5b40af87ff2cbf7c8e7082,1533151610.446899,14,5,44,base,defer,defer,0.0,0.421861857175827,0.0,0.0,0.0,0.0,1.0,0.6802666783332825,"[0.0, 0.0, 0.0, 0.0, 0.0, 0.0]","[0.0, 0.0, 0.0, 0.9999825954437256, 1.1673921108013019e-05, 0.0]","[0.0, 0.0, 0.0]","[-19.544652938842773, -30.480688095092773, -3.0375518798828125]","[633.49169921875, 1648.79345703125, 0.9209953546524048]","[0.0, 0.0, 0.0]",pedestrian,0.09398393332958221,False,False,90,True,False,False,False,False,True,True,-1,-1,False,False,False,False,,,False,4.446589204024418,,False,True,,1,0,False,False
r2_a_zero,compound,recovery_1_5,fcbccedd61424f1b85dcbf8f897f9754,f753d3f87e5b40af87ff2cbf7c8e7082,1533151610.446899,14,5,50,base,defer,defer,0.0,0.39567190408706665,0.0,0.0,0.0,0.0,1.0,0.7683133482933044,"[0.0, 0.0, 0.0, 0.0, 0.0, 0.0]","[0.0, 0.0, 0.0, 0.9999344348907471, 1.2472135111356111e-34, 0.0]","[0.0, 0.0, 0.0]","[-9.617542266845703, -48.808746337890625, -3.114234685897827]","[613.06884765625, 1652.8701171875, 1.7922548055648804]","[0.0, 0.0, 0.0]",pedestrian,0.15499761700630188,False,False,36,True,False,False,False,False,True,True,-1,-1,False,False,False,False,,,False,2.6841681537426534,,False,True,,0,0,False,False
r2_a_zero,compound,recovery_1_5,fcbccedd61424f1b85dcbf8f897f9754,f753d3f87e5b40af87ff2cbf7c8e7082,1533151610.446899,14,5,122,base,defer,defer,0.0,0.46240606904029846,0.0,0.0,0.0,0.0,1.0,0.8119688630104065,"[0.0, 0.0, 0.0, 0.0, 0.0, 0.0]","[0.0, 0.0, 0.0, 0.9999732971191406, 8.543107085472179e-13, 0.0]","[0.0, 0.0, 0.0]","[-11.853813171386719, -24.641345977783203, -2.1326403617858887]","[633.0833740234375, 1639.1131591796875, 1.3565797805786133]","[0.0, 0.0, 0.0]",pedestrian,0.07613217830657959,False,False,144,True,False,False,False,False,True,True,-1,-1,False,False,False,False,,,False,2.5642394696692223,,False,True,,0,0,False,False
r2_a_zero,compound,recovery_1_5,fcbccedd61424f1b85dcbf8f897f9754,f753d3f87e5b40af87ff2cbf7c8e7082,1533151610.446899,14,5,162,base,defer,defer,0.0,0.4910735487937927,0.0,0.0,0.0,0.0,1.0,0.6891700625419617,"[0.0, 0.0, 0.0, 0.0, 0.0, 0.0]","[0.0, 0.0, 0.0, 0.9999576807022095, 0.0, 4.941511043241885e-22]","[0.0, 0.0, 0.0]","[6.080303192138672, -21.749120712280273, -1.8230466842651367]","[623.8353271484375, 1623.47509765625, 1.2184399366378784]","[0.0, 0.0, 0.0]",pedestrian,0.26223164796829224,False,False,20,True,False,False,False,False,True,True,-1,-1,True,True,True,True,78fc00fbc8fa4c8ba304d3165d719b92,pedestrian,True,0.05504961682735715,0.4985943136837666,True,False,14,0,0,True,False
r2_a_zero,compound,recovery_1_5,fcbccedd61424f1b85dcbf8f897f9754,f753d3f87e5b40af87ff2cbf7c8e7082,1533151610.446899,14,5,237,base,defer,defer,0.0,0.40772414207458496,0.0,0.0,0.0,0.0,1.0,0.71051424741745,"[0.0, 0.0, 0.0, 0.0, 0.0, 0.0]","[0.0, 0.0, 0.0, 0.9999639987945557, 0.0, 6.444949287693843e-17]","[0.0, 0.0, 0.0]","[7.205280303955078, -20.323749542236328, -1.803818702697754]","[624.2098388671875, 1621.7001953125, 1.1349732875823975]","[0.0, 0.0, 0.0]",pedestrian,0.4209649860858917,False,False,4,True,False,False,False,False,True,True,-1,-1,True,True,True,True,2c9deea58db742879c21342d4685e0ce,pedestrian,True,0.6953927661883569,0.4478902727047255,True,False,14,0,0,True,False
r2_a_zero,compound,recovery_1_5,fcbccedd61424f1b85dcbf8f897f9754,f753d3f87e5b40af87ff2cbf7c8e7082,1533151610.446899,14,5,255,base,defer,defer,0.0,0.5123173594474792,0.0,0.0,0.0,0.0,1.0,0.8062344193458557,"[0.0, 0.0, 0.0, 0.0, 0.0, 0.0]","[0.0, 0.0, 0.0, 0.9999382495880127, 0.0, 0.0]","[0.0, 0.0, 0.0]","[-5.481086730957031, -45.407135009765625, -3.0033204555511475]","[613.0358276367188, 1647.515869140625, 1.6358133554458618]","[0.0, 0.0, 0.0]",bicycle,0.005548298824578524,False,False,-1,False,False,False,False,False,True,True,-1,-1,False,False,False,False,,,False,3.4510482016899977,,False,True,,0,0,False,False
r2_a_zero,compound,recovery_1_5,fcbccedd61424f1b85dcbf8f897f9754,f753d3f87e5b40af87ff2cbf7c8e7082,1533151610.446899,14,5,261,base,defer,defer,0.0,0.41479015350341797,0.0,0.0,0.0,0.0,1.0,0.7099308967590332,"[0.0, 0.0, 0.0, 0.0, 0.0, 0.0]","[0.0, 0.0, 0.0, 0.9999749660491943, 1.4827496563896148e-08, 0.0]","[0.0, 0.0, 0.0]","[-28.65340805053711, -51.19894027709961, -4.219961166381836]","[623.3784790039062, 1669.0738525390625, 1.12248957157135]","[0.0, 0.0, 0.0]",pedestrian,0.018732208758592606,False,False,-1,False,False,False,False,False,True,True,-1,-1,False,False,False,False,,,False,19.70880986409374,,False,True,,0,0,False,False
r2_a_zero,compound,recovery_1_5,fcbccedd61424f1b85dcbf8f897f9754,f753d3f87e5b40af87ff2cbf7c8e7082,1533151610.446899,14,5,289,base,defer,defer,0.0,0.2872743308544159,0.0,0.0,0.0,0.0,1.0,0.6707707643508911,"[0.0, 0.0, 0.0, 0.0, 0.0, 0.0]","[0.0, 0.0, 0.0, 0.999984860420227, 6.686422238999512e-06, 0.0]","[0.0, 0.0, 0.0]","[-15.45587158203125, -24.169631958007812, -2.5914204120635986]","[635.7343139648438, 1641.60205078125, 0.9253532886505127]","[0.0, 0.0, 0.0]",pedestrian,0.13157610595226288,False,False,47,True,False,False,False,False,True,True,-1,-1,False,False,False,False,,,False,3.9714060925733783,,False,True,,5,0,False,False
r2_a_zero,compound,recovery_1_5,fcbccedd61424f1b85dcbf8f897f9754,f753d3f87e5b40af87ff2cbf7c8e7082,1533151610.446899,14,5,298,base,defer,defer,0.0,0.5209944844245911,0.0,0.0,0.0,0.0,1.0,0.7411983609199524,"[0.0, 0.0, 0.0, 0.0, 0.0, 0.0]","[0.0, 0.0, 0.0, 0.9999465942382812, 0.001618318958207965, 0.0]","[0.0, 0.0, 0.0]","[-33.673377990722656, -48.2680778503418, -4.491884231567383]","[628.8309936523438, 1671.072998046875, 0.7519038915634155]","[0.0, 0.0, 0.0]",pedestrian,0.04691917076706886,False,False,-1,False,False,False,False,False,True,True,-1,-1,False,False,False,False,,,False,24.075922623502763,,False,True,,0,0,False,False
r2_a_zero,compound,recovery_1_5,fcbccedd61424f1b85dcbf8f897f9754,f753d3f87e5b40af87ff2cbf7c8e7082,1533151610.446899,14,5,314,base,defer,defer,0.0,0.4222601652145386,0.0,0.0,0.0,0.0,1.0,0.7276065945625305,"[0.0, 0.0, 0.0, 0.0, 0.0, 0.0]","[0.0, 0.0, 0.0, 0.9999750852584839, 9.210848229967983e-12, 0.0]","[0.0, 0.0, 0.0]","[-14.955612182617188, -30.058364868164062, -2.591015577316284]","[630.8947143554688, 1644.9764404296875, 1.2713180780410767]","[0.0, 0.0, 0.0]",pedestrian,0.10644415766000748,False,False,71,True,False,False,False,False,True,True,-1,-1,False,False,False,True,081c19290123437ba6a3617344bbb55d,pedestrian,True,1.228645820777794,1.0457167514153634,True,False,,0,0,False,False
r2_a_zero,compound,recovery_1_5,fcbccedd61424f1b85dcbf8f897f9754,f753d3f87e5b40af87ff2cbf7c8e7082,1533151610.446899,14,5,342,base,defer,defer,0.0,0.37735387682914734,0.0,0.0,0.0,0.0,1.0,0.7112113237380981,"[0.0, 0.0, 0.0, 0.0, 0.0, 0.0]","[0.0, 0.0, 0.0, 0.9999463558197021, 7.726315717707625e-32, 0.0]","[0.0, 0.0, 0.0]","[-10.902545928955078, -49.33224868774414, -3.357381820678711]","[613.480712890625, 1654.2034912109375, 1.6005812883377075]","[0.0, 0.0, 0.0]",pedestrian,0.01750928722321987,False,False,-1,False,False,False,False,False,True,True,-1,-1,False,False,False,False,,,False,3.2662085847404607,,False,True,,0,0,False,False
r2_a_zero,compound,recovery_1_5,fcbccedd61424f1b85dcbf8f897f9754,f753d3f87e5b40af87ff2cbf7c8e7082,1533151610.446899,14,5,386,base,defer,defer,0.0,0.3417661190032959,0.0,0.0,0.0,0.0,1.0,0.6894732713699341,"[0.0, 0.0, 0.0, 0.0, 0.0, 0.0]","[0.0, 0.0, 0.0, 0.9999518394470215, 0.0, 6.687251391253846e-22]","[0.0, 0.0, 0.0]","[6.957874298095703, -24.98369789123535, -1.9857673645019531]","[620.7852783203125, 1624.873779296875, 1.2366431951522827]","[0.0, 0.0, 0.0]",pedestrian,0.13539303839206696,False,False,43,True,False,False,False,False,True,True,-1,-1,True,True,False,True,1bf77b2cec7b435593052cad0182316c,pedestrian,True,0.985586529845373,0.9569703675348386,True,False,14,0,0,True,False
r2_a_zero,compound,recovery_1_5,fcbccedd61424f1b85dcbf8f897f9754,f753d3f87e5b40af87ff2cbf7c8e7082,1533151610.446899,14,5,429,base,defer,defer,0.0,0.2704247832298279,0.0,0.0,0.0,0.0,1.0,0.7052828669548035,"[0.0, 0.0, 0.0, 0.0, 0.0, 0.0]","[0.0, 0.0, 0.0, 0.9999580383300781, 0.00019937611068598926, 0.0]","[0.0, 0.0, 0.0]","[-17.121261596679688, -25.168684005737305, -2.6149678230285645]","[636.0326538085938, 1643.5201416015625, 0.9871858358383179]","[0.0, 0.0, 0.0]",pedestrian,0.07680439949035645,False,False,142,True,False,False,False,False,True,True,-1,-1,False,False,False,False,,,False,4.113601740868699,,False,True,,5,0,False,False
r2_a_zero,compound,recovery_1_5,fcbccedd61424f1b85dcbf8f897f9754,f753d3f87e5b40af87ff2cbf7c8e7082,1533151610.446899,14,5,433,base,defer,defer,0.0,0.4656924605369568,0.0,0.0,0.0,0.0,1.0,0.7528225183486938,"[0.0, 0.0, 0.0, 0.0, 0.0, 0.0]","[0.0, 0.0, 0.0, 0.9999793767929077, 5.575534032686846e-06, 0.0]","[0.0, 0.0, 0.0]","[-29.922327041625977, -47.809574127197266, -4.225836753845215]","[626.7916259765625, 1667.8856201171875, 0.9327014684677124]","[0.0, 0.0, 0.0]",pedestrian,0.026642927899956703,False,False,-1,False,False,False,False,False,True,True,-1,-1,False,False,False,False,,,False,20.292398609363822,,False,True,,0,0,False,False
r2_a_zero,compound,recovery_1_5,fcbccedd61424f1b85dcbf8f897f9754,f753d3f87e5b40af87ff2cbf7c8e7082,1533151610.446899,14,5,467,base,defer,defer,0.0,0.2858816087245941,0.0,0.0,0.0,0.0,1.0,0.6822687387466431,"[0.0, 0.0, 0.0, 0.0, 0.0, 0.0]","[0.0, 0.0, 0.0, 0.9999700784683228, 0.0, 1.3662857167915618e-16]","[0.0, 0.0, 0.0]","[7.667610168457031, -21.379913330078125, -1.9716229438781738]","[623.0972900390625, 1622.027587890625, 1.0237823724746704]","[0.0, 0.0, 0.0]",pedestrian,0.006853319704532623,False,False,-1,False,False,False,False,False,True,True,-1,-1,True,True,True,True,2c9deea58db742879c21342d4685e0ce,pedestrian,True,0.47186932742007603,0.7487195210093732,True,False,14,0,0,True,False
r2_a_zero,compound,recovery_1_5,fcbccedd61424f1b85dcbf8f897f9754,f753d3f87e5b40af87ff2cbf7c8e7082,1533151610.446899,14,5,490,base,defer,defer,0.0,0.3400944769382477,0.0,0.0,0.0,0.0,1.0,0.7896737456321716,"[0.0, 0.0, 0.0, 0.0, 0.0, 0.0]","[0.0, 0.0, 0.0, 0.9999152421951294, 0.0, 1.4682612067275475e-23]","[0.0, 0.0, 0.0]","[10.976184844970703, -44.0582389831543, -2.742349863052368]","[603.5468139648438, 1633.9998779296875, 1.564245581626892]","[0.0, 0.0, 0.0]",pedestrian,0.06010787561535835,False,False,218,True,False,False,False,False,True,True,-1,-1,False,False,False,False,,,False,3.148257389342375,,False,True,,0,0,False,False
r2_a_zero,compound,recovery_1_5,fcbccedd61424f1b85dcbf8f897f9754,f753d3f87e5b40af87ff2cbf7c8e7082,1533151610.446899,14,5,530,base,defer,defer,0.0,0.3427976667881012,0.0,0.0,0.0,0.0,1.0,0.7109055519104004,"[0.0, 0.0, 0.0, 0.0, 0.0, 0.0]","[0.0, 0.0, 0.0, 0.9999488592147827, 5.051861785768899e-25, 0.0]","[0.0, 0.0, 0.0]","[-12.487762451171875, -42.8148078918457, -2.969010591506958]","[619.5113525390625, 1651.2418212890625, 1.6214946508407593]","[0.0, 0.0, 0.0]",pedestrian,0.016641903668642044,False,False,-1,False,False,False,False,False,True,True,-1,-1,False,False,False,False,,,False,3.9482437541467497,,False,True,,0,0,False,False
r2_a_zero,compound,recovery_1_5,fcbccedd61424f1b85dcbf8f897f9754,f753d3f87e5b40af87ff2cbf7c8e7082,1533151610.446899,14,5,551,base,defer,defer,0.0,0.4248211979866028,0.0,0.0,0.0,0.0,1.0,0.7126973867416382,"[0.0, 0.0, 0.0, 0.0, 0.0, 0.0]","[0.0, 0.0, 0.0, 0.9999747276306152, 8.940717610705917e-11, 0.0]","[0.0, 0.0, 0.0]","[-17.449462890625, -33.84278106689453, -2.873763084411621]","[629.5762939453125, 1649.32177734375, 1.2541497945785522]","[0.0, 0.0, 0.0]",pedestrian,0.04829063266515732,False,False,-1,False,False,False,False,False,True,True,-1,-1,False,False,False,False,,,False,5.348865628610617,,False,True,,0,0,False,False
r2_a_zero,compound,recovery_1_5,fcbccedd61424f1b85dcbf8f897f9754,f753d3f87e5b40af87ff2cbf7c8e7082,1533151610.446899,14,5,587,base,defer,defer,0.0,0.4826574921607971,0.0,0.0,0.0,0.0,1.0,0.7088496685028076,"[0.0, 0.0, 0.0, 0.0, 0.0, 0.0]","[0.0, 0.0, 0.0, 0.9999734163284302, 9.113078704103827e-05, 0.0]","[0.0, 0.0, 0.0]","[-19.30330467224121, -28.90201187133789, -2.9513378143310547]","[634.5518798828125, 1647.5960693359375, 0.9086753129959106]","[0.0, 0.0, 0.0]",pedestrian,0.11215812712907791,False,False,67,True,False,False,False,False,True,True,-1,-1,False,False,False,False,,,False,3.9098608408261835,,False,True,,1,0,False,False
r2_a_zero,compound,recovery_1_5,fcbccedd61424f1b85dcbf8f897f9754,f753d3f87e5b40af87ff2cbf7c8e7082,1533151610.446899,14,5,602,base,defer,defer,0.0,0.4645044207572937,0.0,0.0,0.0,0.0,1.0,0.7216425538063049,"[0.0, 0.0, 0.0, 0.0, 0.0, 0.0]","[0.0, 0.0, 0.0, 0.9999675750732422, 0.0, 1.1668623310979285e-18]","[0.0, 0.0, 0.0]","[6.351848602294922, -19.293170928955078, -1.7654707431793213]","[625.5484008789062, 1621.696044921875, 1.124458909034729]","[0.0, 0.0, 0.0]",pedestrian,0.021370001137256622,False,False,-1,False,False,False,False,False,True,True,-1,-1,True,True,True,True,135bbe9c408f42dc8731b501122e9973,pedestrian,True,0.1491195240350846,0.38668730619877717,True,False,14,0,0,True,False
r2_a_zero,compound,recovery_1_5,fcbccedd61424f1b85dcbf8f897f9754,f753d3f87e5b40af87ff2cbf7c8e7082,1533151610.446899,14,5,612,base,defer,defer,0.0,0.32141169905662537,0.0,0.0,0.0,0.0,1.0,0.6592402458190918,"[0.0, 0.0, 0.0, 0.0, 0.0, 0.0]","[0.0, 0.0, 0.0, 0.9999696016311646, 2.1246152826968033e-14, 0.0]","[0.0, 0.0, 0.0]","[-12.474922180175781, -27.78215217590332, -2.2998831272125244]","[631.0643920898438, 1641.6033935546875, 1.3875149488449097]","[0.0, 0.0, 0.0]",pedestrian,0.07227598875761032,False,False,155,True,False,False,False,False,True,True,-1,-1,True,True,True,True,0af15fef1ea54711846a22c13ab87a73,pedestrian,True,0.6991846723725569,0.23646761606818592,True,False,14,0,0,True,False
r2_a_zero,compound,recovery_1_5,fcbccedd61424f1b85dcbf8f897f9754,f753d3f87e5b40af87ff2cbf7c8e7082,1533151610.446899,14,5,666,propagated,defer,keep,0.0,0.4703965485095978,0.0,0.0,0.0,0.9872322678565979,1.0,0.6476052403450012,"[0.060023970901966095, 0.0, 0.320429265499115, 0.12472271919250488, 0.49482405185699463, 0.0]","[0.0, 0.0, 0.0, 0.9999500513076782, 0.00026181433349847794, 0.0]","[-16.62799072265625, -23.396697998046875, -2.4770336151123047]","[-16.569610595703125, -24.193023681640625, -2.547426462173462]","[636.4307861328125, 1642.47021484375, 0.9876614809036255]","[-16.62799072265625, -23.396697998046875, -2.4770336151123047]",pedestrian,0.03952569514513016,False,False,-1,False,False,False,False,False,True,True,-1,-1,False,False,False,False,,,False,4.221451378416439,,False,True,,5,0,False,False
r2_a_zero,compound,recovery_1_5,fcbccedd61424f1b85dcbf8f897f9754,f753d3f87e5b40af87ff2cbf7c8e7082,1533151610.446899,14,5,680,propagated,defer,defer,0.0,0.3593626916408539,0.0,0.0,0.0,0.9928281307220459,1.0,0.7343020439147949,"[0.0, 0.0, 0.0, 0.9999988675117493, 0.0, 1.1580162890822976e-06]","[0.0, 0.0, 0.0, 0.9999703168869019, 0.0, 1.1523014791237074e-06]","[8.84661865234375, -16.52557373046875, -1.6420440673828125]","[9.313468933105469, -16.373634338378906, -1.5963101387023926]","[625.8995971679688, 1617.549072265625, 1.0729936361312866]","[8.839399337768555, -16.008872985839844, -1.6420440673828125]",pedestrian,0.022706327959895134,False,False,-1,False,False,True,False,False,False,True,7,-1,False,False,False,False,,,False,2.128426282022396,,False,True,,0,0,False,False
r2_a_zero,compound,recovery_1_5,fcbccedd61424f1b85dcbf8f897f9754,f753d3f87e5b40af87ff2cbf7c8e7082,1533151610.446899,14,5,687,propagated,defer,defer,0.0,0.34624677896499634,0.0,0.0,0.0,0.5483656525611877,1.0,0.750268816947937,"[0.0, 0.0, 0.0, 1.0, 0.0, 0.0]","[0.0, 0.0, 0.0, 0.9999270439147949, 0.0, 0.0]","[-4.0242919921875, -44.7841796875, -3.08355712890625]","[-2.725910186767578, -45.926151275634766, -2.8862576484680176]","[610.8782958984375, 1645.724853515625, 1.741737723350525]","[-3.8399055004119873, -51.28905487060547, -3.08355712890625]",traffic_cone,0.0001143763292930089,False,False,-1,False,False,False,False,False,True,True,-1,-1,False,False,False,True,b5be02d305d14d3ca7b4cd5146b99fcb,car,False,1.0021491893353016,3.026546038235424,False,True,,0,0,False,False
r2_a_zero,compound,recovery_1_5,fcbccedd61424f1b85dcbf8f897f9754,f753d3f87e5b40af87ff2cbf7c8e7082,1533151610.446899,14,5,729,propagated,defer,defer,0.0,0.42532840371131897,0.0,0.0,0.0,0.9960727095603943,1.0,0.7428229451179504,"[0.0, 0.0, 0.0, 1.0, 4.962870568436983e-35, 0.0]","[0.0, 0.0, 0.0, 0.9999386072158813, 8.565869090894168e-36, 0.0]","[-9.0799560546875, -49.63238525390625, -3.5002574920654297]","[-9.473480224609375, -50.58271026611328, -3.2966208457946777]","[611.6085205078125, 1653.90087890625, 1.7144185304641724]","[-9.109965324401855, -50.43058395385742, -3.5002574920654297]",pedestrian,0.012266157194972038,False,False,-1,False,False,False,False,False,True,True,-1,-1,False,False,False,True,82a62ee4c5bc4e44a889b406e868444d,pedestrian,True,1.4375919109361008,0.57746580952067,True,False,,0,0,False,False
r2_a_zero,compound,recovery_1_5,fcbccedd61424f1b85dcbf8f897f9754,f753d3f87e5b40af87ff2cbf7c8e7082,1533151610.446899,14,5,771,propagated,defer,keep,0.0,0.49477362632751465,0.0,0.0,0.0,0.9959739446640015,1.0,0.6818580627441406,"[0.0, 0.0, 0.06640717387199402, 0.1944035440683365, 0.7391892671585083, 0.0]","[0.0, 0.0, 0.0, 0.9999741315841675, 6.816868699388579e-05, 0.0]","[-19.18743896484375, -28.12042236328125, -2.839262008666992]","[-18.90135955810547, -28.46649169921875, -2.8494911193847656]","[634.632568359375, 1647.0042724609375, 0.9780715703964233]","[-19.18743896484375, -28.12042236328125, -2.839262008666992]",pedestrian,0.018683267757296562,False,False,-1,False,False,True,False,False,False,True,18,-1,False,False,False,False,,,False,3.5328420408431027,,False,True,,1,0,False,False
r2_a_zero,compound,recovery_1_5,fcbccedd61424f1b85dcbf8f897f9754,f753d3f87e5b40af87ff2cbf7c8e7082,1533151610.446899,14,5,775,propagated,defer,defer,0.0,0.347094863653183,0.0,0.0,0.0,0.9776222705841064,1.0,0.7613081932067871,"[0.0, 0.0, 0.0, 1.0, 1.096001790832474e-20, 0.0]","[0.0, 0.0, 0.0, 0.9999725818634033, 9.687731302134022e-23, 0.0]","[-8.1817626953125, -24.184814453125, -2.19854736328125]","[-8.265003204345703, -25.245309829711914, -2.1948513984680176]","[630.320556640625, 1636.744873046875, 1.2759482860565186]","[-8.1817626953125, -24.184814453125, -2.19854736328125]",pedestrian,0.027508536353707314,False,False,-1,False,False,True,False,False,False,True,5,-1,True,True,True,True,492dd3a15f894562b56ba7a00b39e47b,pedestrian,True,0.49235147049346945,0.7548262138050894,True,False,14,0,0,True,False
r2_a_zero,compound,recovery_1_5,fcbccedd61424f1b85dcbf8f897f9754,f753d3f87e5b40af87ff2cbf7c8e7082,1533151610.446899,14,5,782,propagated,defer,defer,0.0,0.3322157561779022,0.0,0.0,0.0,0.9955504536628723,1.0,0.6883646845817566,"[0.0, 0.0, 0.0, 1.0, 4.4487705186391224e-11, 0.0]","[0.0, 0.0, 0.0, 0.999972939491272, 3.170747627130599e-13, 0.0]","[-14.32623291015625, -29.289947509765625, -2.605274200439453]","[-14.253650665283203, -30.396635055541992, -2.5688860416412354]","[630.1866455078125, 1644.6519775390625, 1.302982211112976]","[-14.311819076538086, -29.929443359375, -2.605274200439453]",pedestrian,0.010534973815083504,False,False,-1,False,False,False,False,False,True,True,-1,-1,False,False,False,True,081c19290123437ba6a3617344bbb55d,pedestrian,True,1.8735880791229382,1.3702653736578356,True,False,,0,0,False,False
r2_a_zero,compound,recovery_1_5,fcbccedd61424f1b85dcbf8f897f9754,f753d3f87e5b40af87ff2cbf7c8e7082,1533151610.446899,14,5,791,propagated,defer,defer,0.0,0.349394828081131,0.0,0.0,0.0,0.9174402356147766,1.0,0.7440217137336731,"[0.0, 0.0, 0.0, 1.0, 1.1885589366648806e-37, 0.0]","[0.0, 0.0, 0.0, 0.999942421913147, 1.2042329420350254e-36, 0.0]","[-9.336669921875, -52.447265625, -3.61761474609375]","[-9.24441909790039, -51.199012756347656, -3.4081058502197266]","[610.98486328125, 1654.1239013671875, 1.636616587638855]","[-9.374239921569824, -53.25999450683594, -3.61761474609375]",pedestrian,0.004515267442911863,False,False,-1,False,False,False,False,False,True,True,-1,-1,False,False,False,True,82a62ee4c5bc4e44a889b406e868444d,pedestrian,True,1.1573225882796727,0.6462748287033425,True,False,,0,0,False,False
r2_a_zero,compound,recovery_1_5,fcbccedd61424f1b85dcbf8f897f9754,f753d3f87e5b40af87ff2cbf7c8e7082,1533151610.446899,14,5,827,propagated,defer,defer,0.0,0.3895869255065918,0.0,0.0,0.0,0.9937637448310852,1.0,0.6755126118659973,"[0.0, 0.0, 0.0, 1.0, 2.0333703470987174e-11, 0.0]","[0.0, 0.0, 0.0, 0.999971866607666, 2.6917682492688666e-13, 0.0]","[-13.43115234375, -27.24981689453125, -2.405355453491211]","[-13.338714599609375, -28.45091438293457, -2.396449089050293]","[631.1005249023438, 1642.6986083984375, 1.3444265127182007]","[-13.426424980163574, -27.898630142211914, -2.405355453491211]",pedestrian,0.021633276715874672,False,False,-1,False,False,True,False,False,False,True,1,-1,True,True,True,True,0af15fef1ea54711846a22c13ab87a73,pedestrian,True,1.3043653966791222,0.2828107356310058,True,False,14,0,0,True,False
r2_a_zero,compound,recovery_1_5,fcbccedd61424f1b85dcbf8f897f9754,f753d3f87e5b40af87ff2cbf7c8e7082,1533151610.446899,14,5,842,propagated,defer,keep,0.0,0.503987193107605,0.0,0.0,0.0,0.9874637722969055,1.0,0.7058489918708801,"[0.0, 0.0, 0.0523538812994957, 0.18327553570270538, 0.7643706202507019, 0.0]","[0.0, 0.0, 0.0, 0.9999711513519287, 0.00011604640167206526, 0.0]","[-21.17156982421875, -30.418701171875, -3.008739471435547]","[-20.822675704956055, -31.131372451782227, -3.0425634384155273]","[633.8101196289062, 1650.1907958984375, 0.9745227098464966]","[-21.17156982421875, -30.418701171875, -3.008739471435547]",pedestrian,0.015072576701641083,False,False,-1,False,False,True,False,False,False,True,19,-1,False,False,False,False,,,False,5.873889699464553,,False,True,,4,0,False,False
r2_a_zero,compound,recovery_1_5,fcbccedd61424f1b85dcbf8f897f9754,f753d3f87e5b40af87ff2cbf7c8e7082,1533151610.446899,14,5,849,propagated,defer,defer,0.0,0.30983754992485046,0.0,0.0,0.0,0.9718924164772034,1.0,0.7224100828170776,"[0.0, 0.0, 0.0, 0.9999456405639648, 5.4392952733905986e-05, 0.0]","[0.0, 0.0, 0.0, 0.9999802112579346, 6.495006800832925e-06, 0.0]","[-30.96124267578125, -48.29095458984375, -4.401065826416016]","[-31.03574562072754, -49.48246383666992, -4.417314529418945]","[626.2135009765625, 1669.8182373046875, 0.8589178323745728]","[-30.961244583129883, -48.29095458984375, -4.401065826416016]",pedestrian,0.003934216219931841,False,False,-1,False,False,False,False,False,True,True,-1,-1,False,False,False,False,,,False,21.638709901602848,,False,True,,0,0,False,False
r2_a_zero,compound,recovery_1_5,fcbccedd61424f1b85dcbf8f897f9754,f753d3f87e5b40af87ff2cbf7c8e7082,1533151610.446899,14,5,892,propagated,defer,defer,0.0,0.3901445269584656,0.0,0.0,0.0,0.9823964834213257,1.0,0.7312559485435486,"[0.0, 0.0, 0.0, 0.9999992847442627, 6.61744081753568e-07, 0.0]","[0.0, 0.0, 0.0, 0.9999816417694092, 1.7205088909122424e-08, 0.0]","[-18.48291015625, -32.082550048828125, -3.079364776611328]","[-18.723129272460938, -32.992576599121094, -3.0328845977783203]","[631.0382690429688, 1649.7655029296875, 1.063775658607483]","[-18.48291015625, -32.082550048828125, -3.079364776611328]",pedestrian,0.0038392464630305767,False,False,-1,False,False,False,False,False,True,True,-1,-1,False,False,False,False,,,False,5.281085522598682,,False,True,,0,0,False,False
r2_a_zero,compound,recovery_1_5,fcbccedd61424f1b85dcbf8f897f9754,b22fa0b3c34f47b6a360b60f35d5d567,1533151610.946785,15,5,44,base,defer,defer,0.0,0.4686204493045807,0.0,0.0,0.0,0.0,1.0,0.6894223093986511,"[0.0, 0.0, 0.0, 0.0, 0.0, 0.0]","[0.0, 0.0, 0.0, 0.9999805688858032, 4.126713406549243e-07, 0.0]","[0.0, 0.0, 0.0]","[-18.505615234375, -30.72096824645996, -2.8075263500213623]","[633.7146606445312, 1647.2198486328125, 0.9886120557785034]","[0.0, 0.0, 0.0]",pedestrian,0.15675604343414307,False,False,36,True,False,False,False,False,True,True,-1,-1,False,False,False,False,,,False,3.1340150043121553,,False,True,,0,0,False,False
r2_a_zero,compound,recovery_1_5,fcbccedd61424f1b85dcbf8f897f9754,b22fa0b3c34f47b6a360b60f35d5d567,1533151610.946785,15,5,645,propagated,defer,defer,0.0,0.5306421518325806,0.0,0.0,0.0,0.9928767085075378,1.0,0.6858253479003906,"[0.0, 0.0, 0.0, 1.0, 1.867013705095233e-12, 0.0]","[0.0, 0.0, 0.0, 0.9999580383300781, 6.342982085074831e-15, 0.0]","[-12.47589111328125, -27.9176025390625, -2.198497772216797]","[-12.742321014404297, -29.030065536499023, -2.182558536529541]","[631.3469848632812, 1641.6827392578125, 1.4365777969360352]","[-12.474472045898438, -28.495798110961914, -2.198497772216797]",pedestrian,0.07198107987642288,False,False,131,True,False,True,False,False,False,True,1,-1,True,True,True,True,40510ce822614183a46ea070927b1c35,pedestrian,True,0.23489346374332518,0.06546436936454851,True,False,15,0,0,True,False
r2_a_zero,compound,recovery_1_5,fcbccedd61424f1b85dcbf8f897f9754,b22fa0b3c34f47b6a360b60f35d5d567,1533151610.946785,15,5,775,propagated,defer,defer,0.0,0.4043238162994385,0.0,0.0,0.0,0.9884446859359741,1.0,0.7565999031066895,"[0.0, 0.0, 0.0, 1.0, 5.146707774859547e-23, 0.0]","[0.0, 0.0, 0.0, 0.9999613761901855, 3.794162417277332e-26, 0.0]","[-7.99188232421875, -25.48876953125, -2.1083431243896484]","[-7.465675354003906, -26.03837776184082, -2.0618348121643066]","[630.2727661132812, 1635.712890625, 1.3163390159606934]","[-7.991882801055908, -25.488767623901367, -2.1083431243896484]",pedestrian,0.04110855236649513,False,False,-1,False,False,True,False,False,False,True,5,-1,True,True,True,True,a99ef7b74b354895aa2c60a68b33e333,pedestrian,True,0.19983878821511292,0.46224340921964857,True,False,15,0,0,True,False
r2_a_zero,compound,recovery_1_5,fcbccedd61424f1b85dcbf8f897f9754,b22fa0b3c34f47b6a360b60f35d5d567,1533151610.946785,15,5,806,propagated,defer,keep,0.0,0.5289177298545837,0.0,0.0,0.0,0.999261200428009,1.0,0.7246134877204895,"[0.0, 0.0, 2.2945967259602185e-07, 0.3605462908744812, 0.6394534111022949, 0.0]","[0.0, 0.0, 0.0, 0.9999780654907227, 2.5845804429991404e-06, 0.0]","[-20.34661865234375, -32.487274169921875, -2.9614830017089844]","[-20.330078125, -32.673500061035156, -2.916757822036743]","[633.3788452148438, 1649.873046875, 1.0134577751159668]","[-20.34661865234375, -32.487274169921875, -2.9614830017089844]",pedestrian,0.0150293605402112,False,False,-1,False,False,True,False,False,False,True,19,-1,False,False,False,False,,,False,5.476717602456232,,False,True,,0,0,False,False
r2_a_zero,compound,recovery_1_5,fcbccedd61424f1b85dcbf8f897f9754,b22fa0b3c34f47b6a360b60f35d5d567,1533151610.946785,15,5,813,propagated,defer,defer,0.0,0.3528697192668915,0.0,0.0,0.0,0.9933961629867554,1.0,0.6636960506439209,"[0.0, 0.0, 0.0, 0.9999982714653015, 0.0, 1.7130345213445253e-06]","[0.0, 0.0, 0.0, 0.9999641180038452, 0.0, 6.759271542478018e-08]","[9.17120361328125, -16.42803955078125, -1.496633529663086]","[8.597007751464844, -15.936893463134766, -1.4904170036315918]","[627.7731323242188, 1616.8958740234375, 1.099045991897583]","[9.170540809631348, -15.88885498046875, -1.496633529663086]",pedestrian,0.021539971232414246,False,False,-1,False,False,True,False,False,False,True,7,-1,True,True,True,True,f2924215f98a4e8b82d61823f687548a,pedestrian,True,1.0555561419135333,0.4643839296961063,True,False,15,0,0,True,False
r2_a_zero,compound,recovery_1_5,fcbccedd61424f1b85dcbf8f897f9754,0a0d6b8c2e884134a3b48df43d54c36a,1533151611.446636,16,5,551,base,defer,defer,0.0,0.4099358916282654,0.0,0.0,0.0,0.0,1.0,0.7362533211708069,"[0.0, 0.0, 0.0, 0.0, 0.0, 0.0]","[0.0, 0.0, 0.0, 0.9999735355377197, 2.558242897521268e-07, 0.0]","[0.0, 0.0, 0.0]","[-19.906213760375977, -33.438636779785156, -2.800489902496338]","[633.202392578125, 1649.4302978515625, 0.9948129653930664]","[0.0, 0.0, 0.0]",pedestrian,0.07907328009605408,False,False,75,True,False,False,False,False,True,True,-1,-1,False,False,False,False,,,False,5.030338669080426,,False,True,,0,0,False,False
r2_a_zero,compound,recovery_1_5,fcbccedd61424f1b85dcbf8f897f9754,0a0d6b8c2e884134a3b48df43d54c36a,1533151611.446636,16,5,652,propagated,defer,keep,0.0,0.5550349950790405,0.0,0.0,0.0,0.9979067444801331,1.0,0.7445446252822876,"[0.031551726162433624, 0.1687890738248825, 0.0, 0.4746309220790863, 0.0, 0.32502830028533936]","[0.0, 0.0, 0.0, 0.9999504089355469, 0.0, 2.9002054091620266e-08]","[8.4970703125, -15.823150634765625, -1.3294601440429688]","[8.212757110595703, -15.451103210449219, -1.3471195697784424]","[629.0908203125, 1616.2728271484375, 1.1249202489852905]","[8.464982032775879, -15.249000549316406, -1.3294601440429688]",pedestrian,0.07212084531784058,False,False,93,True,False,True,False,False,False,True,7,-1,True,True,True,True,76d8cb46cc974417a48dbe0dd2475072,pedestrian,True,0.7991841235516599,0.15535928139785718,True,False,16,0,0,True,False
r2_a_zero,compound,recovery_1_5,fcbccedd61424f1b85dcbf8f897f9754,0a0d6b8c2e884134a3b48df43d54c36a,1533151611.446636,16,5,700,propagated,defer,defer,0.0,0.43334701657295227,0.0,0.0,0.0,0.9891819357872009,1.0,0.710516095161438,"[0.0, 0.0, 0.0, 1.0, 3.9639400135931087e-25, 0.0]","[0.0, 0.0, 0.0, 0.9999518394470215, 9.905338769384813e-29, 0.0]","[-7.845703125, -27.444061279296875, -1.9500598907470703]","[-7.151161193847656, -27.670026779174805, -2.0520520210266113]","[629.5026245117188, 1635.9111328125, 1.2605564594268799]","[-7.845703125, -27.444061279296875, -1.9500598907470703]",pedestrian,0.04543325677514076,False,False,211,True,False,True,False,False,False,True,5,-1,True,True,True,True,26bff5d4630648b1b6098b9686ceb66d,pedestrian,True,0.6543612443618498,0.16368437269397837,True,False,16,0,0,True,False
r2_a_zero,compound,recovery_1_5,fcbccedd61424f1b85dcbf8f897f9754,0a0d6b8c2e884134a3b48df43d54c36a,1533151611.446636,16,5,816,propagated,defer,defer,0.0,0.4253561198711395,0.0,0.0,0.0,0.9931521415710449,1.0,0.7826507091522217,"[0.0, 0.0, 0.0, 1.0, 2.4587244641259467e-15, 0.0]","[0.0, 0.0, 0.0, 0.9999536275863647, 2.0773370534848409e-16, 0.0]","[-13.10150146484375, -30.512176513671875, -2.029203414916992]","[-12.705467224121094, -30.743757247924805, -2.239689350128174]","[630.6858520507812, 1642.1505126953125, 1.3105770349502563]","[-13.065098762512207, -31.155981063842773, -2.029203414916992]",traffic_cone,0.00041539256926625967,False,False,-1,False,False,False,False,False,True,True,-1,-1,True,True,True,True,f5c91bd47b4c4888bcd88928a18e9411,pedestrian,False,0.05023830495272327,0.2757803246924333,False,True,16,0,0,True,False
r2_a_zero,compound,recovery_1_5,325cef682f064c55a255f2625c533b75,61a7bd24f88a46c2963280d8b13ac675,1538984239.948316,53,5,680,propagated,defer,recover,1.0,0.5472473502159119,1.2141828536987305,0.04377978667616844,0.0,0.975168764591217,1.0,0.7571864724159241,"[0.08734752237796783, 0.0, 0.30736956000328064, 0.0, 0.6052829623222351, 0.0]","[0.0, 0.0, 0.0, 0.9999972581863403, 1.8660106793078057e-09, 0.0]","[-7.6326904296875, -14.50921630859375, -1.6862144470214844]","[-7.561683654785156, -12.744644165039062, -1.577484369277954]","[716.5418701171875, 1787.5343017578125, 1.1519461870193481]","[-7.679215908050537, -13.854418754577637, -1.6862144470214844]",pedestrian,0.05773423984646797,False,False,144,True,True,True,False,False,False,True,0,-1,False,False,False,True,293abeb43b2a439abcd4ff08b981eeb9,pedestrian,True,1.427133702223172,0.20419076496450003,True,False,13,0,0,True,False
r2_a_zero,compound,recovery_1_5,325cef682f064c55a255f2625c533b75,61a7bd24f88a46c2963280d8b13ac675,1538984239.948316,53,5,734,propagated,defer,defer,4.0,0.3592148423194885,0.0,0.0,0.0,0.9890705347061157,1.0,0.6719799041748047,"[0.0, 0.0, 0.0, 0.0, 0.0, 0.0]","[0.0, 0.0, 0.0, 0.9999973773956299, 0.0, 0.0]","[4.25897216796875, -42.255615234375, -4.0883941650390625]","[4.978290557861328, -42.07924270629883, -4.1192522048950195]","[732.9564819335938, 1814.997314453125, 0.39811766147613525]","[4.258971214294434, -42.255615234375, -4.0883941650390625]",car,0.002064612228423357,False,False,-1,False,True,True,False,False,False,True,1,-1,False,False,False,False,,,False,7.280710532194045,,False,True,,0,0,False,False
r2_a_zero,compound,recovery_1_5,325cef682f064c55a255f2625c533b75,61a7bd24f88a46c2963280d8b13ac675,1538984239.948316,53,5,839,propagated,defer,defer,1.0,0.33942317962646484,0.0,0.0,0.0,0.9845809936523438,1.0,0.7781499624252319,"[0.0, 0.0, 0.0, 0.0, 0.0, 0.0]","[0.0, 0.0, 0.0, 0.9999957084655762, 4.451407165507841e-15, 0.0]","[-12.05364990234375, -27.3321533203125, -2.7439613342285156]","[-12.077186584472656, -26.476722717285156, -2.5326759815216064]","[730.3267211914062, 1791.9896240234375, 1.154712200164795]","[-12.053650856018066, -27.3321533203125, -2.7439613342285156]",pedestrian,0.10873696208000183,False,False,65,True,True,True,False,False,False,True,2,-1,False,False,False,False,,,False,3.457534814927602,,False,True,,0,0,False,False
r2_a_zero,compound,recovery_1_5,325cef682f064c55a255f2625c533b75,61a7bd24f88a46c2963280d8b13ac675,1538984239.948316,53,5,856,propagated,defer,defer,4.0,0.3411481976509094,0.0,0.0,0.0,0.9897509813308716,1.0,0.6739739179611206,"[0.0, 0.0, 0.0, 0.0, 0.0, 0.0]","[0.0, 0.0, 0.0, 0.9999973773956299, 0.0, 0.0]","[3.45025634765625, -41.6705322265625, -4.008697509765625]","[3.628875732421875, -40.97541427612305, -4.009803295135498]","[732.8546752929688, 1813.2542724609375, 0.4505249261856079]","[3.4502553939819336, -41.6705322265625, -4.008697509765625]",bicycle,0.001918744295835495,False,False,-1,False,True,True,False,False,False,True,3,-1,False,False,False,False,,,False,6.743502038709213,,False,True,,0,0,False,False
r2_a_zero,compound,recovery_1_5,325cef682f064c55a255f2625c533b75,61a7bd24f88a46c2963280d8b13ac675,1538984239.948316,53,5,876,propagated,defer,defer,1.0,0.24809150397777557,0.0,0.0,0.0,0.975107729434967,1.0,0.7800832390785217,"[0.0, 0.0, 0.0, 0.0, 0.0, 0.0]","[0.0, 0.0, 0.0, 0.9999959468841553, 5.079983962918153e-15, 0.0]","[-13.3060302734375, -30.739013671875, -3.029613494873047]","[-13.494087219238281, -29.649751663208008, -2.83337664604187]","[733.7366333007812, 1792.719482421875, 1.079912781715393]","[-13.306031227111816, -30.739013671875, -3.029613494873047]",pedestrian,0.04718128219246864,False,False,167,True,True,True,False,False,False,True,4,-1,False,False,False,True,0b4e0eb8ab06454d8904248794faa095,pedestrian,True,0.09321122273063864,1.2519144069392812e-06,True,False,,0,0,False,False
r2_a_zero,compound,recovery_1_5,325cef682f064c55a255f2625c533b75,61a7bd24f88a46c2963280d8b13ac675,1538984239.948316,53,5,884,propagated,defer,defer,1.0,0.38527584075927734,0.0,0.0,0.0,0.9815770387649536,1.0,0.7795062065124512,"[0.0, 0.0, 0.0, 0.0, 0.0, 0.0]","[0.0, 0.0, 0.0, 0.9999934434890747, 5.556115382844398e-24, 0.0]","[-10.00067138671875, -31.3077392578125, -2.83258056640625]","[-9.775943756103516, -30.412973403930664, -2.5521697998046875]","[732.1458129882812, 1796.165283203125, 1.36717689037323]","[-10.000672340393066, -31.3077392578125, -2.83258056640625]",pedestrian,0.17031152546405792,False,False,45,True,True,True,False,False,False,True,5,-1,True,False,False,True,26ae4a920a9c4457909454cd8a84c959,pedestrian,True,1.3656572056920655,1.3130029519315965e-06,True,False,13,0,0,True,False
r2_a_zero,compound,recovery_1_5,325cef682f064c55a255f2625c533b75,609d5177362340458a3bfd4949cd1e64,1538984240.448191,54,5,13,base,defer,defer,0.0,0.3471372723579407,0.0,0.0,0.0,0.0,1.0,0.6716263890266418,"[0.0, 0.0, 0.0, 0.0, 0.0, 0.0]","[0.0, 0.0, 0.0, 0.9999954700469971, 0.0, 2.6269728423182923e-36]","[0.0, 0.0, 0.0]","[6.528839111328125, -40.810272216796875, -3.504016876220703]","[733.1473388671875, 1809.8349609375, 1.2802444696426392]","[0.0, 0.0, 0.0]",car,0.009823239408433437,False,False,-1,False,False,False,False,False,True,True,-1,-1,False,False,False,False,,,False,6.793695106375359,,False,True,,0,0,False,False
r2_a_zero,compound,recovery_1_5,325cef682f064c55a255f2625c533b75,609d5177362340458a3bfd4949cd1e64,1538984240.448191,54,5,23,base,defer,defer,0.0,0.41190463304519653,0.0,0.0,0.0,0.0,1.0,0.6374228000640869,"[0.0, 0.0, 0.0, 0.0, 0.0, 0.0]","[0.0, 0.0, 0.0, 0.9999947547912598, 0.0, 8.109570994729666e-27]","[0.0, 0.0, 0.0]","[10.66058349609375, -43.06126022338867, -3.494479179382324]","[733.2279663085938, 1814.5367431640625, 1.438416838645935]","[0.0, 0.0, 0.0]",car,0.008151852525770664,False,False,-1,False,False,False,False,False,True,True,-1,-1,False,False,False,False,,,False,6.977928992272804,,False,True,,0,0,False,False
r2_a_zero,compound,recovery_1_5,325cef682f064c55a255f2625c533b75,609d5177362340458a3bfd4949cd1e64,1538984240.448191,54,5,362,base,defer,defer,0.0,0.3614847958087921,0.0,0.0,0.0,0.0,1.0,0.8093318939208984,"[0.0, 0.0, 0.0, 0.0, 0.0, 0.0]","[0.0, 0.0, 0.0, 0.9999953508377075, 9.335336931925321e-29, 0.0]","[0.0, 0.0, 0.0]","[-8.065196990966797, -30.164901733398438, -2.740241527557373]","[730.426025390625, 1791.9608154296875, 1.3180335760116577]","[0.0, 0.0, 0.0]",pedestrian,0.02295531891286373,False,False,-1,False,False,False,False,False,True,True,-1,-1,False,False,False,False,,,False,3.365566126972322,,False,True,,0,0,False,False
r2_a_zero,compound,recovery_1_5,325cef682f064c55a255f2625c533b75,609d5177362340458a3bfd4949cd1e64,1538984240.448191,54,5,507,base,defer,defer,0.0,0.31286144256591797,0.0,0.0,0.0,0.0,1.0,0.7865519523620605,"[0.0, 0.0, 0.0, 0.0, 0.0, 0.0]","[0.0, 0.0, 0.0, 0.999994158744812, 2.934549085912553e-28, 0.0]","[0.0, 0.0, 0.0]","[-9.034919738769531, -33.33250427246094, -2.8496835231781006]","[733.6824951171875, 1792.5648193359375, 1.4466902017593384]","[0.0, 0.0, 0.0]",pedestrian,0.031190935522317886,False,False,-1,False,False,False,False,False,True,True,-1,-1,False,False,False,True,32beeedcb9c44706802f47214e2c1d8f,pedestrian,True,0.07531998437436035,2.6024281437895338e-06,True,False,,0,0,False,False
r2_a_zero,compound,recovery_1_5,325cef682f064c55a255f2625c533b75,609d5177362340458a3bfd4949cd1e64,1538984240.448191,54,5,685,propagated,defer,defer,0.0,0.40379077196121216,0.0,0.0,0.0,0.9848936200141907,1.0,0.753463864326477,"[0.0, 0.0, 0.0, 1.0, 3.8509973803081773e-26, 0.0]","[0.0, 0.0, 0.0, 0.999992847442627, 0.0, 0.0]","[-5.06585693359375, -32.35552978515625, -2.7268524169921875]","[-4.224231719970703, -32.539512634277344, -2.589369535446167]","[730.7408447265625, 1796.45751953125, 1.6275004148483276]","[-5.065857410430908, -32.35552978515625, -2.7268524169921875]",pedestrian,0.020259281620383263,False,False,-1,False,False,True,False,False,False,True,5,-1,True,False,False,True,a146d0e0204643deb471d728e0243ddc,pedestrian,True,1.5664905825425723,1.4665455664338452e-06,True,False,14,0,0,True,False
r2_a_zero,compound,recovery_1_5,325cef682f064c55a255f2625c533b75,609d5177362340458a3bfd4949cd1e64,1538984240.448191,54,5,853,propagated,defer,defer,0.0,0.37721362709999084,0.0,0.0,0.0,0.9968215227127075,1.0,0.7087625861167908,"[0.0, 0.0, 0.0, 1.0, 1.5802166519751637e-10, 0.0]","[0.0, 0.0, 0.0, 0.9999969005584717, 1.9687132838896473e-21, 0.0]","[-5.22613525390625, -15.3819580078125, -1.7429046630859375]","[-5.363666534423828, -14.386951446533203, -1.5592586994171143]","[715.1460571289062, 1787.0455322265625, 1.3202738761901855]","[-5.359426021575928, -14.741118431091309, -1.7429046630859375]",pedestrian,0.010373817756772041,False,False,-1,False,False,False,False,False,True,True,-1,-1,False,False,False,False,,,False,2.2183814399887627,,False,True,,0,0,False,False
r2_a_zero,compound,recovery_1_5,325cef682f064c55a255f2625c533b75,b1303058fa624645b753d7283d70de45,1538984240.947518,55,5,741,propagated,defer,keep,0.0,0.4013691544532776,0.0,0.0,0.0,0.9970519542694092,1.0,0.7572788596153259,"[0.0, 0.0, 0.0, 1.0, 1.7254708742766515e-27, 0.0]","[0.0, 0.0, 0.0, 0.9999908208847046, 0.0, 0.0]","[2.05841064453125, -32.9581298828125, -2.5086593627929688]","[1.851959228515625, -33.26014709472656, -2.3912534713745117]","[729.275146484375, 1796.005126953125, 1.722977638244629]","[2.058410406112671, -32.9581298828125, -2.5086593627929688]",pedestrian,0.017265016213059425,False,False,-1,False,False,True,False,False,False,True,5,-1,False,False,False,False,,,False,3.0268785131994957,,False,True,,0,0,False,False
r2_a_zero,compound,recovery_1_5,325cef682f064c55a255f2625c533b75,a19a80c905674faab7203a3a4e0f5246,1538984241.447959,56,5,492,base,defer,defer,0.0,0.27649107575416565,0.0,0.0,0.0,0.0,1.0,0.7143548727035522,"[0.0, 0.0, 0.0, 0.0, 0.0, 0.0]","[0.0, 0.0, 0.0, 0.9999794960021973, 0.0, 3.7144880924543267e-31]","[0.0, 0.0, 0.0]","[7.273998260498047, -34.99479293823242, -1.8375575542449951]","[730.1424560546875, 1795.0777587890625, 1.856831669807434]","[0.0, 0.0, 0.0]",pedestrian,0.03632495179772377,False,False,224,True,False,False,False,False,True,True,-1,-1,False,False,False,False,,,False,16.249805218560955,,False,True,,0,0,False,False
r2_b_zero,camera_crash_5,recovery_1_5,fcbccedd61424f1b85dcbf8f897f9754,fa65a298c01f44e7a182bbf9e5fe3697,1533151607.548824,8,5,655,propagated,defer,recover,1.0,0.4015122950077057,0.13503074645996094,0.03212098404765129,0.0,0.9031639695167542,1.0,0.7249476909637451,"[0.0, 0.0, 0.0, 0.0, 1.0, 0.0]","[0.0, 0.0, 0.0, 0.9998990297317505, 0.0, 0.0]","[-4.4727783203125, -17.782318115234375, -1.609182357788086]","[-2.9776039123535156, -20.643585205078125, -1.2705936431884766]","[615.0804443359375, 1642.7197265625, 1.624693751335144]","[-4.49532413482666, -22.27895736694336, -1.609182357788086]",barrier,5.641899406327866e-05,False,False,-1,False,True,True,False,False,False,True,0,-1,False,False,False,False,,,False,2.1051207313802487,,False,True,,0,0,False,False
r2_b_zero,camera_crash_5,recovery_1_5,fcbccedd61424f1b85dcbf8f897f9754,fa65a298c01f44e7a182bbf9e5fe3697,1533151607.548824,8,5,666,propagated,defer,recover,2.0,0.5851492285728455,1.317805290222168,0.046543899923563004,0.0,0.9951590299606323,1.0,0.6931020021438599,"[0.20396476984024048, 0.4038509726524353, 0.0, 0.0, 0.0, 0.392184317111969]","[0.0, 0.0, 0.0, 0.9997053742408752, 0.0, 5.165168034867933e-19]","[6.65521240234375, -20.262725830078125, -1.3687705993652344]","[6.645153045654297, -20.79389762878418, -0.877357006072998]","[608.8405151367188, 1635.3909912109375, 1.9832183122634888]","[6.664652347564697, -20.821630477905273, -1.3687705993652344]",pedestrian,0.07031115144491196,False,False,238,True,True,True,False,False,False,True,1,-1,True,True,False,True,aa0ab0cab40d4467aa12cd5c491829d3,pedestrian,True,0.4852452321918947,0.21845351947790434,True,False,8,0,0,True,False
r2_b_zero,camera_crash_5,recovery_1_5,fcbccedd61424f1b85dcbf8f897f9754,fa65a298c01f44e7a182bbf9e5fe3697,1533151607.548824,8,5,678,propagated,defer,recover,2.0,0.55060213804245,1.2053070068359375,0.04404817149043083,0.0,0.9958512187004089,1.0,0.7043511271476746,"[0.008604797534644604, 0.0, 0.39559340476989746, 0.0, 0.595801830291748, 0.0]","[0.0, 0.0, 0.0, 0.9998936653137207, 6.16813961717231e-21, 0.0]","[-9.171875, -26.2147216796875, -1.8539409637451172]","[-9.393226623535156, -26.95560073852539, -1.499464511871338]","[614.3092041015625, 1651.6888427734375, 1.7434747219085693]","[-9.124968528747559, -26.85434341430664, -1.8539409637451172]",pedestrian,0.0657997876405716,False,False,-1,False,True,True,False,False,False,True,2,-1,False,False,False,True,101185cd967c4b039511966867bd0c55,pedestrian,True,0.4441355587010656,0.06498688783990643,True,False,8,0,0,True,False
r2_b_zero,camera_crash_5,recovery_1_5,fcbccedd61424f1b85dcbf8f897f9754,fa65a298c01f44e7a182bbf9e5fe3697,1533151607.548824,8,5,687,propagated,defer,recover,1.0,0.5034345388412476,0.7848596572875977,0.040274761617183685,0.0,0.9989520907402039,1.0,0.6986775398254395,"[0.07971716672182083, 0.0, 0.40981531143188477, 0.0, 0.5104674696922302, 0.0]","[0.0, 0.0, 0.0, 0.999923586845398, 3.3133289541924585e-14, 0.0]","[-10.1826171875, -21.864501953125, -1.6494560241699219]","[-10.273380279541016, -22.536624908447266, -1.4404575824737549]","[618.2720947265625, 1649.5499267578125, 1.5825656652450562]","[-10.186758995056152, -22.501401901245117, -1.6494560241699219]",pedestrian,0.05948397144675255,False,False,-1,False,True,True,False,False,False,True,3,-1,True,True,False,True,09ed64da038c4baba2468c94874e1e19,pedestrian,True,0.4004001668761195,0.028413828529353837,True,False,8,0,0,True,False
r2_b_zero,camera_crash_5,recovery_1_5,fcbccedd61424f1b85dcbf8f897f9754,fa65a298c01f44e7a182bbf9e5fe3697,1533151607.548824,8,5,716,propagated,defer,defer,1.0,0.641356348991394,0.0,0.0,0.0,0.9784666299819946,1.0,0.706510066986084,"[0.0, 0.0, 0.0, 0.0, 0.0, 0.0]","[0.0, 0.0, 0.0, 0.9997274279594421, 0.0, 4.3641810011401924e-20]","[9.31463623046875, -29.72857666015625, -1.8851509094238281]","[8.682231903076172, -29.0944881439209, -1.1541647911071777]","[601.145751953125, 1639.1190185546875, 2.118046283721924]","[9.284383773803711, -29.53209686279297, -1.8851509094238281]",pedestrian,0.43081265687942505,False,False,4,True,True,True,False,False,False,True,4,-1,True,True,False,True,9e8c9ceb4d984442b41fcc25342df4b4,pedestrian,True,1.1825643528325616,0.20665572456552897,True,False,8,0,0,True,False
r2_b_zero,camera_crash_5,recovery_1_5,fcbccedd61424f1b85dcbf8f897f9754,fa65a298c01f44e7a182bbf9e5fe3697,1533151607.548824,8,5,741,propagated,defer,recover,2.0,0.5837610960006714,0.878535270690918,0.046543899923563004,0.0,0.9931914806365967,1.0,0.7023642063140869,"[0.0, 0.21097926795482635, 0.0, 0.0, 0.0, 0.7890207171440125]","[0.0, 0.0, 0.0, 0.9998669624328613, 0.0, 7.454928059417998e-13]","[9.977294921875, -22.687835693359375, -1.760812759399414]","[9.625144958496094, -22.915246963500977, -1.353546380996704]","[605.2904663085938, 1634.4642333984375, 1.6020662784576416]","[9.977294921875, -22.687835693359375, -1.760812759399414]",traffic_cone,0.025786390528082848,False,False,-1,False,True,True,False,False,False,True,5,-1,False,False,False,False,,,False,3.4182350206919074,,False,True,,0,0,False,False
r2_b_zero,camera_crash_5,recovery_1_5,fcbccedd61424f1b85dcbf8f897f9754,fa65a298c01f44e7a182bbf9e5fe3697,1533151607.548824,8,5,794,propagated,defer,defer,2.0,0.4808596670627594,0.0,0.0,0.0,0.9921633005142212,1.0,0.751109778881073,"[0.0, 0.0, 0.0, 0.0, 0.0, 0.0]","[0.0, 0.0, 0.0, 0.9997352957725525, 0.0, 7.921597134762787e-14]","[10.986328125, -27.05694580078125, -1.5927963256835938]","[10.62628173828125, -26.645729064941406, -1.1220324039459229]","[601.79052734375, 1636.06103515625, 2.017747402191162]","[10.978666305541992, -26.427589416503906, -1.5927963256835938]",pedestrian,0.14329835772514343,False,False,78,True,True,True,False,False,False,True,6,-1,False,False,False,False,,,False,2.661060885650657,,False,True,,0,0,False,False
r2_b_zero,camera_crash_5,recovery_1_5,fcbccedd61424f1b85dcbf8f897f9754,a98fba72bde9433fb882032d18aedb2e,1533151608.048151,9,5,22,base,defer,defer,0.0,0.5123769640922546,0.0,0.0,0.0,0.0,1.0,0.7686871886253357,"[0.0, 0.0, 0.0, 0.0, 0.0, 0.0]","[0.0, 0.0, 0.0, 0.9998403787612915, 0.0, 0.0]","[0.0, 0.0, 0.0]","[-1.4710311889648438, -30.45393943786621, -1.478943109512329]","[610.0902099609375, 1645.0328369140625, 1.773482322692871]","[0.0, 0.0, 0.0]",car,0.002634301083162427,False,False,-1,False,False,False,False,False,True,True,-1,-1,True,False,False,True,e891b3d6e16345b98532385e3a092bec,car,True,1.7227003297584105,1.0871338997322533,True,False,9,0,0,True,False
r2_b_zero,camera_crash_5,recovery_1_5,fcbccedd61424f1b85dcbf8f897f9754,a98fba72bde9433fb882032d18aedb2e,1533151608.048151,9,5,432,base,defer,defer,0.0,0.39075967669487,0.0,0.0,0.0,0.0,1.0,0.7242132425308228,"[0.0, 0.0, 0.0, 0.0, 0.0, 0.0]","[0.0, 0.0, 0.0, 0.999855637550354, 5.376305469536889e-27, 0.0]","[0.0, 0.0, 0.0]","[-8.707275390625, -31.9090633392334, -1.5448956489562988]","[613.6156616210938, 1651.517822265625, 1.7536036968231201]","[0.0, 0.0, 0.0]",pedestrian,0.20333507657051086,False,False,43,True,False,False,False,False,True,True,-1,-1,True,False,False,True,ead8e7366a4e42b68b1f4dc053697652,pedestrian,True,0.2807057052586981,0.21280292351687846,True,False,10,0,0,True,False
r2_b_zero,camera_crash_5,recovery_1_5,fcbccedd61424f1b85dcbf8f897f9754,a98fba72bde9433fb882032d18aedb2e,1533151608.048151,9,5,612,base,defer,defer,0.0,0.42100510001182556,0.0,0.0,0.0,0.0,1.0,0.7790799140930176,"[0.0, 0.0, 0.0, 0.0, 0.0, 0.0]","[0.0, 0.0, 0.0, 0.9998254179954529, 4.6797080764462645e-20, 0.0]","[0.0, 0.0, 0.0]","[-10.10385513305664, -28.146846771240234, -1.255544662475586]","[617.4049072265625, 1650.16943359375, 1.8636242151260376]","[0.0, 0.0, 0.0]",pedestrian,0.26262998580932617,False,False,25,True,False,False,False,False,True,True,-1,-1,True,False,False,True,5db23fd0e3e04ee5b67ef422e0587c05,pedestrian,True,0.7955511216982896,0.1781092126536705,True,False,9,0,0,True,False
r2_b_zero,camera_crash_5,recovery_1_5,fcbccedd61424f1b85dcbf8f897f9754,a98fba72bde9433fb882032d18aedb2e,1533151608.048151,9,5,631,base,defer,defer,0.0,0.516635537147522,0.0,0.0,0.0,0.0,1.0,0.7574259042739868,"[0.0, 0.0, 0.0, 0.0, 0.0, 0.0]","[0.0, 0.0, 0.0, 0.9997422099113464, 0.0, 1.100484470838287e-23]","[0.0, 0.0, 0.0]","[6.550067901611328, -25.784936904907227, -1.0908782482147217]","[608.5355224609375, 1635.876708984375, 1.9681087732315063]","[0.0, 0.0, 0.0]",pedestrian,0.012437716126441956,False,False,-1,False,False,False,False,False,True,True,-1,-1,True,True,False,True,ceb756ea79d746f391bac2cbc7b8a9be,pedestrian,True,0.7206141886109132,0.1573657029079693,True,False,9,0,0,True,False
r2_b_zero,camera_crash_5,recovery_1_5,fcbccedd61424f1b85dcbf8f897f9754,a98fba72bde9433fb882032d18aedb2e,1533151608.048151,9,5,691,propagated,defer,defer,0.0,0.41463592648506165,0.0,0.0,0.0,0.9982006549835205,1.0,0.7417961359024048,"[0.0, 0.0, 0.0, 1.0, 0.0, 1.0060744466419881e-18]","[0.0, 0.0, 0.0, 0.9997063279151917, 0.0, 7.07168176340234e-21]","[9.46435546875, -34.33258056640625, -1.3056221008300781]","[9.605216979980469, -33.583457946777344, -1.2462594509124756]","[600.5948486328125, 1638.53662109375, 2.1844496726989746]","[9.39224910736084, -33.7863655090332, -1.3056221008300781]",pedestrian,0.01667499542236328,False,False,-1,False,False,False,False,False,True,True,4,-1,False,False,False,False,,,False,2.1785915624042,,False,True,,1,0,False,False
r2_b_zero,camera_crash_5,recovery_1_5,fcbccedd61424f1b85dcbf8f897f9754,a98fba72bde9433fb882032d18aedb2e,1533151608.048151,9,5,735,propagated,defer,defer,0.0,0.4274318218231201,0.0,0.0,0.0,0.991645336151123,1.0,0.7596052289009094,"[0.0, 0.0, 0.0, 1.0, 0.0, 2.6443721480107554e-14]","[0.0, 0.0, 0.0, 0.9997071623802185, 0.0, 7.942153475604214e-17]","[11.444580078125, -32.022735595703125, -1.2784042358398438]","[11.067974090576172, -32.02977752685547, -1.2205429077148438]","[600.84765625, 1636.41796875, 2.1423044204711914]","[11.379070281982422, -31.464658737182617, -1.2784042358398438]",pedestrian,0.01087976898998022,False,False,-1,False,False,False,False,False,True,True,-1,-1,False,False,False,False,,,False,2.679609100529565,,False,True,,0,0,False,False
r2_b_zero,camera_crash_5,recovery_1_5,fcbccedd61424f1b85dcbf8f897f9754,a98fba72bde9433fb882032d18aedb2e,1533151608.048151,9,5,795,propagated,defer,defer,0.0,0.5107817053794861,0.0,0.0,0.0,0.9949809312820435,1.0,0.7673318386077881,"[0.0, 0.0, 0.0, 1.0, 0.0, 1.5021814347981888e-10]","[0.0, 0.0, 0.0, 0.9997877478599548, 0.0, 1.5479929621128874e-13]","[11.498779296875, -27.3946533203125, -1.5658016204833984]","[11.0771484375, -27.40033531188965, -1.2941722869873047]","[604.3856811523438, 1633.4454345703125, 1.8536357879638672]","[11.498779296875, -27.3946533203125, -1.5658016204833984]",traffic_cone,0.01147619727998972,False,False,-1,False,False,False,False,False,True,True,-1,-1,False,False,False,False,,,False,4.434664787206557,,False,True,,0,0,False,False
r2_b_zero,camera_crash_5,recovery_1_5,325cef682f064c55a255f2625c533b75,5b7cb170eee6468aa1fdbd3abcf63c5a,1538984237.446737,48,5,741,propagated,defer,recover,1.0,0.4297291338443756,0.6273064613342285,0.034378331154584885,0.0,0.9709782004356384,1.0,0.6924658417701721,"[0.0, 0.0, 0.20080828666687012, 0.0, 0.7991917133331299, 0.0]","[0.0, 0.0, 0.0, 0.9999885559082031, 9.833701630768132e-10, 0.0]","[-14.5728759765625, -26.90325927734375, -1.9712677001953125]","[-14.519725799560547, -25.691238403320312, -1.944026231765747]","[737.1028442382812, 1805.5615234375, 1.0035098791122437]","[-14.572876930236816, -26.90325927734375, -1.9712677001953125]",bicycle,0.02057780511677265,False,False,-1,False,True,True,False,False,False,True,0,-1,False,False,False,True,4568d80512604a31a3adc93ff236bf5a,bicycle,True,1.038644462150776,2.221219448701909e-06,True,False,8,0,0,True,False
r2_b_zero,camera_crash_5,recovery_1_5,325cef682f064c55a255f2625c533b75,5b7cb170eee6468aa1fdbd3abcf63c5a,1538984237.446737,48,5,845,propagated,defer,defer,4.0,0.4021035432815552,0.0,0.0,0.0,0.9051268696784973,1.0,0.707398533821106,"[0.0, 0.0, 0.0, 0.0, 0.0, 0.0]","[0.0, 0.0, 0.0, 0.9999837875366211, 0.0, 0.0]","[-3.741241455078125, -28.6231689453125, -2.0000572204589844]","[-3.021137237548828, -26.933744430541992, -1.701688289642334]","[728.7748413085938, 1813.5870361328125, 1.2373195886611938]","[-4.348969459533691, -28.703447341918945, -2.0000572204589844]",pedestrian,0.04718000069260597,False,False,213,True,True,True,False,False,False,True,1,-1,False,False,False,False,,,False,5.249272978969507,,False,True,,0,0,False,False
r2_b_zero,camera_crash_5,recovery_1_5,325cef682f064c55a255f2625c533b75,5b7cb170eee6468aa1fdbd3abcf63c5a,1538984237.446737,48,5,847,propagated,defer,defer,4.0,0.3730085790157318,0.0,0.0,0.0,0.9512810111045837,1.0,0.7337639927864075,"[0.0, 0.0, 0.0, 0.0, 0.0, 0.0]","[0.0, 0.0, 0.0, 0.9999858140945435, 0.0, 0.0]","[-0.79913330078125, -25.07421875, -1.8847236633300781]","[-2.1892127990722656, -23.832046508789062, -1.5966169834136963]","[726.2145385742188, 1811.6458740234375, 1.2116243839263916]","[-1.3860554695129395, -25.162166595458984, -1.8847236633300781]",pedestrian,0.07686594128608704,False,False,147,True,True,True,False,False,False,True,2,-1,False,False,False,False,,,False,2.0540606791684795,,False,True,,0,0,False,False
r2_b_zero,camera_crash_5,recovery_1_5,325cef682f064c55a255f2625c533b75,5b7cb170eee6468aa1fdbd3abcf63c5a,1538984237.446737,48,5,857,propagated,defer,defer,4.0,0.47944310307502747,0.0,0.0,0.0,0.9747893810272217,1.0,0.7727953791618347,"[0.0, 0.0, 0.0, 0.0, 0.0, 0.0]","[0.0, 0.0, 0.0, 0.9999847412109375, 0.0, 0.0]","[-2.81610107421875, -24.1109619140625, -1.7810249328613281]","[-2.7449188232421875, -23.09027099609375, -1.522465705871582]","[726.1968994140625, 1810.7174072265625, 1.258331060409546]","[-3.4013524055480957, -23.972843170166016, -1.7810249328613281]",pedestrian,0.07758716493844986,False,False,144,True,True,True,False,False,False,True,3,-1,False,False,False,True,1549e245295746028d52a8225503af6c,pedestrian,True,1.5001631155367126,0.9544048270176337,True,False,,0,0,False,False
r2_b_zero,camera_crash_5,recovery_1_5,325cef682f064c55a255f2625c533b75,5b7cb170eee6468aa1fdbd3abcf63c5a,1538984237.446737,48,5,863,propagated,defer,defer,3.0,0.45389285683631897,0.0,0.0,0.0,0.9986007809638977,1.0,0.7944150567054749,"[0.0, 0.0, 0.0, 0.0, 0.0, 0.0]","[0.0, 0.0, 0.0, 0.9999858140945435, 2.469493343436282e-31, 0.0]","[-5.22808837890625, -23.45391845703125, -1.6957435607910156]","[-5.6976165771484375, -23.041431427001953, -1.5841505527496338]","[728.5009765625, 1808.869873046875, 1.2098486423492432]","[-5.8377861976623535, -23.236135482788086, -1.6957435607910156]",pedestrian,0.017517639324069023,False,False,-1,False,True,True,False,False,False,True,4,-1,False,False,False,False,,,False,3.9069552654661805,,False,True,,0,0,False,False
r2_b_zero,camera_crash_5,recovery_1_5,325cef682f064c55a255f2625c533b75,d8251bbc2105497ab8ec80827d4429aa,1538984237.947155,49,5,22,base,defer,defer,0.0,0.2820298671722412,0.0,0.0,0.0,0.0,1.0,0.7663795351982117,"[0.0, 0.0, 0.0, 0.0, 0.0, 0.0]","[0.0, 0.0, 0.0, 0.9999901056289673, 0.0, 0.0]","[0.0, 0.0, 0.0]","[-3.283527374267578, -28.704526901245117, -2.0955302715301514]","[729.1123657226562, 1812.48388671875, 1.0924137830734253]","[0.0, 0.0, 0.0]",pedestrian,0.023789571598172188,False,False,-1,False,False,False,False,False,True,True,-1,-1,False,False,False,False,,,False,5.264741036717301,,False,True,,0,0,False,False
r2_b_zero,camera_crash_5,recovery_1_5,325cef682f064c55a255f2625c533b75,d8251bbc2105497ab8ec80827d4429aa,1538984237.947155,49,5,314,base,defer,defer,0.0,0.4671734571456909,0.0,0.0,0.0,0.0,1.0,0.7528098821640015,"[0.0, 0.0, 0.0, 0.0, 0.0, 0.0]","[0.0, 0.0, 0.0, 0.9999887943267822, 2.6920458727876587e-14, 0.0]","[0.0, 0.0, 0.0]","[-13.669879913330078, -29.174657821655273, -2.1553304195404053]","[737.447021484375, 1806.268310546875, 1.1317909955978394]","[0.0, 0.0, 0.0]",pedestrian,0.0068914685398340225,False,False,-1,False,False,False,False,False,True,True,-1,-1,False,False,False,True,0cab2896be4349ed88f59c84642e4b87,bicycle,False,0.8528482353419902,2.104284822492571e-06,False,True,,0,0,True,False
r2_b_zero,camera_crash_5,recovery_1_5,325cef682f064c55a255f2625c533b75,d8251bbc2105497ab8ec80827d4429aa,1538984237.947155,49,5,481,base,defer,defer,0.0,0.5403961539268494,0.0,0.0,0.0,0.0,1.0,0.8075302839279175,"[0.0, 0.0, 0.0, 0.0, 0.0, 0.0]","[0.0, 0.0, 0.0, 0.9999874830245972, 3.7574459061359575e-38, 0.0]","[0.0, 0.0, 0.0]","[-4.8521881103515625, -25.892332077026367, -1.799673318862915]","[728.5363159179688, 1809.3067626953125, 1.2680362462997437]","[0.0, 0.0, 0.0]",pedestrian,0.017786620184779167,False,False,-1,False,False,False,False,False,True,True,-1,-1,False,False,False,False,,,False,6.313226425549644,,False,True,,0,0,False,False
r2_b_zero,camera_crash_5,recovery_1_5,325cef682f064c55a255f2625c533b75,d8251bbc2105497ab8ec80827d4429aa,1538984237.947155,49,5,690,propagated,defer,defer,0.0,0.3735949695110321,0.0,0.0,0.0,0.9953210949897766,1.0,0.7839243412017822,"[0.0, 0.0, 0.0, 1.0, 0.0, 0.0]","[0.0, 0.0, 0.0, 0.999988317489624, 0.0, 0.0]","[-1.372222900390625, -26.69500732421875, -1.8898811340332031]","[-2.5096359252929688, -26.54635238647461, -1.8598182201385498]","[727.1399536132812, 1811.2984619140625, 1.2211594581604004]","[-2.052898406982422, -26.70440673828125, -1.8898811340332031]",pedestrian,0.005755819380283356,False,False,-1,False,False,False,False,False,True,True,-1,-1,False,False,False,False,,,False,3.9539151834626343,,False,True,,0,0,False,False
r2_b_zero,camera_crash_5,recovery_1_5,325cef682f064c55a255f2625c533b75,d8251bbc2105497ab8ec80827d4429aa,1538984237.947155,49,5,853,propagated,defer,defer,0.0,0.3787517547607422,0.0,0.0,0.0,0.9954171180725098,1.0,0.7477505803108215,"[0.0, 0.0, 0.0, 1.0, 0.0, 0.0]","[0.0, 0.0, 0.0, 0.99998939037323, 0.0, 0.0]","[-1.866455078125, -24.51690673828125, -1.778839111328125]","[-2.424793243408203, -24.897794723510742, -1.8045506477355957]","[726.0294189453125, 1810.076171875, 1.1986182928085327]","[-2.5360617637634277, -24.43235969543457, -1.778839111328125]",pedestrian,0.0026140508707612753,False,False,-1,False,False,False,False,False,True,True,-1,-1,False,False,False,False,,,False,4.145451737670221,,False,True,,0,0,False,False
r2_b_zero,camera_crash_10,recovery_1_5,fcbccedd61424f1b85dcbf8f897f9754,de7593d76648450e947ba0c203dee1b0,1533151609.947025,13,5,658,propagated,defer,recover,2.0,0.5440827012062073,1.9921531677246094,0.04352661594748497,0.0,0.976920485496521,1.0,0.6942459940910339,"[0.23017063736915588, 0.0, 0.34321922063827515, 0.0, 0.42661014199256897, 0.0]","[0.0, 0.0, 0.0, 0.9999736547470093, 2.7193108875778194e-11, 0.0]","[-13.6055908203125, -23.95159912109375, -2.1490001678466797]","[-12.829414367675781, -25.14712905883789, -2.173044443130493]","[631.7838745117188, 1641.5040283203125, 1.3026599884033203]","[-13.655277252197266, -24.4507999420166, -2.1490001678466797]",pedestrian,0.06804431974887848,False,False,208,True,True,True,False,False,False,True,0,-1,True,True,True,True,84b1b1dde33e44bea0d99dc3094fd49a,pedestrian,True,0.47077143715558234,0.20862122242632514,True,False,13,0,0,True,False
r2_b_zero,camera_crash_10,recovery_1_5,fcbccedd61424f1b85dcbf8f897f9754,de7593d76648450e947ba0c203dee1b0,1533151609.947025,13,5,659,propagated,defer,recover,2.0,0.5890506505966187,1.9411115646362305,0.046543899923563004,0.0,0.9610914587974548,1.0,0.7235383987426758,"[0.41910845041275024, 0.32653573155403137, 0.0, 0.0, 0.0, 0.254355788230896]","[0.0, 0.0, 0.0, 0.9999749660491943, 0.0, 1.943235988415622e-16]","[5.15399169921875, -16.7901611328125, -1.7321414947509766]","[6.436073303222656, -17.606483459472656, -1.7366130352020264]","[625.24755859375, 1621.8714599609375, 1.0810580253601074]","[5.077643871307373, -17.233739852905273, -1.7321414947509766]",pedestrian,0.07440488040447235,False,False,178,True,True,True,False,False,False,True,1,-1,True,True,True,True,0e9b314c6a1f41189116b67fb257d8ba,pedestrian,True,0.7193652802322048,0.0996080314334969,True,False,13,0,0,True,False
r2_b_zero,camera_crash_10,recovery_1_5,fcbccedd61424f1b85dcbf8f897f9754,de7593d76648450e947ba0c203dee1b0,1533151609.947025,13,5,667,propagated,defer,defer,2.0,0.534895122051239,0.0,0.0,0.0,0.955470621585846,1.0,0.7478633522987366,"[0.0, 0.0, 0.0, 0.0, 0.0, 0.0]","[0.0, 0.0, 0.0, 0.9999524354934692, 7.811714324349948e-31, 0.0]","[-11.931640625, -44.655426025390625, -3.388721466064453]","[-10.52054214477539, -45.53394317626953, -3.2358272075653076]","[614.6259765625, 1652.80322265625, 1.4406269788742065]","[-11.981163024902344, -45.18641662597656, -3.388721466064453]",pedestrian,0.3019450008869171,False,False,9,True,True,True,False,False,False,True,2,-1,False,False,False,False,,,False,2.4103093833702816,,False,True,,0,0,False,False
r2_b_zero,camera_crash_10,recovery_1_5,fcbccedd61424f1b85dcbf8f897f9754,de7593d76648450e947ba0c203dee1b0,1533151609.947025,13,5,681,propagated,defer,recover,3.0,0.5915164351463318,1.9950227737426758,0.046543899923563004,0.0,0.977692723274231,1.0,0.7068014740943909,"[0.18184323608875275, 0.4739407002925873, 0.0, 0.0, 0.0, 0.34421607851982117]","[0.0, 0.0, 0.0, 0.9999630451202393, 0.0, 2.5057259653631053e-21]","[5.73236083984375, -22.15936279296875, -2.0272884368896484]","[6.631996154785156, -23.08465003967285, -1.9889321327209473]","[620.9102172851562, 1625.232177734375, 1.1558433771133423]","[5.668137073516846, -22.640243530273438, -2.0272884368896484]",pedestrian,0.06253428012132645,False,False,233,True,True,True,False,False,False,True,3,-1,True,True,True,True,b73d145dba9145689b3ff2621c381fe4,pedestrian,True,1.314828751657414,0.5753393790989033,True,False,13,0,0,True,False
r2_b_zero,camera_crash_10,recovery_1_5,fcbccedd61424f1b85dcbf8f897f9754,de7593d76648450e947ba0c203dee1b0,1533151609.947025,13,5,682,propagated,defer,recover,3.0,0.4761214256286621,2.669370651245117,0.03808971494436264,0.0,0.9746090769767761,1.0,0.7722983360290527,"[0.3410067856311798, 0.0, 0.276559978723526, 0.0, 0.3824332058429718, 0.0]","[0.0, 0.0, 0.0, 0.9999747276306152, 9.756500813215629e-21, 0.0]","[-9.251220703125, -22.926300048828125, -2.121255874633789]","[-8.122077941894531, -22.851795196533203, -2.047564744949341]","[630.534912109375, 1636.4168701171875, 1.240147352218628]","[-9.251220703125, -22.926298141479492, -2.121255874633789]",pedestrian,0.05818793550133705,False,False,-1,False,True,True,False,False,False,True,4,-1,True,True,True,True,e833662c5eb64d2580f877fee97117c5,pedestrian,True,0.2475543287605151,0.27003928270557304,True,False,13,0,0,True,False
r2_b_zero,camera_crash_10,recovery_1_5,fcbccedd61424f1b85dcbf8f897f9754,de7593d76648450e947ba0c203dee1b0,1533151609.947025,13,5,683,propagated,defer,defer,2.0,0.5273871421813965,0.0,0.0,0.0,0.9707397818565369,1.0,0.7481333613395691,"[0.0, 0.0, 0.0, 0.0, 0.0, 0.0]","[0.0, 0.0, 0.0, 0.9999514818191528, 4.090590301799001e-33, 0.0]","[-11.0977783203125, -47.20965576171875, -3.569620132446289]","[-9.995899200439453, -47.532264709472656, -3.3549442291259766]","[612.7525634765625, 1653.6822509765625, 1.4360653162002563]","[-11.171854019165039, -47.7686653137207, -3.569620132446289]",pedestrian,0.24499496817588806,False,False,13,True,True,True,False,False,False,True,5,-1,False,False,False,True,7a0cca0f12d547518dd80d8df2c501bb,pedestrian,True,1.9457123523865258,0.5440959197762528,True,False,,0,0,False,False
r2_b_zero,camera_crash_10,recovery_1_5,fcbccedd61424f1b85dcbf8f897f9754,de7593d76648450e947ba0c203dee1b0,1533151609.947025,13,5,690,propagated,defer,recover,1.0,0.5253984928131104,1.0221986770629883,0.04203187674283981,0.0,0.9897956252098083,1.0,0.7390179634094238,"[0.15055231750011444, 0.4256480932235718, 0.0, 0.0, 0.0, 0.4237995445728302]","[0.0, 0.0, 0.0, 0.9999769926071167, 0.0, 2.854108629435359e-07]","[7.45794677734375, -14.875244140625, -1.57391357421875]","[8.152641296386719, -14.669612884521484, -1.535341739654541]","[626.4088745117188, 1618.667724609375, 1.0874851942062378]","[7.463813781738281, -14.4776029586792, -1.57391357421875]",pedestrian,0.05968454107642174,False,False,250,True,True,True,False,False,False,True,6,-1,True,True,True,True,16a95164fcdd44e99cf99a93dd13b017,pedestrian,True,0.975305823323693,0.6557175803891295,True,False,13,0,0,True,False
r2_b_zero,camera_crash_10,recovery_1_5,fcbccedd61424f1b85dcbf8f897f9754,de7593d76648450e947ba0c203dee1b0,1533151609.947025,13,5,693,propagated,defer,recover,3.0,0.49671611189842224,1.0786371231079102,0.039737287908792496,0.0,0.9638314843177795,1.0,0.7222948670387268,"[5.221805597542596e-26, 0.4612205922603607, 0.0, 0.0, 0.0, 0.5387794375419617]","[0.0, 0.0, 0.0, 0.9999743700027466, 0.0, 1.1048169609163979e-18]","[5.02716064453125, -18.192474365234375, -1.8755226135253906]","[6.231170654296875, -18.94432830810547, -1.833193063735962]","[624.3488159179688, 1622.887939453125, 1.0671125650405884]","[5.003745079040527, -18.366769790649414, -1.8755226135253906]",pedestrian,0.04780692607164383,False,False,-1,False,True,True,False,False,False,True,7,-1,True,True,True,True,ebc5a02f9ea64bbd9f3ccc3b84563d35,pedestrian,True,0.40799187799892955,0.19080316898601088,True,False,13,0,0,True,False
r2_b_zero,camera_crash_10,recovery_1_5,fcbccedd61424f1b85dcbf8f897f9754,de7593d76648450e947ba0c203dee1b0,1533151609.947025,13,5,694,propagated,defer,recover,2.0,0.4878411293029785,1.6342277526855469,0.03902728855609894,0.0,0.9747411608695984,1.0,0.7198097705841064,"[0.3486437201499939, 0.3883531391620636, 0.0, 0.0, 0.0, 0.2630031406879425]","[0.0, 0.0, 0.0, 0.9999741315841675, 0.0, 3.485265126807466e-18]","[5.347412109375, -18.576141357421875, -1.892740249633789]","[6.411731719970703, -19.05837631225586, -1.8416941165924072]","[624.1453247070312, 1622.822509765625, 1.063551902770996]","[5.325617790222168, -18.747060775756836, -1.892740249633789]",pedestrian,0.049947869032621384,False,False,-1,False,True,True,False,False,False,True,8,-1,True,True,True,True,ebc5a02f9ea64bbd9f3ccc3b84563d35,pedestrian,True,0.3384747195929408,0.18546613869559753,True,False,13,0,0,True,False
r2_b_zero,camera_crash_10,recovery_1_5,fcbccedd61424f1b85dcbf8f897f9754,de7593d76648450e947ba0c203dee1b0,1533151609.947025,13,5,703,propagated,defer,recover,2.0,0.5166116952896118,1.9854469299316406,0.04132893308997154,0.0,0.9527231454849243,1.0,0.6810864210128784,"[0.25070706009864807, 0.0, 0.33573296666145325, 0.0, 0.4135599732398987, 0.0]","[0.0, 0.0, 0.0, 0.9999754428863525, 1.964195889270215e-10, 0.0]","[-14.6937255859375, -24.20526123046875, -2.2002830505371094]","[-13.283245086669922, -25.145614624023438, -2.2091140747070312]","[632.0742797851562, 1641.853271484375, 1.2713898420333862]","[-14.775740623474121, -24.705244064331055, -2.2002830505371094]",pedestrian,0.036455653607845306,False,False,-1,False,True,True,False,False,False,True,9,-1,True,True,True,True,84b1b1dde33e44bea0d99dc3094fd49a,pedestrian,True,0.5847274928124733,0.2183971135046965,True,False,13,0,0,True,False
r2_b_zero,camera_crash_10,recovery_1_5,fcbccedd61424f1b85dcbf8f897f9754,de7593d76648450e947ba0c203dee1b0,1533151609.947025,13,5,707,propagated,defer,defer,5.0,0.5479990243911743,0.0,0.0,0.0,0.9726881980895996,1.0,0.7533442974090576,"[0.0, 0.0, 0.0, 0.0, 0.0, 0.0]","[0.0, 0.0, 0.0, 0.9999376535415649, 0.0, 2.4794039614970617e-22]","[9.70806884765625, -40.96099853515625, -2.8972816467285156]","[10.882118225097656, -41.02931213378906, -2.858245372772217]","[604.3899536132812, 1633.471435546875, 1.3197482824325562]","[9.708067893981934, -40.96099853515625, -2.8972816467285156]",traffic_cone,0.17872510850429535,False,False,30,True,True,True,False,False,False,True,10,-1,False,False,False,False,,,False,3.4755792212663676,,False,True,,0,0,False,False
r2_b_zero,camera_crash_10,recovery_1_5,fcbccedd61424f1b85dcbf8f897f9754,de7593d76648450e947ba0c203dee1b0,1533151609.947025,13,5,708,propagated,defer,recover,2.0,0.5413123369216919,1.9889516830444336,0.043304987251758575,0.0,0.9617531299591064,1.0,0.6770651340484619,"[0.3229507803916931, 0.43496865034103394, 0.0, 0.0, 0.0, 0.24208059906959534]","[0.0, 0.0, 0.0, 0.9999722242355347, 0.0, 2.5622778638406674e-12]","[7.010009765625, -15.898651123046875, -1.6206436157226562]","[7.557994842529297, -17.198444366455078, -1.6725525856018066]","[624.8446044921875, 1620.7462158203125, 1.1085917949676514]","[7.009067535400391, -15.915533065795898, -1.6206436157226562]",pedestrian,0.05329716578125954,False,False,-1,False,True,True,False,False,False,True,11,-1,True,True,True,True,bff8170575c24b5d8714061f5349892b,pedestrian,True,0.28334485096307344,0.306969099375548,True,False,13,0,0,True,False
r2_b_zero,camera_crash_10,recovery_1_5,fcbccedd61424f1b85dcbf8f897f9754,de7593d76648450e947ba0c203dee1b0,1533151609.947025,13,5,710,propagated,defer,defer,2.0,0.41833654046058655,0.0,0.0,0.0,0.9809073805809021,1.0,0.7290025353431702,"[0.0, 0.0, 0.0, 0.0, 0.0, 0.0]","[0.0, 0.0, 0.0, 0.9999170303344727, 0.0, 1.1970251755496889e-31]","[5.925537109375, -39.5775146484375, -2.454214096069336]","[6.656669616699219, -40.495361328125, -2.5323004722595215]","[607.518310546875, 1636.3602294921875, 1.6579536199569702]","[5.94167423248291, -39.82712173461914, -2.454214096069336]",pedestrian,0.1589176505804062,False,False,41,True,True,True,False,False,False,True,12,-1,False,False,False,False,,,False,2.2143631179747394,,False,True,,0,0,False,False
r2_b_zero,camera_crash_10,recovery_1_5,fcbccedd61424f1b85dcbf8f897f9754,de7593d76648450e947ba0c203dee1b0,1533151609.947025,13,5,730,propagated,defer,recover,2.0,0.4422834515571594,2.0182390213012695,0.035382676869630814,0.0,0.96388179063797,1.0,0.6944387555122375,"[0.0816095843911171, 0.0, 0.36025869846343994, 0.0, 0.558131754398346, 0.0]","[0.0, 0.0, 0.0, 0.999981164932251, 1.7288080300659203e-08, 0.0]","[-16.67626953125, -26.497406005859375, -2.483427047729492]","[-15.521926879882812, -27.207881927490234, -2.5287296772003174]","[631.9134521484375, 1644.90478515625, 1.099906325340271]","[-16.67626953125, -26.497406005859375, -2.483427047729492]",pedestrian,0.023944681510329247,False,False,-1,False,True,True,False,False,False,True,13,-1,False,False,False,True,c97be344ac4143ffa69b0b5ed22f31c2,pedestrian,True,0.35226026395940396,1.004391806823399e-07,True,False,13,0,0,True,False
r2_b_zero,camera_crash_10,recovery_1_5,fcbccedd61424f1b85dcbf8f897f9754,de7593d76648450e947ba0c203dee1b0,1533151609.947025,13,5,732,propagated,defer,defer,1.0,0.35143932700157166,0.0,0.0,0.0,0.9199654459953308,1.0,0.7748769521713257,"[0.0, 0.0, 0.0, 0.0, 0.0, 0.0]","[0.0, 0.0, 0.0, 0.9999788999557495, 1.4643947165993154e-10, 0.0]","[-13.349609375, -21.133880615234375, -2.0805606842041016]","[-11.941108703613281, -22.612751007080078, -2.0852510929107666]","[633.1624145507812, 1639.1988525390625, 1.2287741899490356]","[-13.349610328674316, -21.133880615234375, -2.0805606842041016]",pedestrian,0.11187536269426346,False,False,80,True,True,True,False,False,False,True,14,-1,False,False,False,False,,,False,2.05467598172712,,False,True,,0,0,False,False
r2_b_zero,camera_crash_10,recovery_1_5,fcbccedd61424f1b85dcbf8f897f9754,de7593d76648450e947ba0c203dee1b0,1533151609.947025,13,5,734,propagated,defer,defer,2.0,0.42078354954719543,0.0,0.0,0.0,0.9940556287765503,1.0,0.7299429178237915,"[0.0, 0.0, 0.0, 0.0, 0.0, 0.0]","[0.0, 0.0, 0.0, 0.9999520778656006, 2.6172018683862482e-36, 0.0]","[-8.92047119140625, -46.696319580078125, -3.56744384765625]","[-8.770805358886719, -47.691707611083984, -3.3883614540100098]","[611.8443603515625, 1652.8448486328125, 1.3992575407028198]","[-9.008386611938477, -47.2338981628418, -3.56744384765625]",pedestrian,0.1695679873228073,False,False,36,True,True,True,False,False,False,True,15,-1,False,False,False,True,7a0cca0f12d547518dd80d8df2c501bb,pedestrian,True,0.8534332092255661,0.5693066530647503,True,False,,0,0,False,False
r2_b_zero,camera_crash_10,recovery_1_5,fcbccedd61424f1b85dcbf8f897f9754,de7593d76648450e947ba0c203dee1b0,1533151609.947025,13,5,753,propagated,defer,defer,1.0,0.3289138972759247,0.0,0.0,0.0,0.9893819093704224,1.0,0.754801869392395,"[0.0, 0.0, 0.0, 0.0, 0.0, 0.0]","[0.0, 0.0, 0.0, 0.9999734163284302, 7.775732228765264e-05, 0.0]","[-32.4794921875, -48.074951171875, -4.18267822265625]","[-31.804555892944336, -48.35363006591797, -4.2060394287109375]","[626.05517578125, 1670.9951171875, 0.8676110506057739]","[-32.4794921875, -48.074951171875, -4.18267822265625]",pedestrian,0.08882606029510498,False,False,111,True,True,True,False,False,False,True,16,-1,False,False,False,False,,,False,22.606385854359715,,False,True,,0,0,False,False
r2_b_zero,camera_crash_10,recovery_1_5,fcbccedd61424f1b85dcbf8f897f9754,de7593d76648450e947ba0c203dee1b0,1533151609.947025,13,5,769,propagated,defer,recover,1.0,0.47571316361427307,0.9273233413696289,0.038057051599025726,0.0,0.9912025928497314,1.0,0.6734443306922913,"[0.02162541076540947, 0.0, 0.3686997890472412, 0.0, 0.6096748113632202, 0.0]","[0.0, 0.0, 0.0, 0.9999756813049316, 3.2694402761990204e-05, 0.0]","[-18.08465576171875, -26.366912841796875, -2.5248031616210938]","[-17.502666473388672, -26.67456817626953, -2.6167283058166504]","[633.5875244140625, 1646.08935546875, 1.0011202096939087]","[-18.08465576171875, -26.366912841796875, -2.5248031616210938]",pedestrian,0.024120762944221497,False,False,-1,False,True,True,False,False,False,True,17,-1,False,False,False,False,,,False,2.145339593556357,,False,True,,3,0,False,False
r2_b_zero,camera_crash_10,recovery_1_5,fcbccedd61424f1b85dcbf8f897f9754,de7593d76648450e947ba0c203dee1b0,1533151609.947025,13,5,780,propagated,defer,recover,1.0,0.3551958203315735,0.36919403076171875,0.02841566503047943,0.0,0.9770292043685913,1.0,0.6860455274581909,"[0.0, 0.0, 0.0, 0.0, 1.0, 0.0]","[0.0, 0.0, 0.0, 0.9999438524246216, 0.00020847388077527285, 0.0]","[-15.84613037109375, -21.257293701171875, -2.169321060180664]","[-14.95621109008789, -21.855361938476562, -2.280200958251953]","[635.6665649414062, 1641.0396728515625, 1.020782709121704]","[-15.84613037109375, -21.257293701171875, -2.169321060180664]",pedestrian,0.02216447703540325,False,False,-1,False,True,True,False,False,False,True,18,-1,False,False,False,False,,,False,2.9936083265691322,,False,True,,5,0,False,False
r2_b_zero,camera_crash_10,recovery_1_5,fcbccedd61424f1b85dcbf8f897f9754,de7593d76648450e947ba0c203dee1b0,1533151609.947025,13,5,783,propagated,defer,defer,1.0,0.4584733247756958,0.0,0.0,0.0,0.9736966490745544,1.0,0.7521654367446899,"[0.0, 0.0, 0.0, 0.0, 0.0, 0.0]","[0.0, 0.0, 0.0, 0.9999529123306274, 2.360231848823961e-30, 0.0]","[-11.483154296875, -43.628936767578125, -3.393648147583008]","[-10.542774200439453, -44.700096130371094, -3.1895792484283447]","[615.2816162109375, 1652.285400390625, 1.4369903802871704]","[-11.552715301513672, -44.179378509521484, -3.393648147583008]",pedestrian,0.13608233630657196,False,False,58,True,True,True,False,False,False,True,19,-1,False,False,False,True,2f009793dd694578990c045dc8c77e31,pedestrian,True,1.6414775293868098,0.5304325713882441,True,False,,0,0,False,False
r2_b_zero,camera_crash_10,recovery_1_5,fcbccedd61424f1b85dcbf8f897f9754,de7593d76648450e947ba0c203dee1b0,1533151609.947025,13,5,793,propagated,defer,recover,1.0,0.5489917993545532,0.7778482437133789,0.04391934350132942,0.0,0.9803204536437988,1.0,0.678406834602356,"[0.0, 0.0, 0.15095186233520508, 0.0, 0.8490481376647949, 0.0]","[0.0, 0.0, 0.0, 0.9999592304229736, 0.00023189863713923842, 0.0]","[-20.38836669921875, -28.280242919921875, -2.7093467712402344]","[-19.686017990112305, -28.98333168029785, -2.787844657897949]","[633.2081298828125, 1649.2489013671875, 0.9920631647109985]","[-20.38836669921875, -28.280242919921875, -2.7093467712402344]",pedestrian,0.021011410281062126,False,False,-1,False,True,True,False,False,False,True,20,-1,False,False,False,False,,,False,4.804352636220617,,False,True,,1,0,False,False
r2_b_zero,camera_crash_10,recovery_1_5,fcbccedd61424f1b85dcbf8f897f9754,de7593d76648450e947ba0c203dee1b0,1533151609.947025,13,5,819,propagated,defer,defer,1.0,0.41558220982551575,0.0,0.0,0.0,0.9737456440925598,1.0,0.7547460198402405,"[0.0, 0.0, 0.0, 0.0, 0.0, 0.0]","[0.0, 0.0, 0.0, 0.9999525547027588, 2.052002746662258e-35, 0.0]","[-9.8804931640625, -45.540679931640625, -3.591329574584961]","[-8.847858428955078, -46.243125915527344, -3.300858974456787]","[613.00830078125, 1651.974609375, 1.4004942178726196]","[-9.954071998596191, -46.094207763671875, -3.591329574584961]",pedestrian,0.12972122430801392,False,False,66,True,True,True,False,False,False,True,21,-1,False,False,False,False,,,False,2.201443134825381,,False,True,,0,0,False,False
r2_b_zero,camera_crash_10,recovery_1_5,fcbccedd61424f1b85dcbf8f897f9754,de7593d76648450e947ba0c203dee1b0,1533151609.947025,13,5,843,propagated,defer,defer,1.0,0.2420518696308136,0.0,0.0,0.0,0.980634868144989,1.0,0.6722318530082703,"[0.0, 0.0, 0.0, 0.0, 0.0, 0.0]","[0.0, 0.0, 0.0, 0.9999697208404541, 0.0, 3.041325177810528e-11]","[7.52227783203125, -18.076812744140625, -1.6571331024169922]","[8.479534149169922, -18.465225219726562, -1.7456145286560059]","[623.2799072265625, 1620.85107421875, 1.1018850803375244]","[7.516229629516602, -18.260358810424805, -1.6571331024169922]",pedestrian,0.039935968816280365,False,False,-1,False,True,True,False,False,False,True,22,-1,True,True,True,True,4eb1a864acc24ef89aa487d5002cc071,pedestrian,True,1.0536504829815383,0.06732543370100319,True,False,13,0,0,True,False
r2_b_zero,camera_crash_10,recovery_1_5,fcbccedd61424f1b85dcbf8f897f9754,de7593d76648450e947ba0c203dee1b0,1533151609.947025,13,5,848,propagated,defer,recover,1.0,0.4912019371986389,0.6324801445007324,0.03929615393280983,0.0,0.9701224565505981,1.0,0.673323929309845,"[0.0, 0.0, 0.003476035315543413, 0.0, 0.996523916721344, 0.0]","[0.0, 0.0, 0.0, 0.9999570846557617, 0.0002391035814071074, 0.0]","[-19.94085693359375, -27.259552001953125, -2.6177825927734375]","[-18.74658203125, -27.548131942749023, -2.7019011974334717]","[633.7107543945312, 1647.606689453125, 0.9817436933517456]","[-19.94085693359375, -27.259552001953125, -2.6177825927734375]",pedestrian,0.018841806799173355,False,False,-1,False,True,True,False,False,False,True,23,-1,False,False,False,False,,,False,3.4445528171137325,,False,True,,3,0,False,False
r2_b_zero,camera_crash_10,recovery_1_5,fcbccedd61424f1b85dcbf8f897f9754,de7593d76648450e947ba0c203dee1b0,1533151609.947025,13,5,852,propagated,defer,recover,1.0,0.4438747763633728,0.6793460845947266,0.03550998121500015,0.0,0.9756314754486084,1.0,0.7146987318992615,"[0.0, 0.0, 0.16803978383541107, 0.0, 0.8319602012634277, 0.0]","[0.0, 0.0, 0.0, 0.9999802112579346, 3.0793287351116305e-06, 0.0]","[-19.42803955078125, -29.4344482421875, -2.708852767944336]","[-18.329002380371094, -29.276660919189453, -2.736009359359741]","[632.1161499023438, 1648.3917236328125, 1.046981692314148]","[-19.42803955078125, -29.4344482421875, -2.708852767944336]",pedestrian,0.01543673500418663,False,False,-1,False,True,True,False,False,False,True,24,-1,False,False,False,False,,,False,3.8081524884405913,,False,True,,0,0,False,False
r2_b_zero,camera_crash_10,recovery_1_5,fcbccedd61424f1b85dcbf8f897f9754,de7593d76648450e947ba0c203dee1b0,1533151609.947025,13,5,853,propagated,defer,recover,1.0,0.3705194592475891,0.8706579208374023,0.02964155562222004,0.0,0.9787901043891907,1.0,0.7165446281433105,"[0.011449511162936687, 0.0, 0.3788008689880371, 0.0, 0.6097496747970581, 0.0]","[0.0, 0.0, 0.0, 0.9999816417694092, 1.8712460132519482e-06, 0.0]","[-17.764404296875, -26.751007080078125, -2.535684585571289]","[-16.74665069580078, -26.935508728027344, -2.580852746963501]","[632.9046630859375, 1645.673828125, 1.044552206993103]","[-17.764404296875, -26.751007080078125, -2.535684585571289]",pedestrian,0.01545453630387783,False,False,-1,False,True,True,False,False,False,True,25,-1,False,False,False,True,c97be344ac4143ffa69b0b5ed22f31c2,pedestrian,True,1.3794460471356873,2.0960794626528622e-07,True,False,13,0,0,True,False
r2_b_zero,camera_crash_10,recovery_1_5,fcbccedd61424f1b85dcbf8f897f9754,de7593d76648450e947ba0c203dee1b0,1533151609.947025,13,5,855,propagated,defer,recover,1.0,0.44962969422340393,0.6947793960571289,0.03597037494182587,0.0,0.9800726771354675,1.0,0.7089340686798096,"[0.0, 0.0, 0.1706826537847519, 0.0, 0.8293173313140869, 0.0]","[0.0, 0.0, 0.0, 0.9999786615371704, 1.1392180567781907e-05, 0.0]","[-19.7484130859375, -29.05120849609375, -2.684326171875]","[-18.773468017578125, -29.276166915893555, -2.7571537494659424]","[632.4003295898438, 1648.733642578125, 1.0305705070495605]","[-19.7484130859375, -29.05120849609375, -2.684326171875]",pedestrian,0.015900393947958946,False,False,-1,False,True,True,False,False,False,True,26,-1,False,False,False,False,,,False,4.163656976155736,,False,True,,1,0,False,False
r2_b_zero,camera_crash_10,recovery_1_5,fcbccedd61424f1b85dcbf8f897f9754,de7593d76648450e947ba0c203dee1b0,1533151609.947025,13,5,876,propagated,defer,defer,2.0,0.3207041919231415,0.0,0.0,0.0,0.9826200008392334,1.0,0.6495104432106018,"[0.0, 0.0, 0.0, 0.0, 0.0, 0.0]","[0.0, 0.0, 0.0, 0.999971866607666, 2.760262504675204e-11, 0.0]","[-14.501220703125, -25.9964599609375, -2.2746238708496094]","[-13.674484252929688, -26.859304428100586, -2.2657885551452637]","[631.0081176757812, 1643.2510986328125, 1.3218085765838623]","[-14.561388969421387, -26.559364318847656, -2.2746238708496094]",pedestrian,0.0754816010594368,False,False,175,True,True,True,False,False,False,True,27,-1,False,False,False,True,c97be344ac4143ffa69b0b5ed22f31c2,pedestrian,True,1.6973449013108102,1.4365612608524665,True,False,13,0,0,True,False
r2_b_zero,camera_crash_10,recovery_1_5,fcbccedd61424f1b85dcbf8f897f9754,de7593d76648450e947ba0c203dee1b0,1533151609.947025,13,5,888,propagated,defer,recover,2.0,0.3822357952594757,0.4603273868560791,0.030578862875699997,0.0,0.9755203723907471,1.0,0.6909323334693909,"[0.0, 1.1214034831617346e-18, 0.0, 0.0, 0.0, 1.0]","[0.0, 0.0, 0.0, 0.9999758005142212, 0.0, 7.61092785902532e-17]","[5.15399169921875, -16.7901611328125, -1.7321414947509766]","[6.203083038330078, -17.255691528320312, -1.716768741607666]","[625.6666259765625, 1621.825439453125, 1.0822923183441162]","[5.102171897888184, -17.091461181640625, -1.7321414947509766]",pedestrian,0.013249875977635384,False,False,-1,False,True,True,False,False,False,True,28,-1,True,True,True,True,0e9b314c6a1f41189116b67fb257d8ba,pedestrian,True,0.3379242111269032,0.07903069474768704,True,False,13,0,0,True,False
r2_b_zero,camera_crash_10,recovery_1_5,fcbccedd61424f1b85dcbf8f897f9754,de7593d76648450e947ba0c203dee1b0,1533151609.947025,13,5,890,propagated,defer,recover,1.0,0.49415889382362366,0.6374764442443848,0.03953270986676216,0.0,0.9599435329437256,1.0,0.6916877627372742,"[0.0, 0.0, 3.4270948390258127e-07, 0.0, 0.9999996423721313, 0.0]","[0.0, 0.0, 0.0, 0.9999362230300903, 0.0007219460676424205, 0.0]","[-21.92474365234375, -29.559173583984375, -2.7761707305908203]","[-20.495725631713867, -29.55375862121582, -2.819962978363037]","[633.287841796875, 1650.236572265625, 1.002838134765625]","[-21.92474365234375, -29.559173583984375, -2.7761707305908203]",pedestrian,0.014227227307856083,False,False,-1,False,True,True,False,False,False,True,29,-1,False,False,False,False,,,False,5.784602439222537,,False,True,,1,0,False,False
r2_b_zero,camera_crash_10,recovery_1_5,fcbccedd61424f1b85dcbf8f897f9754,de7593d76648450e947ba0c203dee1b0,1533151609.947025,13,5,892,propagated,defer,recover,1.0,0.39357230067253113,0.5133457183837891,0.03148578479886055,0.0,0.9864222407341003,1.0,0.6803586483001709,"[0.0, 0.0, 0.03890733793377876, 0.0, 0.9610927104949951, 0.0]","[0.0, 0.0, 0.0, 0.9999805688858032, 1.9024612356588477e-06, 0.0]","[-16.10150146484375, -24.071533203125, -2.2962398529052734]","[-15.352943420410156, -24.61188316345215, -2.351902723312378]","[633.803466796875, 1643.1085205078125, 1.1188358068466187]","[-16.16623306274414, -24.474031448364258, -2.2962398529052734]",pedestrian,0.010179724544286728,False,False,-1,False,True,True,False,False,False,True,30,-1,False,False,False,False,,,False,2.2847766055493235,,False,True,,0,0,False,False
r2_b_zero,camera_crash_10,recovery_1_5,fcbccedd61424f1b85dcbf8f897f9754,de7593d76648450e947ba0c203dee1b0,1533151609.947025,13,5,898,propagated,defer,defer,1.0,0.3851655423641205,0.0,0.0,0.0,0.9688519239425659,1.0,0.6921401619911194,"[0.0, 0.0, 0.0, 0.0, 0.0, 0.0]","[0.0, 0.0, 0.0, 0.999980092048645, 1.6859406315461456e-08, 0.0]","[-19.68182373046875, -32.2396240234375, -2.986356735229492]","[-18.466697692871094, -32.56098175048828, -2.9376635551452637]","[629.6771850585938, 1650.6048583984375, 1.0442415475845337]","[-19.68182373046875, -32.2396240234375, -2.986356735229492]",pedestrian,0.041386786848306656,False,False,-1,False,True,True,False,False,False,True,31,-1,False,False,False,False,,,False,6.47485739373004,,False,True,,0,0,False,False
r2_b_zero,camera_crash_10,recovery_1_5,fcbccedd61424f1b85dcbf8f897f9754,de7593d76648450e947ba0c203dee1b0,1533151609.947025,13,5,899,propagated,defer,defer,1.0,0.24111421406269073,0.0,0.0,0.0,0.9319183826446533,1.0,0.7195789813995361,"[0.0, 0.0, 0.0, 0.0, 0.0, 0.0]","[0.0, 0.0, 0.0, 0.9999332427978516, 0.00237745582126081, 0.0]","[-36.12847900390625, -53.06610107421875, -4.379732131958008]","[-35.931068420410156, -51.1989631652832, -4.361684799194336]","[626.5091552734375, 1675.989013671875, 0.9268437623977661]","[-36.12847900390625, -53.06610107421875, -4.379732131958008]",pedestrian,0.031115276739001274,False,False,-1,False,True,True,False,False,False,True,32,-1,False,False,False,False,,,False,27.33653201752191,,False,True,,0,0,False,False
r2_b_zero,camera_crash_10,recovery_1_5,fcbccedd61424f1b85dcbf8f897f9754,f753d3f87e5b40af87ff2cbf7c8e7082,1533151610.446899,14,5,2,base,defer,defer,0.0,0.37324362993240356,0.0,0.0,0.0,0.0,1.0,0.741222083568573,"[0.0, 0.0, 0.0, 0.0, 0.0, 0.0]","[0.0, 0.0, 0.0, 0.9999409914016724, 3.0450464106497356e-32, 0.0]","[0.0, 0.0, 0.0]","[-10.268287658691406, -47.12232971191406, -3.1184778213500977]","[614.7794799804688, 1652.2938232421875, 1.696802020072937]","[0.0, 0.0, 0.0]",pedestrian,0.12157431244850159,False,False,52,True,False,False,False,False,True,True,-1,-1,False,False,False,True,2b5c84ef9b6e417aabc0ee048e3c4ca0,pedestrian,True,1.5369162086863362,0.5902439051695443,True,False,,0,0,False,False
r2_b_zero,camera_crash_10,recovery_1_5,fcbccedd61424f1b85dcbf8f897f9754,f753d3f87e5b40af87ff2cbf7c8e7082,1533151610.446899,14,5,10,base,defer,defer,0.0,0.5010164976119995,0.0,0.0,0.0,0.0,1.0,0.6884769797325134,"[0.0, 0.0, 0.0, 0.0, 0.0, 0.0]","[0.0, 0.0, 0.0, 0.9999637603759766, 0.0, 4.197375830092326e-20]","[0.0, 0.0, 0.0]","[6.234851837158203, -20.2988224029541, -1.7923204898834229]","[624.8505249023438, 1622.42919921875, 1.1597628593444824]","[0.0, 0.0, 0.0]",pedestrian,0.6834941506385803,False,False,2,True,False,False,False,False,True,True,-1,-1,True,True,True,True,135bbe9c408f42dc8731b501122e9973,pedestrian,True,0.9250917204186264,0.30014325674916786,True,False,14,0,0,True,False
r2_b_zero,camera_crash_10,recovery_1_5,fcbccedd61424f1b85dcbf8f897f9754,f753d3f87e5b40af87ff2cbf7c8e7082,1533151610.446899,14,5,13,base,defer,defer,0.0,0.37602660059928894,0.0,0.0,0.0,0.0,1.0,0.7246608138084412,"[0.0, 0.0, 0.0, 0.0, 0.0, 0.0]","[0.0, 0.0, 0.0, 0.9999139308929443, 0.0, 1.2079211706420865e-32]","[0.0, 0.0, 0.0]","[6.5831298828125, -42.502227783203125, -2.6079015731811523]","[607.5577392578125, 1636.37451171875, 1.6721466779708862]","[0.0, 0.0, 0.0]",pedestrian,0.09787135571241379,False,False,84,True,False,False,False,False,True,True,-1,-1,False,False,False,False,,,False,2.1320896700403784,,False,True,,0,0,False,False
r2_b_zero,camera_crash_10,recovery_1_5,fcbccedd61424f1b85dcbf8f897f9754,f753d3f87e5b40af87ff2cbf7c8e7082,1533151610.446899,14,5,20,base,defer,defer,0.0,0.32382872700691223,0.0,0.0,0.0,0.0,1.0,0.706763505935669,"[0.0, 0.0, 0.0, 0.0, 0.0, 0.0]","[0.0, 0.0, 0.0, 0.9999847412109375, 3.576591325327172e-06, 0.0]","[0.0, 0.0, 0.0]","[-17.235462188720703, -27.3900089263916, -2.7822928428649902]","[634.3948974609375, 1645.0340576171875, 0.9551546573638916]","[0.0, 0.0, 0.0]",pedestrian,0.12025647610425949,False,False,53,True,False,False,False,False,True,True,-1,-1,False,False,False,False,,,False,2.3788587193868493,,False,True,,0,0,False,False
r2_b_zero,camera_crash_10,recovery_1_5,fcbccedd61424f1b85dcbf8f897f9754,f753d3f87e5b40af87ff2cbf7c8e7082,1533151610.446899,14,5,44,base,defer,defer,0.0,0.42737361788749695,0.0,0.0,0.0,0.0,1.0,0.6775524616241455,"[0.0, 0.0, 0.0, 0.0, 0.0, 0.0]","[0.0, 0.0, 0.0, 0.9999829530715942, 1.1972228094236925e-05, 0.0]","[0.0, 0.0, 0.0]","[-19.554540634155273, -30.47162437438965, -3.048403263092041]","[633.5045776367188, 1648.7957763671875, 0.9097722768783569]","[0.0, 0.0, 0.0]",pedestrian,0.10992258042097092,False,False,65,True,False,False,False,False,True,True,-1,-1,False,False,False,False,,,False,4.452949008351666,,False,True,,2,0,False,False
r2_b_zero,camera_crash_10,recovery_1_5,fcbccedd61424f1b85dcbf8f897f9754,f753d3f87e5b40af87ff2cbf7c8e7082,1533151610.446899,14,5,50,base,defer,defer,0.0,0.3823252320289612,0.0,0.0,0.0,0.0,1.0,0.7631182670593262,"[0.0, 0.0, 0.0, 0.0, 0.0, 0.0]","[0.0, 0.0, 0.0, 0.9999372959136963, 1.281544948636204e-34, 0.0]","[0.0, 0.0, 0.0]","[-9.615528106689453, -48.79196548461914, -3.1609840393066406]","[613.0787353515625, 1652.8602294921875, 1.7445579767227173]","[0.0, 0.0, 0.0]",pedestrian,0.12605242431163788,False,False,51,True,False,False,False,False,True,True,-1,-1,False,False,False,False,,,False,2.694971428356579,,False,True,,0,0,False,False
r2_b_zero,camera_crash_10,recovery_1_5,fcbccedd61424f1b85dcbf8f897f9754,f753d3f87e5b40af87ff2cbf7c8e7082,1533151610.446899,14,5,123,base,defer,defer,0.0,0.32014498114585876,0.0,0.0,0.0,0.0,1.0,0.6368820667266846,"[0.0, 0.0, 0.0, 0.0, 0.0, 0.0]","[0.0, 0.0, 0.0, 0.9999734163284302, 9.569962010347322e-13, 0.0]","[0.0, 0.0, 0.0]","[-13.720569610595703, -28.636985778808594, -2.4455294609069824]","[631.2003784179688, 1643.1131591796875, 1.312427282333374]","[0.0, 0.0, 0.0]",pedestrian,0.12894178926944733,False,False,48,True,False,False,False,False,True,True,-1,-1,True,True,True,True,0af15fef1ea54711846a22c13ab87a73,pedestrian,True,1.6378268243694654,0.23727852770187413,True,False,14,0,0,True,False
r2_b_zero,camera_crash_10,recovery_1_5,fcbccedd61424f1b85dcbf8f897f9754,f753d3f87e5b40af87ff2cbf7c8e7082,1533151610.446899,14,5,162,base,defer,defer,0.0,0.4768502414226532,0.0,0.0,0.0,0.0,1.0,0.6899790167808533,"[0.0, 0.0, 0.0, 0.0, 0.0, 0.0]","[0.0, 0.0, 0.0, 0.9999587535858154, 0.0, 2.504390783571139e-22]","[0.0, 0.0, 0.0]","[6.006084442138672, -21.77945327758789, -1.8367114067077637]","[623.8590087890625, 1623.5521240234375, 1.207753300666809]","[0.0, 0.0, 0.0]",pedestrian,0.24175576865673065,False,False,20,True,False,False,False,False,True,True,-1,-1,True,True,True,True,78fc00fbc8fa4c8ba304d3165d719b92,pedestrian,True,0.12098209703419992,0.4786449375346161,True,False,14,0,0,True,False
r2_b_zero,camera_crash_10,recovery_1_5,fcbccedd61424f1b85dcbf8f897f9754,f753d3f87e5b40af87ff2cbf7c8e7082,1533151610.446899,14,5,195,base,defer,defer,0.0,0.3819056749343872,0.0,0.0,0.0,0.0,1.0,0.663821280002594,"[0.0, 0.0, 0.0, 0.0, 0.0, 0.0]","[0.0, 0.0, 0.0, 0.9999614953994751, 0.0, 2.595184256141008e-21]","[0.0, 0.0, 0.0]","[6.417926788330078, -22.228317260742188, -1.9054551124572754]","[623.2484130859375, 1623.5257568359375, 1.1597788333892822]","[0.0, 0.0, 0.0]",pedestrian,0.40262869000434875,False,False,5,True,False,False,False,False,True,True,-1,-1,True,True,True,True,78fc00fbc8fa4c8ba304d3165d719b92,pedestrian,True,0.5388637652534574,0.4350950891070592,True,False,14,0,0,True,False
r2_b_zero,camera_crash_10,recovery_1_5,fcbccedd61424f1b85dcbf8f897f9754,f753d3f87e5b40af87ff2cbf7c8e7082,1533151610.446899,14,5,237,base,defer,defer,0.0,0.39160463213920593,0.0,0.0,0.0,0.0,1.0,0.7152153253555298,"[0.0, 0.0, 0.0, 0.0, 0.0, 0.0]","[0.0, 0.0, 0.0, 0.9999653100967407, 0.0, 4.988755391064872e-17]","[0.0, 0.0, 0.0]","[7.155769348144531, -20.2739315032959, -1.8169806003570557]","[624.279296875, 1621.70703125, 1.119604229927063]","[0.0, 0.0, 0.0]",pedestrian,0.39971426129341125,False,False,6,True,False,False,False,False,True,True,-1,-1,True,True,True,True,4d6aa69d243546859c9cd3081c2ca101,pedestrian,True,0.6948983030713132,0.4152092616677238,True,False,14,0,0,True,False
r2_b_zero,camera_crash_10,recovery_1_5,fcbccedd61424f1b85dcbf8f897f9754,f753d3f87e5b40af87ff2cbf7c8e7082,1533151610.446899,14,5,314,base,defer,defer,0.0,0.4161391258239746,0.0,0.0,0.0,0.0,1.0,0.7221375107765198,"[0.0, 0.0, 0.0, 0.0, 0.0, 0.0]","[0.0, 0.0, 0.0, 0.9999749660491943, 1.0440703857028666e-11, 0.0]","[0.0, 0.0, 0.0]","[-15.021080017089844, -30.13570213317871, -2.595555305480957]","[630.8771362304688, 1645.0762939453125, 1.272424578666687]","[0.0, 0.0, 0.0]",pedestrian,0.11088258028030396,False,False,64,True,False,False,False,False,True,True,-1,-1,False,False,False,True,081c19290123437ba6a3617344bbb55d,pedestrian,True,1.2802950044118073,0.999077216912057,True,False,,0,0,True,False
r2_b_zero,camera_crash_10,recovery_1_5,fcbccedd61424f1b85dcbf8f897f9754,f753d3f87e5b40af87ff2cbf7c8e7082,1533151610.446899,14,5,329,base,defer,defer,0.0,0.4039517343044281,0.0,0.0,0.0,0.0,1.0,0.8093375563621521,"[0.0, 0.0, 0.0, 0.0, 0.0, 0.0]","[0.0, 0.0, 0.0, 0.9999310970306396, 1.6842132074794857e-35, 0.0]","[0.0, 0.0, 0.0]","[-9.365692138671875, -49.35410690307617, -3.091501235961914]","[612.4899291992188, 1653.0235595703125, 1.8438109159469604]","[0.0, 0.0, 0.0]",pedestrian,0.03326068073511124,False,False,-1,False,False,False,False,False,True,True,-1,-1,False,False,False,False,,,False,2.0954838475722406,,False,True,,0,0,False,False
r2_b_zero,camera_crash_10,recovery_1_5,fcbccedd61424f1b85dcbf8f897f9754,f753d3f87e5b40af87ff2cbf7c8e7082,1533151610.446899,14,5,386,base,defer,defer,0.0,0.34381935000419617,0.0,0.0,0.0,0.0,1.0,0.6890460848808289,"[0.0, 0.0, 0.0, 0.0, 0.0, 0.0]","[0.0, 0.0, 0.0, 0.9999518394470215, 0.0, 7.4533416055646e-22]","[0.0, 0.0, 0.0]","[6.979835510253906, -25.008703231811523, -1.988264560699463]","[620.751953125, 1624.8729248046875, 1.2353154420852661]","[0.0, 0.0, 0.0]",pedestrian,0.13992129266262054,False,False,44,True,False,False,False,False,True,True,-1,-1,True,True,False,True,1bf77b2cec7b435593052cad0182316c,pedestrian,True,1.0177687989735447,0.9143870570939582,True,False,14,0,0,True,False
r2_b_zero,camera_crash_10,recovery_1_5,fcbccedd61424f1b85dcbf8f897f9754,f753d3f87e5b40af87ff2cbf7c8e7082,1533151610.446899,14,5,467,base,defer,defer,0.0,0.2973615825176239,0.0,0.0,0.0,0.0,1.0,0.6813660264015198,"[0.0, 0.0, 0.0, 0.0, 0.0, 0.0]","[0.0, 0.0, 0.0, 0.9999699592590332, 0.0, 2.480713416275611e-18]","[0.0, 0.0, 0.0]","[7.088600158691406, -21.368942260742188, -1.964400291442871]","[623.4765625, 1622.4649658203125, 1.0391687154769897]","[0.0, 0.0, 0.0]",pedestrian,0.006419152952730656,False,False,-1,False,False,False,False,False,True,True,-1,-1,True,True,True,True,2c9deea58db742879c21342d4685e0ce,pedestrian,True,0.5144508328025964,0.7487195353001658,True,False,14,0,0,True,False
r2_b_zero,camera_crash_10,recovery_1_5,fcbccedd61424f1b85dcbf8f897f9754,f753d3f87e5b40af87ff2cbf7c8e7082,1533151610.446899,14,5,490,base,defer,defer,0.0,0.3193643093109131,0.0,0.0,0.0,0.0,1.0,0.8005035519599915,"[0.0, 0.0, 0.0, 0.0, 0.0, 0.0]","[0.0, 0.0, 0.0, 0.9999182224273682, 0.0, 1.8438146911926577e-23]","[0.0, 0.0, 0.0]","[11.017841339111328, -44.01454162597656, -2.7736172676086426]","[603.5525512695312, 1633.9415283203125, 1.529781460762024]","[0.0, 0.0, 0.0]",pedestrian,0.054510172456502914,False,False,239,True,False,False,False,False,True,True,-1,-1,False,False,False,False,,,False,3.1922273350140067,,False,True,,0,0,False,False
r2_b_zero,camera_crash_10,recovery_1_5,fcbccedd61424f1b85dcbf8f897f9754,f753d3f87e5b40af87ff2cbf7c8e7082,1533151610.446899,14,5,551,base,defer,defer,0.0,0.4088672399520874,0.0,0.0,0.0,0.0,1.0,0.714024543762207,"[0.0, 0.0, 0.0, 0.0, 0.0, 0.0]","[0.0, 0.0, 0.0, 0.9999754428863525, 1.7164339394248884e-10, 0.0]","[0.0, 0.0, 0.0]","[-17.62116241455078, -33.77149963378906, -2.889138698577881]","[629.7403564453125, 1649.408935546875, 1.237148404121399]","[0.0, 0.0, 0.0]",pedestrian,0.046960361301898956,False,False,-1,False,False,False,False,False,True,True,-1,-1,False,False,False,False,,,False,5.353140290071906,,False,True,,0,0,False,False
r2_b_zero,camera_crash_10,recovery_1_5,fcbccedd61424f1b85dcbf8f897f9754,f753d3f87e5b40af87ff2cbf7c8e7082,1533151610.446899,14,5,567,base,defer,defer,0.0,0.419106662273407,0.0,0.0,0.0,0.0,1.0,0.6506496667861938,"[0.0, 0.0, 0.0, 0.0, 0.0, 0.0]","[0.0, 0.0, 0.0, 0.9999716281890869, 1.8012899115002479e-12, 0.0]","[0.0, 0.0, 0.0]","[-13.02548599243164, -26.820524215698242, -2.2641851902008057]","[632.1561279296875, 1641.41064453125, 1.3738692998886108]","[0.0, 0.0, 0.0]",pedestrian,0.5785498023033142,False,False,3,True,False,False,False,False,True,True,-1,-1,True,True,True,True,0af15fef1ea54711846a22c13ab87a73,pedestrian,True,0.42610126637737267,0.15010068874901222,True,False,14,0,0,True,False
r2_b_zero,camera_crash_10,recovery_1_5,fcbccedd61424f1b85dcbf8f897f9754,f753d3f87e5b40af87ff2cbf7c8e7082,1533151610.446899,14,5,587,base,defer,defer,0.0,0.45932963490486145,0.0,0.0,0.0,0.0,1.0,0.7129966616630554,"[0.0, 0.0, 0.0, 0.0, 0.0, 0.0]","[0.0, 0.0, 0.0, 0.9999731779098511, 9.893406240735203e-05, 0.0]","[0.0, 0.0, 0.0]","[-19.334211349487305, -28.899412155151367, -2.9810492992401123]","[634.5726318359375, 1647.61962890625, 0.8793364763259888]","[0.0, 0.0, 0.0]",pedestrian,0.10395701974630356,False,False,69,True,False,False,False,False,True,True,-1,-1,False,False,False,False,,,False,3.941241918875177,,False,True,,2,0,False,False
r2_b_zero,camera_crash_10,recovery_1_5,fcbccedd61424f1b85dcbf8f897f9754,f753d3f87e5b40af87ff2cbf7c8e7082,1533151610.446899,14,5,602,base,defer,defer,0.0,0.45134443044662476,0.0,0.0,0.0,0.0,1.0,0.7205600738525391,"[0.0, 0.0, 0.0, 0.0, 0.0, 0.0]","[0.0, 0.0, 0.0, 0.999968409538269, 0.0, 3.6007898432408693e-19]","[0.0, 0.0, 0.0]","[6.202037811279297, -19.284168243408203, -1.7730565071105957]","[625.6509399414062, 1621.8057861328125, 1.1186338663101196]","[0.0, 0.0, 0.0]",pedestrian,0.021326541900634766,False,False,-1,False,False,False,False,False,True,True,-1,-1,True,True,True,True,135bbe9c408f42dc8731b501122e9973,pedestrian,True,0.09222913535706188,0.43640903946033976,True,False,14,0,0,True,False
r2_b_zero,camera_crash_10,recovery_1_5,fcbccedd61424f1b85dcbf8f897f9754,f753d3f87e5b40af87ff2cbf7c8e7082,1533151610.446899,14,5,612,base,defer,defer,0.0,0.31085553765296936,0.0,0.0,0.0,0.0,1.0,0.6617252230644226,"[0.0, 0.0, 0.0, 0.0, 0.0, 0.0]","[0.0, 0.0, 0.0, 0.9999687671661377, 2.811421952989175e-14, 0.0]","[0.0, 0.0, 0.0]","[-12.51608657836914, -27.730085372924805, -2.282144069671631]","[631.13134765625, 1641.600830078125, 1.402725338935852]","[0.0, 0.0, 0.0]",pedestrian,0.0955410972237587,False,False,90,True,False,False,False,False,True,True,-1,-1,True,True,True,True,0af15fef1ea54711846a22c13ab87a73,pedestrian,True,0.63218025617766,0.2532465285239402,True,False,14,0,0,True,False
r2_b_zero,camera_crash_10,recovery_1_5,fcbccedd61424f1b85dcbf8f897f9754,f753d3f87e5b40af87ff2cbf7c8e7082,1533151610.446899,14,5,691,propagated,defer,defer,0.0,0.3478964865207672,0.0,0.0,0.0,0.9915153384208679,1.0,0.7310370206832886,"[0.0, 0.0, 0.0, 0.9999989867210388, 0.0, 1.0021950629379717e-06]","[0.0, 0.0, 0.0, 0.999970555305481, 0.0, 1.1850310102090589e-06]","[8.8466796875, -16.5252685546875, -1.6469173431396484]","[9.352214813232422, -16.44198989868164, -1.6050400733947754]","[625.822021484375, 1617.5633544921875, 1.067789077758789]","[8.838744163513184, -16.041196823120117, -1.6469173431396484]",pedestrian,0.02019852213561535,False,False,-1,False,False,False,False,False,True,True,6,-1,False,False,False,False,,,False,2.2015094331683702,,False,True,,0,0,False,False
r2_b_zero,camera_crash_10,recovery_1_5,fcbccedd61424f1b85dcbf8f897f9754,f753d3f87e5b40af87ff2cbf7c8e7082,1533151610.446899,14,5,738,propagated,defer,keep,0.0,0.40294644236564636,0.0,0.0,0.0,0.9713304042816162,1.0,0.6542816162109375,"[0.0, 0.0, 0.07458803802728653, 0.19592784345149994, 0.7294841408729553, 0.0]","[0.0, 0.0, 0.0, 0.9999675750732422, 9.256683551939204e-05, 0.0]","[-15.85980224609375, -22.7579345703125, -2.4366703033447266]","[-16.071975708007812, -23.940296173095703, -2.543588399887085]","[636.306396484375, 1641.926513671875, 0.9687402248382568]","[-15.85980224609375, -22.7579345703125, -2.4366703033447266]",pedestrian,0.021037187427282333,False,False,-1,False,False,False,False,False,True,True,18,-1,False,False,False,False,,,False,4.509938720304513,,False,True,,5,0,False,False
r2_b_zero,camera_crash_10,recovery_1_5,fcbccedd61424f1b85dcbf8f897f9754,f753d3f87e5b40af87ff2cbf7c8e7082,1533151610.446899,14,5,758,propagated,defer,keep,0.0,0.49176523089408875,0.0,0.0,0.0,0.9958025813102722,1.0,0.6877280473709106,"[0.0, 0.0, 0.06543821096420288, 0.19273748993873596, 0.7418243288993835, 0.0]","[0.0, 0.0, 0.0, 0.999974250793457, 7.015033042989671e-05, 0.0]","[-19.18707275390625, -28.119049072265625, -2.8621673583984375]","[-18.93541717529297, -28.502283096313477, -2.872737169265747]","[634.6260375976562, 1647.054443359375, 0.9575365781784058]","[-19.18707275390625, -28.119049072265625, -2.8621673583984375]",pedestrian,0.018663406372070312,False,False,-1,False,False,False,False,False,True,True,17,-1,False,False,False,False,,,False,3.5626917379504883,,False,True,,2,0,False,False
r2_b_zero,camera_crash_10,recovery_1_5,fcbccedd61424f1b85dcbf8f897f9754,f753d3f87e5b40af87ff2cbf7c8e7082,1533151610.446899,14,5,761,propagated,recover,defer,0.0,0.33122074604034424,0.0,0.0,0.004462929908186197,0.9785389304161072,1.0,0.7669337391853333,"[0.0, 0.0, 0.0, 1.0, 1.1817695151410692e-20, 0.0]","[0.0, 0.0, 0.0, 0.9999728202819824, 9.803572686166469e-23, 0.0]","[-8.18170166015625, -24.184478759765625, -2.204395294189453]","[-8.261024475097656, -25.222949981689453, -2.1996991634368896]","[630.3349609375, 1636.727783203125, 1.2697080373764038]","[-8.18170166015625, -24.184478759765625, -2.204395294189453]",pedestrian,0.07961121201515198,True,True,1,True,False,True,True,True,False,True,4,4,True,True,True,True,492dd3a15f894562b56ba7a00b39e47b,pedestrian,True,0.47008425700396134,0.7548263147910668,True,False,14,0,0,True,False
r2_b_zero,camera_crash_10,recovery_1_5,fcbccedd61424f1b85dcbf8f897f9754,f753d3f87e5b40af87ff2cbf7c8e7082,1533151610.446899,14,5,765,propagated,defer,defer,0.0,0.4090549945831299,0.0,0.0,0.0,0.9958657026290894,1.0,0.7464224696159363,"[0.0, 0.0, 0.0, 1.0, 3.461492219779554e-35, 0.0]","[0.0, 0.0, 0.0, 0.9999419450759888, 8.231192561766713e-36, 0.0]","[-9.0792236328125, -49.629425048828125, -3.5499649047851562]","[-9.477855682373047, -50.62491226196289, -3.3621273040771484]","[611.5765991210938, 1653.9344482421875, 1.651635766029358]","[-9.109231948852539, -50.435237884521484, -3.5499649047851562]",pedestrian,0.009655699133872986,False,False,-1,False,False,False,False,False,True,True,-1,-1,False,False,False,True,82a62ee4c5bc4e44a889b406e868444d,pedestrian,True,1.42948478491266,0.6066397069982994,True,False,,0,0,False,False
r2_b_zero,camera_crash_10,recovery_1_5,fcbccedd61424f1b85dcbf8f897f9754,f753d3f87e5b40af87ff2cbf7c8e7082,1533151610.446899,14,5,784,propagated,defer,defer,0.0,0.21810832619667053,0.0,0.0,0.0,0.9769138693809509,1.0,0.7320078015327454,"[0.0, 0.0, 0.0, 0.9986465573310852, 0.0013534828322008252, 0.0]","[0.0, 0.0, 0.0, 0.9999407529830933, 0.0020571239292621613, 0.0]","[-34.80291748046875, -51.487060546875, -4.565359115600586]","[-35.844398498535156, -51.19868850708008, -4.565230369567871]","[627.9688110351562, 1674.614990234375, 0.8875995874404907]","[-34.80291748046875, -51.487060546875, -4.565359115600586]",pedestrian,0.00036096732947044075,False,False,-1,False,False,False,False,False,True,True,-1,-1,False,False,False,False,,,False,26.691487522462573,,False,True,,0,0,False,False
r2_b_zero,camera_crash_10,recovery_1_5,fcbccedd61424f1b85dcbf8f897f9754,f753d3f87e5b40af87ff2cbf7c8e7082,1533151610.446899,14,5,820,propagated,defer,defer,0.0,0.41659605503082275,0.0,0.0,0.0,0.9552352428436279,1.0,0.7500849366188049,"[0.0, 0.0, 0.0, 1.0, 3.0049188137759586e-10, 0.0]","[0.0, 0.0, 0.0, 0.9999748468399048, 1.0053851197747155e-12, 0.0]","[-12.08575439453125, -24.178192138671875, -2.2950477600097656]","[-12.297103881835938, -25.53036880493164, -2.2354400157928467]","[632.6810913085938, 1640.0262451171875, 1.3140636682510376]","[-11.817586898803711, -24.096355438232422, -2.2950477600097656]",pedestrian,0.01955808512866497,False,False,-1,False,False,False,False,False,True,True,14,-1,True,True,True,True,dbed4cee903546d5b402f9ace1d3f399,pedestrian,True,1.6977696522356378,0.6977090123110209,True,False,14,0,0,True,False
r2_b_zero,camera_crash_10,recovery_1_5,fcbccedd61424f1b85dcbf8f897f9754,f753d3f87e5b40af87ff2cbf7c8e7082,1533151610.446899,14,5,855,propagated,defer,defer,0.0,0.3364908993244171,0.0,0.0,0.0,0.9170671105384827,1.0,0.7482661008834839,"[0.0, 0.0, 0.0, 1.0, 2.067397505758587e-37, 0.0]","[0.0, 0.0, 0.0, 0.9999455213546753, 3.692445219517848e-36, 0.0]","[-9.33587646484375, -52.44415283203125, -3.669271469116211]","[-9.439952850341797, -51.19902801513672, -3.471656560897827]","[611.1077270507812, 1654.27734375, 1.5761724710464478]","[-9.395755767822266, -53.269710540771484, -3.669271469116211]",pedestrian,0.004031924065202475,False,False,-1,False,False,False,False,False,True,True,-1,-1,False,False,False,True,82a62ee4c5bc4e44a889b406e868444d,pedestrian,True,1.35219217712436,0.6426479919067459,True,False,,0,0,False,False
r2_b_zero,camera_crash_10,recovery_1_5,fcbccedd61424f1b85dcbf8f897f9754,f753d3f87e5b40af87ff2cbf7c8e7082,1533151610.446899,14,5,857,propagated,defer,keep,0.0,0.48277774453163147,0.0,0.0,0.0,0.9862700700759888,1.0,0.7083767056465149,"[0.0, 0.0, 0.059710487723350525, 0.17744235694408417, 0.7628471851348877, 0.0]","[0.0, 0.0, 0.0, 0.9999678134918213, 0.00017088474123738706, 0.0]","[-20.7227783203125, -29.393707275390625, -2.990652084350586]","[-20.326059341430664, -30.123458862304688, -3.0270938873291016]","[634.266357421875, 1649.1651611328125, 0.9219313859939575]","[-20.7227783203125, -29.393707275390625, -2.990652084350586]",pedestrian,0.014392552897334099,False,False,-1,False,False,False,False,False,True,True,-1,-1,False,False,False,False,,,False,5.085220163640719,,False,True,,4,0,False,False
r2_b_zero,camera_crash_10,recovery_1_5,fcbccedd61424f1b85dcbf8f897f9754,f753d3f87e5b40af87ff2cbf7c8e7082,1533151610.446899,14,5,859,propagated,defer,defer,0.0,0.38879674673080444,0.0,0.0,0.0,0.9771804213523865,1.0,0.73172926902771,"[0.0, 0.0, 0.0, 0.9999996423721313, 3.310306624371151e-07, 0.0]","[0.0, 0.0, 0.0, 0.999981164932251, 6.970776844639204e-09, 0.0]","[-18.483154296875, -32.08343505859375, -3.0647449493408203]","[-18.49707794189453, -33.15716552734375, -3.0314900875091553]","[630.7672729492188, 1649.69677734375, 1.0715898275375366]","[-18.483154296875, -32.08343505859375, -3.0647449493408203]",pedestrian,0.004202378448098898,False,False,-1,False,False,False,False,False,True,True,-1,-1,False,False,False,False,,,False,5.2734287650903795,,False,True,,0,0,False,False
r2_b_zero,camera_crash_10,recovery_1_5,fcbccedd61424f1b85dcbf8f897f9754,f753d3f87e5b40af87ff2cbf7c8e7082,1533151610.446899,14,5,868,propagated,defer,keep,0.0,0.4992995858192444,0.0,0.0,0.0,0.9875696897506714,1.0,0.7092757821083069,"[0.0, 0.0, 0.051990993320941925, 0.18030844628810883, 0.7677005529403687, 0.0]","[0.0, 0.0, 0.0, 0.9999693632125854, 0.0001468995033064857, 0.0]","[-21.1712646484375, -30.417449951171875, -3.029695510864258]","[-20.94955825805664, -31.17586326599121, -3.062314987182617]","[633.8565063476562, 1650.317626953125, 0.9594136476516724]","[-21.1712646484375, -30.417449951171875, -3.029695510864258]",pedestrian,0.014480752870440483,False,False,-1,False,False,False,False,False,True,True,-1,-1,False,False,False,False,,,False,6.008785826393332,,False,True,,4,0,False,False
r2_b_zero,camera_crash_10,recovery_1_5,fcbccedd61424f1b85dcbf8f897f9754,f753d3f87e5b40af87ff2cbf7c8e7082,1533151610.446899,14,5,871,propagated,recover,defer,0.0,0.3799155652523041,0.0,0.0,0.0032886439003050327,0.9954996705055237,1.0,0.6841993927955627,"[0.0, 0.0, 0.0, 1.0, 2.8557890427438615e-11, 0.0]","[0.0, 0.0, 0.0, 0.9999717473983765, 4.1301510822489007e-13, 0.0]","[-13.431396484375, -27.250732421875, -2.389760971069336]","[-13.402633666992188, -28.38614845275879, -2.389096736907959]","[631.19140625, 1642.7059326171875, 1.3488556146621704]","[-13.43110466003418, -27.912111282348633, -2.389760971069336]",pedestrian,0.06575334817171097,True,True,0,True,False,True,True,True,False,True,0,0,True,True,True,True,0af15fef1ea54711846a22c13ab87a73,pedestrian,True,1.2671732319053959,0.28872868886095154,True,False,14,0,0,True,False
r2_b_zero,camera_crash_10,recovery_1_5,fcbccedd61424f1b85dcbf8f897f9754,f753d3f87e5b40af87ff2cbf7c8e7082,1533151610.446899,14,5,873,propagated,defer,defer,0.0,0.3214392066001892,0.0,0.0,0.0,0.9817849397659302,1.0,0.7301942110061646,"[0.0, 0.0, 0.0, 0.9999654293060303, 3.453563112998381e-05, 0.0]","[0.0, 0.0, 0.0, 0.9999802112579346, 4.243283910909668e-06, 0.0]","[-30.64111328125, -48.67437744140625, -4.425086975097656]","[-30.85621452331543, -49.608516693115234, -4.408724308013916]","[626.0021362304688, 1669.7603759765625, 0.8723119497299194]","[-30.641115188598633, -48.67437744140625, -4.425086975097656]",pedestrian,0.0038754825945943594,False,False,-1,False,False,False,False,False,True,True,-1,-1,False,False,False,False,,,False,21.48494716919357,,False,True,,0,0,False,False
r2_b_zero,camera_crash_10,recovery_1_5,325cef682f064c55a255f2625c533b75,61a7bd24f88a46c2963280d8b13ac675,1538984239.948316,53,5,681,propagated,defer,recover,1.0,0.5507142543792725,1.212977409362793,0.04405713826417923,0.0,0.9749617576599121,1.0,0.758083164691925,"[0.08743440359830856, 0.0, 0.30812281370162964, 0.0, 0.6044427752494812, 0.0]","[0.0, 0.0, 0.0, 0.9999972581863403, 1.9223564962089768e-09, 0.0]","[-7.63262939453125, -14.50897216796875, -1.6901130676269531]","[-7.566112518310547, -12.741588592529297, -1.580275535583496]","[716.5421752929688, 1787.5289306640625, 1.1490120887756348]","[-7.6880202293396, -13.85555648803711, -1.6901130676269531]",pedestrian,0.057770274579524994,False,False,130,True,True,True,False,False,False,True,0,-1,False,False,False,True,293abeb43b2a439abcd4ff08b981eeb9,pedestrian,True,1.4268262076182157,0.21686802011411022,True,False,13,0,0,True,False
r2_b_zero,camera_crash_10,recovery_1_5,325cef682f064c55a255f2625c533b75,61a7bd24f88a46c2963280d8b13ac675,1538984239.948316,53,5,733,propagated,defer,defer,4.0,0.36111047863960266,0.0,0.0,0.0,0.9885348677635193,1.0,0.6701985597610474,"[0.0, 0.0, 0.0, 0.0, 0.0, 0.0]","[0.0, 0.0, 0.0, 0.9999974966049194, 0.0, 0.0]","[4.25927734375, -42.25390625, -4.113719940185547]","[5.000835418701172, -42.093910217285156, -4.14628791809082]","[732.9566650390625, 1815.0250244140625, 0.37184321880340576]","[4.259276390075684, -42.25390625, -4.113719940185547]",car,0.002242696238681674,False,False,-1,False,True,True,False,False,False,True,1,-1,False,False,False,False,,,False,7.290971762910628,,False,True,,0,0,False,False
r2_b_zero,camera_crash_10,recovery_1_5,325cef682f064c55a255f2625c533b75,61a7bd24f88a46c2963280d8b13ac675,1538984239.948316,53,5,859,propagated,defer,defer,4.0,0.34027040004730225,0.0,0.0,0.0,0.9893749356269836,1.0,0.6702804565429688,"[0.0, 0.0, 0.0, 0.0, 0.0, 0.0]","[0.0, 0.0, 0.0, 0.9999973773956299, 0.0, 0.0]","[3.45050048828125, -41.66925048828125, -4.0281829833984375]","[3.640827178955078, -40.96365737915039, -4.031033039093018]","[732.8394165039062, 1813.2576904296875, 0.4284297227859497]","[3.4504995346069336, -41.66925048828125, -4.0281829833984375]",bicycle,0.0019981013610959053,False,False,-1,False,True,True,False,False,False,True,2,-1,False,False,False,False,,,False,6.7288350803716375,,False,True,,0,0,False,False
r2_b_zero,camera_crash_10,recovery_1_5,325cef682f064c55a255f2625c533b75,61a7bd24f88a46c2963280d8b13ac675,1538984239.948316,53,5,880,propagated,defer,defer,1.0,0.25274696946144104,0.0,0.0,0.0,0.9739552736282349,1.0,0.7710280418395996,"[0.0, 0.0, 0.0, 0.0, 0.0, 0.0]","[0.0, 0.0, 0.0, 0.9999958276748657, 7.57608544990759e-15, 0.0]","[-13.306396484375, -30.7412109375, -2.9960060119628906]","[-13.579845428466797, -29.639543533325195, -2.8197999000549316]","[733.778076171875, 1792.643798828125, 1.0937913656234741]","[-13.306397438049316, -30.7412109375, -2.9960060119628906]",pedestrian,0.04273959621787071,False,False,174,True,True,True,False,False,False,True,3,-1,False,False,False,True,0b4e0eb8ab06454d8904248794faa095,pedestrian,True,0.055671183275344586,1.122010397452748e-06,True,False,,0,0,False,False
r2_b_zero,camera_crash_10,recovery_1_5,325cef682f064c55a255f2625c533b75,61a7bd24f88a46c2963280d8b13ac675,1538984239.948316,53,5,895,propagated,defer,defer,1.0,0.3979422152042389,0.0,0.0,0.0,0.979590892791748,1.0,0.7759268879890442,"[0.0, 0.0, 0.0, 0.0, 0.0, 0.0]","[0.0, 0.0, 0.0, 0.9999932050704956, 1.9465219750266725e-24, 0.0]","[-10.0009765625, -31.309326171875, -2.8082275390625]","[-9.607006072998047, -30.41652488708496, -2.527681589126587]","[732.0477294921875, 1796.3031005859375, 1.3898676633834839]","[-10.000977516174316, -31.309326171875, -2.8082275390625]",pedestrian,0.17358200252056122,False,False,44,True,True,True,False,False,False,True,4,-1,True,False,False,True,26ae4a920a9c4457909454cd8a84c959,pedestrian,True,1.21467299374339,1.224155849741039e-06,True,False,13,0,0,True,False
r2_b_zero,camera_crash_10,recovery_1_5,325cef682f064c55a255f2625c533b75,609d5177362340458a3bfd4949cd1e64,1538984240.448191,54,5,13,base,defer,defer,0.0,0.3528009355068207,0.0,0.0,0.0,0.0,1.0,0.6709082126617432,"[0.0, 0.0, 0.0, 0.0, 0.0, 0.0]","[0.0, 0.0, 0.0, 0.9999953508377075, 0.0, 1.808054378499276e-36]","[0.0, 0.0, 0.0]","[6.462688446044922, -40.71940994262695, -3.4543638229370117]","[733.0941772460938, 1809.73291015625, 1.3233369588851929]","[0.0, 0.0, 0.0]",car,0.010804802179336548,False,False,-1,False,False,False,False,False,True,True,-1,-1,False,False,False,False,,,False,6.777258873563349,,False,True,,0,0,False,False
r2_b_zero,camera_crash_10,recovery_1_5,325cef682f064c55a255f2625c533b75,609d5177362340458a3bfd4949cd1e64,1538984240.448191,54,5,23,base,defer,defer,0.0,0.4146769642829895,0.0,0.0,0.0,0.0,1.0,0.634146511554718,"[0.0, 0.0, 0.0, 0.0, 0.0, 0.0]","[0.0, 0.0, 0.0, 0.9999946355819702, 0.0, 4.949571779155165e-27]","[0.0, 0.0, 0.0]","[10.586669921875, -43.15854263305664, -3.492866039276123]","[733.3480834960938, 1814.51611328125, 1.4475148916244507]","[0.0, 0.0, 0.0]",car,0.008311768062412739,False,False,-1,False,False,False,False,False,True,True,-1,-1,False,False,False,False,,,False,7.082863351714619,,False,True,,0,0,False,False
r2_b_zero,camera_crash_10,recovery_1_5,325cef682f064c55a255f2625c533b75,609d5177362340458a3bfd4949cd1e64,1538984240.448191,54,5,684,propagated,defer,defer,0.0,0.40383532643318176,0.0,0.0,0.0,0.9849774241447449,1.0,0.7513296604156494,"[0.0, 0.0, 0.0, 1.0, 3.9407577335194755e-26, 0.0]","[0.0, 0.0, 0.0, 0.9999927282333374, 0.0, 0.0]","[-5.06591796875, -32.356201171875, -2.718090057373047]","[-4.230201721191406, -32.555118560791016, -2.5808401107788086]","[730.7568359375, 1796.4591064453125, 1.6371830701828003]","[-5.065918445587158, -32.356201171875, -2.718090057373047]",pedestrian,0.020024586468935013,False,False,-1,False,False,False,False,False,True,True,4,-1,True,False,False,True,a146d0e0204643deb471d728e0243ddc,pedestrian,True,1.553601366572516,1.3810392402095553e-06,True,False,14,0,0,True,False
r2_b_zero,camera_crash_10,recovery_1_5,325cef682f064c55a255f2625c533b75,609d5177362340458a3bfd4949cd1e64,1538984240.448191,54,5,731,propagated,defer,defer,0.0,0.3192237913608551,0.0,0.0,0.0,0.9777045249938965,1.0,0.7748104929924011,"[0.0, 0.0, 0.0, 1.0, 2.760993338254622e-14, 0.0]","[0.0, 0.0, 0.0, 0.9999948740005493, 5.111423368711071e-28, 0.0]","[-10.2288818359375, -33.58123779296875, -3.1732635498046875]","[-9.187400817871094, -33.629547119140625, -2.9723403453826904]","[734.0238647460938, 1792.5701904296875, 1.3469282388687134]","[-10.228882789611816, -33.58123779296875, -3.1732635498046875]",pedestrian,0.0025531563442200422,False,False,-1,False,False,False,False,False,True,True,-1,-1,False,False,False,True,32beeedcb9c44706802f47214e2c1d8f,pedestrian,True,0.3042161464103337,5.343478537798406e-07,True,False,,0,0,False,False
r2_b_zero,camera_crash_10,recovery_1_5,325cef682f064c55a255f2625c533b75,609d5177362340458a3bfd4949cd1e64,1538984240.448191,54,5,888,propagated,defer,defer,0.0,0.3625534772872925,0.0,0.0,0.0,0.9948345422744751,1.0,0.7142022848129272,"[0.0, 0.0, 0.0, 0.9999997615814209, 2.211856013900615e-07, 0.0]","[0.0, 0.0, 0.0, 0.9999943971633911, 1.0823852702700317e-18, 0.0]","[-6.57562255859375, -15.81573486328125, -1.6358146667480469]","[-6.304229736328125, -15.377086639404297, -1.4610199928283691]","[716.4495849609375, 1786.6650390625, 1.4952634572982788]","[-6.754373550415039, -15.216583251953125, -1.6358146667480469]",pedestrian,0.0045406329445540905,False,False,-1,False,False,False,False,False,True,True,-1,-1,False,False,False,True,50f20841589c4a7da2f67c96e2a6b25e,pedestrian,True,1.0414672342206721,0.37167207277955716,True,False,,0,0,True,False
r2_b_zero,compound,recovery_1_5,fcbccedd61424f1b85dcbf8f897f9754,de7593d76648450e947ba0c203dee1b0,1533151609.947025,13,5,658,propagated,defer,recover,2.0,0.5939699411392212,1.259542465209961,0.046543899923563004,0.0,0.9740926623344421,1.0,0.7205765247344971,"[0.3640907406806946, 0.2367592304944992, 0.0, 0.0, 0.0, 0.399150013923645]","[0.0, 0.0, 0.0, 0.9999737739562988, 0.0, 3.694679894771229e-16]","[5.47418212890625, -17.174468994140625, -1.7391242980957031]","[6.554828643798828, -17.715068817138672, -1.7288682460784912]","[625.0885009765625, 1621.8492431640625, 1.0940420627593994]","[5.4170660972595215, -17.58152961730957, -1.7391242980957031]",pedestrian,0.07907462120056152,False,False,152,True,True,True,False,False,False,True,0,-1,True,True,True,True,0e9b314c6a1f41189116b67fb257d8ba,pedestrian,True,0.8611330775749934,0.0921386815364646,True,False,13,0,0,True,False
r2_b_zero,compound,recovery_1_5,fcbccedd61424f1b85dcbf8f897f9754,de7593d76648450e947ba0c203dee1b0,1533151609.947025,13,5,661,propagated,defer,recover,2.0,0.5433660745620728,1.9539175033569336,0.04346928372979164,0.0,0.9759284257888794,1.0,0.6873950362205505,"[0.19846725463867188, 0.0, 0.3644085228443146, 0.0, 0.4371241331100464, 0.0]","[0.0, 0.0, 0.0, 0.9999731779098511, 2.286262325290611e-11, 0.0]","[-13.60565185546875, -23.95196533203125, -2.1431522369384766]","[-12.790828704833984, -25.136962890625, -2.164440870285034]","[631.767333984375, 1641.467529296875, 1.3102275133132935]","[-13.64954948425293, -24.443819046020508, -2.1431522369384766]",pedestrian,0.06847157329320908,False,False,197,True,True,True,False,False,False,True,1,-1,True,True,True,True,84b1b1dde33e44bea0d99dc3094fd49a,pedestrian,True,0.4698474955179434,0.19143332125419352,True,False,13,0,0,True,False
r2_b_zero,compound,recovery_1_5,fcbccedd61424f1b85dcbf8f897f9754,de7593d76648450e947ba0c203dee1b0,1533151609.947025,13,5,670,propagated,defer,defer,2.0,0.5520949959754944,0.0,0.0,0.0,0.9701281189918518,1.0,0.7532312273979187,"[0.0, 0.0, 0.0, 0.0, 0.0, 0.0]","[0.0, 0.0, 0.0, 0.9999501705169678, 4.76250360741299e-31, 0.0]","[-11.61163330078125, -45.040802001953125, -3.3781604766845703]","[-10.442527770996094, -45.58943176269531, -3.1959609985351562]","[614.5350341796875, 1652.77685546875, 1.4829195737838745]","[-11.660135269165039, -45.56511688232422, -3.3781604766845703]",pedestrian,0.29615309834480286,False,False,9,True,True,True,False,False,False,True,2,-1,False,False,False,False,,,False,2.439290264146698,,False,True,,0,0,False,False
r2_b_zero,compound,recovery_1_5,fcbccedd61424f1b85dcbf8f897f9754,de7593d76648450e947ba0c203dee1b0,1533151609.947025,13,5,672,propagated,defer,recover,3.0,0.5338090658187866,0.9025912284851074,0.04270472377538681,0.0,0.978188693523407,1.0,0.7224805951118469,"[3.180582091113354e-26, 0.2671468257904053, 0.0, 0.0, 0.0, 0.73285311460495]","[0.0, 0.0, 0.0, 0.9999730587005615, 0.0, 7.785462182452427e-19]","[5.34735107421875, -18.576629638671875, -1.8849430084228516]","[6.277610778808594, -19.229909896850586, -1.8377766609191895]","[624.099853515625, 1623.034912109375, 1.079180359840393]","[5.302755355834961, -18.842527389526367, -1.8849430084228516]",pedestrian,0.06281781941652298,False,False,225,True,True,True,False,False,False,True,3,-1,True,True,True,True,ebc5a02f9ea64bbd9f3ccc3b84563d35,pedestrian,True,0.1273043301058618,0.2560337130891107,True,False,13,0,0,True,False
r2_b_zero,compound,recovery_1_5,fcbccedd61424f1b85dcbf8f897f9754,de7593d76648450e947ba0c203dee1b0,1533151609.947025,13,5,678,propagated,defer,recover,3.0,0.5989978909492493,1.3573226928710938,0.046543899923563004,0.0,0.9765523076057434,1.0,0.7091814279556274,"[0.14746862649917603, 0.33922383189201355, 0.0, 0.0, 0.0, 0.5133075714111328]","[0.0, 0.0, 0.0, 0.9999622106552124, 0.0, 2.7310842146697886e-21]","[5.7322998046875, -22.15972900390625, -2.0214405059814453]","[6.653617858886719, -23.112863540649414, -1.980086088180542]","[620.8750610351562, 1625.233154296875, 1.1661362648010254]","[5.667082786560059, -22.653093338012695, -2.0214405059814453]",pedestrian,0.06678644567728043,False,False,209,True,True,True,False,False,False,True,4,-1,True,True,True,True,b73d145dba9145689b3ff2621c381fe4,pedestrian,True,1.3428581888729998,0.6011608786784658,True,False,13,0,0,True,False
r2_b_zero,compound,recovery_1_5,fcbccedd61424f1b85dcbf8f897f9754,de7593d76648450e947ba0c203dee1b0,1533151609.947025,13,5,680,propagated,defer,recover,3.0,0.4910939335823059,2.5110645294189453,0.0392875149846077,0.0,0.9735321998596191,1.0,0.7706020474433899,"[0.28488633036613464, 0.0, 0.3144972324371338, 0.0, 0.40061649680137634, 0.0]","[0.0, 0.0, 0.0, 0.999974250793457, 8.86676951359968e-21, 0.0]","[-9.25140380859375, -22.92724609375, -2.105661392211914]","[-8.099254608154297, -22.834030151367188, -2.034393072128296]","[630.534423828125, 1636.3873291015625, 1.2519861459732056]","[-9.25140380859375, -22.92724609375, -2.105661392211914]",pedestrian,0.059040848165750504,False,False,240,True,True,True,False,False,False,True,5,-1,True,True,True,True,e833662c5eb64d2580f877fee97117c5,pedestrian,True,0.2597526370787717,0.27003928527980803,True,False,13,0,0,True,False
r2_b_zero,compound,recovery_1_5,fcbccedd61424f1b85dcbf8f897f9754,de7593d76648450e947ba0c203dee1b0,1533151609.947025,13,5,685,propagated,defer,defer,2.0,0.43860846757888794,0.0,0.0,0.0,0.9718937873840332,1.0,0.7396298050880432,"[0.0, 0.0, 0.0, 0.0, 0.0, 0.0]","[0.0, 0.0, 0.0, 0.9999094009399414, 0.0, 1.7192152661143438e-31]","[5.9246826171875, -39.582122802734375, -2.377216339111328]","[6.740245819091797, -40.68365478515625, -2.4640281200408936]","[607.322998046875, 1636.4130859375, 1.7365096807479858]","[5.9312357902526855, -39.8099250793457, -2.377216339111328]",pedestrian,0.19301737844944,False,False,27,True,True,True,False,False,False,True,6,-1,False,False,False,False,,,False,2.028350440948374,,False,True,,0,0,False,False
r2_b_zero,compound,recovery_1_5,fcbccedd61424f1b85dcbf8f897f9754,de7593d76648450e947ba0c203dee1b0,1533151609.947025,13,5,686,propagated,defer,recover,1.0,0.5241498947143555,0.8111696243286133,0.041931990534067154,0.0,0.9904685616493225,1.0,0.7486123442649841,"[0.17238236963748932, 0.2769716680049896, 0.0, 0.0, 0.0, 0.5506459474563599]","[0.0, 0.0, 0.0, 0.9999768733978271, 0.0, 2.951432520603703e-07]","[7.45794677734375, -14.87530517578125, -1.5729389190673828]","[8.135017395019531, -14.619346618652344, -1.5274584293365479]","[626.4590454101562, 1618.6488037109375, 1.0925248861312866]","[7.466073036193848, -14.448165893554688, -1.5729389190673828]",pedestrian,0.06076779589056969,False,False,237,True,True,True,False,False,False,True,7,-1,True,True,True,True,16a95164fcdd44e99cf99a93dd13b017,pedestrian,True,0.9218839584128306,0.6030859451968624,True,False,13,0,0,True,False
r2_b_zero,compound,recovery_1_5,fcbccedd61424f1b85dcbf8f897f9754,de7593d76648450e947ba0c203dee1b0,1533151609.947025,13,5,688,propagated,defer,defer,2.0,0.5357764959335327,0.0,0.0,0.0,0.964657723903656,1.0,0.7512133121490479,"[0.0, 0.0, 0.0, 0.0, 0.0, 0.0]","[0.0, 0.0, 0.0, 0.9999493360519409, 1.9633595212273406e-33, 0.0]","[-11.09808349609375, -47.2113037109375, -3.542329788208008]","[-9.865501403808594, -47.568946838378906, -3.3133087158203125]","[612.6425170898438, 1653.6036376953125, 1.4784384965896606]","[-11.172586441040039, -47.76433563232422, -3.542329788208008]",pedestrian,0.24449209868907928,False,False,14,True,True,True,False,False,False,True,8,-1,False,False,False,True,7a0cca0f12d547518dd80d8df2c501bb,pedestrian,True,1.8128626041424682,0.5364966470462269,True,False,,0,0,False,False
r2_b_zero,compound,recovery_1_5,fcbccedd61424f1b85dcbf8f897f9754,de7593d76648450e947ba0c203dee1b0,1533151609.947025,13,5,694,propagated,defer,recover,2.0,0.5458440184593201,1.4405765533447266,0.043667521327733994,0.0,0.9824900031089783,1.0,0.6898625493049622,"[0.35816502571105957, 0.30089670419692993, 0.0, 0.0, 0.0, 0.3409382700920105]","[0.0, 0.0, 0.0, 0.9999724626541138, 0.0, 3.8265452004943024e-13]","[6.5623779296875, -16.92022705078125, -1.6975879669189453]","[7.398021697998047, -17.488758087158203, -1.6969244480133057]","[624.723388671875, 1621.0556640625, 1.1033856868743896]","[6.52866792678833, -17.131715774536133, -1.6975879669189453]",pedestrian,0.06760621815919876,False,False,206,True,True,True,False,False,False,True,9,-1,True,True,True,True,bff8170575c24b5d8714061f5349892b,pedestrian,True,0.35254157314395684,0.36392574070939276,True,False,13,0,0,True,False
r2_b_zero,compound,recovery_1_5,fcbccedd61424f1b85dcbf8f897f9754,de7593d76648450e947ba0c203dee1b0,1533151609.947025,13,5,697,propagated,defer,recover,2.0,0.5090146660804749,1.9425029754638672,0.04072117060422897,0.0,0.969048261642456,1.0,0.6783831119537354,"[0.20934583246707916, 0.0, 0.3650093972682953, 0.0, 0.42564472556114197, 0.0]","[0.0, 0.0, 0.0, 0.9999744892120361, 1.1103558350544773e-10, 0.0]","[-14.3736572265625, -24.590057373046875, -2.1994686126708984]","[-13.200279235839844, -25.24762535095215, -2.197218656539917]","[631.943359375, 1641.8541259765625, 1.2885024547576904]","[-14.443790435791016, -25.087255477905273, -2.1994686126708984]",pedestrian,0.03616104647517204,False,False,-1,False,True,True,False,False,False,True,10,-1,True,True,True,True,84b1b1dde33e44bea0d99dc3094fd49a,pedestrian,True,0.6266420526967909,0.2115691149025374,True,False,13,0,0,True,False
r2_b_zero,compound,recovery_1_5,fcbccedd61424f1b85dcbf8f897f9754,de7593d76648450e947ba0c203dee1b0,1533151609.947025,13,5,700,propagated,defer,defer,1.0,0.3813072144985199,0.0,0.0,0.0,0.9678375720977783,1.0,0.6738054752349854,"[0.0, 0.0, 0.0, 0.0, 0.0, 0.0]","[0.0, 0.0, 0.0, 0.9999785423278809, 3.0721633570429674e-10, 0.0]","[-15.58740234375, -26.239288330078125, -2.5062179565429688]","[-14.47458267211914, -27.269790649414062, -2.456596851348877]","[631.1981201171875, 1644.1365966796875, 1.1644893884658813]","[-15.615238189697266, -26.694473266601562, -2.5062179565429688]",pedestrian,0.10477093607187271,False,False,92,True,True,True,False,False,False,True,11,-1,False,False,False,True,c97be344ac4143ffa69b0b5ed22f31c2,pedestrian,True,0.970197868302087,1.1328159306769259,True,False,13,0,0,True,False
r2_b_zero,compound,recovery_1_5,fcbccedd61424f1b85dcbf8f897f9754,de7593d76648450e947ba0c203dee1b0,1533151609.947025,13,5,709,propagated,defer,defer,5.0,0.5550536513328552,0.0,0.0,0.0,0.9743124842643738,1.0,0.744199275970459,"[0.0, 0.0, 0.0, 0.0, 0.0, 0.0]","[0.0, 0.0, 0.0, 0.9999347925186157, 0.0, 2.171428625130944e-22]","[9.70770263671875, -40.9630126953125, -2.8641433715820312]","[10.846141815185547, -41.01525115966797, -2.8153209686279297]","[604.4254760742188, 1633.488037109375, 1.3621312379837036]","[9.707701683044434, -40.9630126953125, -2.8641433715820312]",traffic_cone,0.16676877439022064,False,False,45,True,True,True,False,False,False,True,12,-1,False,False,False,False,,,False,3.454204594457012,,False,True,,0,0,False,False
r2_b_zero,compound,recovery_1_5,fcbccedd61424f1b85dcbf8f897f9754,de7593d76648450e947ba0c203dee1b0,1533151609.947025,13,5,720,propagated,defer,defer,1.0,0.3519538640975952,0.0,0.0,0.0,0.9533571004867554,1.0,0.7678280472755432,"[0.0, 0.0, 0.0, 0.0, 0.0, 0.0]","[0.0, 0.0, 0.0, 0.9999783039093018, 1.3123267750270173e-10, 0.0]","[-13.0294189453125, -21.51800537109375, -2.0904674530029297]","[-11.899974822998047, -22.572629928588867, -2.0702874660491943]","[633.16748046875, 1639.140869140625, 1.2408652305603027]","[-13.029419898986816, -21.51800537109375, -2.0904674530029297]",pedestrian,0.11520058661699295,False,False,76,True,True,True,False,False,False,True,13,-1,False,False,False,False,,,False,2.096908243478554,,False,True,,0,0,False,False
r2_b_zero,compound,recovery_1_5,fcbccedd61424f1b85dcbf8f897f9754,de7593d76648450e947ba0c203dee1b0,1533151609.947025,13,5,723,propagated,defer,recover,2.0,0.4522036612033844,2.0010690689086914,0.03617629036307335,0.0,0.9613587856292725,1.0,0.685971736907959,"[0.08230981230735779, 0.0, 0.3606434464454651, 0.0, 0.5570467710494995, 0.0]","[0.0, 0.0, 0.0, 0.9999806880950928, 1.3800619313997231e-08, 0.0]","[-16.6763916015625, -26.49786376953125, -2.4756298065185547]","[-15.471385955810547, -27.216567993164062, -2.518134355545044]","[631.8748779296875, 1644.8709716796875, 1.1104658842086792]","[-16.6763916015625, -26.49786376953125, -2.4756298065185547]",pedestrian,0.023706164211034775,False,False,-1,False,True,True,False,False,False,True,14,-1,False,False,False,True,c97be344ac4143ffa69b0b5ed22f31c2,pedestrian,True,0.34095994151627323,9.486499093480513e-08,True,False,13,0,0,True,False
r2_b_zero,compound,recovery_1_5,fcbccedd61424f1b85dcbf8f897f9754,de7593d76648450e947ba0c203dee1b0,1533151609.947025,13,5,738,propagated,defer,defer,2.0,0.4304380714893341,0.0,0.0,0.0,0.9648510813713074,1.0,0.7287918329238892,"[0.0, 0.0, 0.0, 0.0, 0.0, 0.0]","[0.0, 0.0, 0.0, 0.9999499320983887, 3.148431470560286e-36, 0.0]","[-10.00897216796875, -46.952301025390625, -3.579740524291992]","[-8.794784545898438, -47.671714782714844, -3.3404922485351562]","[611.876953125, 1652.8482666015625, 1.446092963218689]","[-10.096244812011719, -47.4766731262207, -3.579740524291992]",pedestrian,0.16947922110557556,False,False,42,True,True,True,False,False,False,True,15,-1,False,False,False,True,7a0cca0f12d547518dd80d8df2c501bb,pedestrian,True,0.8859868763975484,0.5582299860614645,True,False,,0,0,False,False
r2_b_zero,compound,recovery_1_5,fcbccedd61424f1b85dcbf8f897f9754,de7593d76648450e947ba0c203dee1b0,1533151609.947025,13,5,743,propagated,defer,recover,1.0,0.3640654981136322,0.37230873107910156,0.029125239700078964,0.0,0.9745264053344727,1.0,0.694543719291687,"[0.0, 0.0, 0.0, 0.0, 1.0, 0.0]","[0.0, 0.0, 0.0, 0.9999488592147827, 0.00016693194629624486, 0.0]","[-15.84613037109375, -21.257293701171875, -2.169321060180664]","[-14.863044738769531, -21.81760597229004, -2.2681896686553955]","[635.6363525390625, 1640.943359375, 1.0295159816741943]","[-15.84613037109375, -21.257293701171875, -2.169321060180664]",pedestrian,0.023431776091456413,False,False,-1,False,True,True,False,False,False,True,16,-1,False,False,False,False,,,False,3.074174110939733,,False,True,,5,0,False,False
r2_b_zero,compound,recovery_1_5,fcbccedd61424f1b85dcbf8f897f9754,de7593d76648450e947ba0c203dee1b0,1533151609.947025,13,5,759,propagated,defer,defer,1.0,0.4738675355911255,0.0,0.0,0.0,0.9719505310058594,1.0,0.7552058696746826,"[0.0, 0.0, 0.0, 0.0, 0.0, 0.0]","[0.0, 0.0, 0.0, 0.9999507665634155, 2.0103428519966208e-30, 0.0]","[-11.483642578125, -43.631927490234375, -3.3439407348632812]","[-10.514984130859375, -44.72211837768555, -3.149021625518799]","[615.24853515625, 1652.2762451171875, 1.4784983396530151]","[-11.553009986877441, -44.16801834106445, -3.3439407348632812]",pedestrian,0.15810246765613556,False,False,49,True,True,True,False,False,False,True,17,-1,False,False,False,True,2f009793dd694578990c045dc8c77e31,pedestrian,True,1.6466199810823923,0.5072738910898993,True,False,,0,0,False,False
r2_b_zero,compound,recovery_1_5,fcbccedd61424f1b85dcbf8f897f9754,de7593d76648450e947ba0c203dee1b0,1533151609.947025,13,5,762,propagated,defer,recover,1.0,0.4570327699184418,0.925236701965332,0.03656262159347534,0.0,0.9915858507156372,1.0,0.6747554540634155,"[0.02167416550219059, 0.0, 0.36915111541748047, 0.0, 0.6091747879981995, 0.0]","[0.0, 0.0, 0.0, 0.9999750852584839, 3.433301390032284e-05, 0.0]","[-18.08477783203125, -26.36767578125, -2.5121326446533203]","[-17.515193939208984, -26.666526794433594, -2.605679750442505]","[633.6021728515625, 1646.0933837890625, 1.0117988586425781]","[-18.08477783203125, -26.36767578125, -2.5121326446533203]",pedestrian,0.022630827501416206,False,False,-1,False,True,True,False,False,False,True,18,-1,False,False,False,False,,,False,2.158615730620928,,False,True,,3,0,False,False
r2_b_zero,compound,recovery_1_5,fcbccedd61424f1b85dcbf8f897f9754,de7593d76648450e947ba0c203dee1b0,1533151609.947025,13,5,767,propagated,defer,recover,1.0,0.5532970428466797,0.7829809188842773,0.04426376149058342,0.0,0.9843040108680725,1.0,0.6834456324577332,"[0.0, 0.0, 0.14973339438438416, 0.0, 0.8502666354179382, 0.0]","[0.0, 0.0, 0.0, 0.999953031539917, 0.00032775921863503754, 0.0]","[-20.38836669921875, -28.280487060546875, -2.7054481506347656]","[-19.758947372436523, -28.90557098388672, -2.769688606262207]","[633.315185546875, 1649.25439453125, 1.0062943696975708]","[-20.38836669921875, -28.280487060546875, -2.7054481506347656]",pedestrian,0.020604606717824936,False,False,-1,False,True,True,False,False,False,True,19,-1,False,False,False,False,,,False,4.8363816232496655,,False,True,,4,0,False,False
r2_b_zero,compound,recovery_1_5,fcbccedd61424f1b85dcbf8f897f9754,de7593d76648450e947ba0c203dee1b0,1533151609.947025,13,5,770,propagated,defer,recover,2.0,0.37908604741096497,1.5044746398925781,0.030326882377266884,0.0,0.9597721099853516,1.0,0.707828938961029,"[0.3309440314769745, 0.2214479297399521, 0.0, 0.0, 0.0, 0.4476080536842346]","[0.0, 0.0, 0.0, 0.9999707937240601, 0.0, 9.791114723460212e-15]","[6.11468505859375, -17.94207763671875, -1.7696590423583984]","[7.360645294189453, -18.75580596923828, -1.7730276584625244]","[623.7724609375, 1621.8973388671875, 1.103850245475769]","[6.109062671661377, -18.05830955505371, -1.7696590423583984]",pedestrian,0.021863587200641632,False,False,-1,False,True,True,False,False,False,True,20,-1,True,True,True,True,4eb1a864acc24ef89aa487d5002cc071,pedestrian,True,0.1893184144766874,0.11702226966545544,True,False,13,0,0,True,False
r2_b_zero,compound,recovery_1_5,fcbccedd61424f1b85dcbf8f897f9754,de7593d76648450e947ba0c203dee1b0,1533151609.947025,13,5,779,propagated,defer,defer,1.0,0.44791465997695923,0.0,0.0,0.0,0.9759997725486755,1.0,0.757106602191925,"[0.0, 0.0, 0.0, 0.0, 0.0, 0.0]","[0.0, 0.0, 0.0, 0.9999493360519409, 2.8678503534587693e-35, 0.0]","[-9.88116455078125, -45.544281005859375, -3.5318756103515625]","[-8.900413513183594, -46.204505920410156, -3.23124361038208]","[613.0742797851562, 1651.987060546875, 1.4682210683822632]","[-9.953453063964844, -46.08052062988281, -3.5318756103515625]",pedestrian,0.15451547503471375,False,False,53,True,True,True,False,False,False,True,21,-1,False,False,False,False,,,False,2.257235130959532,,False,True,,0,0,False,False
r2_b_zero,compound,recovery_1_5,fcbccedd61424f1b85dcbf8f897f9754,de7593d76648450e947ba0c203dee1b0,1533151609.947025,13,5,785,propagated,defer,recover,1.0,0.3774983286857605,1.0597858428955078,0.030199864879250526,0.0,0.9803094863891602,1.0,0.6839641332626343,"[0.13235601782798767, 0.0, 0.35511383414268494, 0.0, 0.5125302076339722, 0.0]","[0.0, 0.0, 0.0, 0.9999432563781738, 0.0002347040717722848, 0.0]","[-16.29351806640625, -22.277587890625, -2.2677078247070312]","[-15.299312591552734, -22.326017379760742, -2.327343463897705]","[635.5234375, 1641.60595703125, 1.0056158304214478]","[-16.29351806640625, -22.277587890625, -2.2677078247070312]",pedestrian,0.019073668867349625,False,False,-1,False,True,True,False,False,False,True,22,-1,False,False,False,False,,,False,2.839443001794602,,False,True,,5,0,False,False
r2_b_zero,compound,recovery_1_5,fcbccedd61424f1b85dcbf8f897f9754,de7593d76648450e947ba0c203dee1b0,1533151609.947025,13,5,804,propagated,defer,recover,1.0,0.36643311381340027,0.8688125610351562,0.029314648360013962,0.0,0.9833067059516907,1.0,0.7109693884849548,"[0.011473841033875942, 0.0, 0.3794792890548706, 0.0, 0.6090468764305115, 0.0]","[0.0, 0.0, 0.0, 0.9999812841415405, 2.8269498670852045e-06, 0.0]","[-17.7645263671875, -26.7518310546875, -2.5220394134521484]","[-16.862388610839844, -26.908124923706055, -2.580601215362549]","[632.9998168945312, 1645.7451171875, 1.044390082359314]","[-17.7645263671875, -26.7518310546875, -2.5220394134521484]",pedestrian,0.016167867928743362,False,False,-1,False,True,True,False,False,False,True,23,-1,False,False,False,True,c97be344ac4143ffa69b0b5ed22f31c2,pedestrian,True,1.4944328530058668,2.0598860116367386e-07,True,False,13,0,0,True,False
r2_b_zero,compound,recovery_1_5,fcbccedd61424f1b85dcbf8f897f9754,de7593d76648450e947ba0c203dee1b0,1533151609.947025,13,5,809,propagated,defer,recover,1.0,0.3584691882133484,1.0184288024902344,0.02867753431200981,0.0,0.9826908707618713,1.0,0.6878241300582886,"[0.09328312426805496, 0.0, 0.35853490233421326, 0.0, 0.54818195104599, 0.0]","[0.0, 0.0, 0.0, 0.9999468326568604, 0.00021153500711079687, 0.0]","[-16.29345703125, -22.27728271484375, -2.272581100463867]","[-15.392074584960938, -22.511871337890625, -2.346825361251831]","[635.4395141601562, 1641.796875, 0.9983081817626953]","[-16.29345703125, -22.27728271484375, -2.272581100463867]",pedestrian,0.016218869015574455,False,False,-1,False,True,True,False,False,False,True,24,-1,False,False,False,False,,,False,2.846578271052473,,False,True,,5,0,False,False
r2_b_zero,compound,recovery_1_5,fcbccedd61424f1b85dcbf8f897f9754,de7593d76648450e947ba0c203dee1b0,1533151609.947025,13,5,813,propagated,defer,recover,1.0,0.45395299792289734,0.6932687759399414,0.03631623834371567,0.0,0.9817526936531067,1.0,0.7055051922798157,"[0.0, 0.0, 0.1713368147611618, 0.0, 0.828663170337677, 0.0]","[0.0, 0.0, 0.0, 0.9999778270721436, 1.3926706742495298e-05, 0.0]","[-19.74859619140625, -29.05224609375, -2.6667823791503906]","[-18.80602264404297, -29.215768814086914, -2.741644859313965]","[632.4680786132812, 1648.7193603515625, 1.0427722930908203]","[-19.74859619140625, -29.05224609375, -2.6667823791503906]",pedestrian,0.01583736017346382,False,False,-1,False,True,True,False,False,False,True,25,-1,False,False,False,False,,,False,4.155544555063604,,False,True,,4,0,False,False
r2_b_zero,compound,recovery_1_5,fcbccedd61424f1b85dcbf8f897f9754,de7593d76648450e947ba0c203dee1b0,1533151609.947025,13,5,814,propagated,defer,recover,1.0,0.48587650060653687,0.63055419921875,0.03887011855840683,0.0,0.9710110425949097,1.0,0.6764797568321228,"[0.0, 0.0, 0.0034290009643882513, 0.0, 0.9965709447860718, 0.0]","[0.0, 0.0, 0.0, 0.9999558925628662, 0.0002502817951608449, 0.0]","[-19.94097900390625, -27.26031494140625, -2.605112075805664]","[-18.763263702392578, -27.53913688659668, -2.683331251144409]","[633.7290649414062, 1647.61279296875, 0.9999165534973145]","[-19.94097900390625, -27.26031494140625, -2.605112075805664]",pedestrian,0.01801149733364582,False,False,-1,False,True,True,False,False,False,True,26,-1,False,False,False,False,,,False,3.4587141766939116,,False,True,,3,0,False,False
r2_b_zero,compound,recovery_1_5,fcbccedd61424f1b85dcbf8f897f9754,de7593d76648450e947ba0c203dee1b0,1533151609.947025,13,5,817,propagated,defer,recover,2.0,0.41879338026046753,0.46758508682250977,0.033503469079732895,0.0,0.971145510673523,1.0,0.6961140036582947,"[0.0, 1.6426143556790074e-19, 0.0, 0.0, 0.0, 1.0]","[0.0, 0.0, 0.0, 0.9999738931655884, 0.0, 9.417326204207602e-17]","[5.15362548828125, -16.792022705078125, -1.7009525299072266]","[6.270210266113281, -17.377532958984375, -1.6992771625518799]","[625.5308837890625, 1621.850830078125, 1.106349229812622]","[5.102054119110107, -17.062328338623047, -1.7009525299072266]",pedestrian,0.018411807715892792,False,False,-1,False,True,True,False,False,False,True,27,-1,True,True,True,True,0e9b314c6a1f41189116b67fb257d8ba,pedestrian,True,0.4596093677179364,0.08340023270614998,True,False,13,0,0,True,False
r2_b_zero,compound,recovery_1_5,fcbccedd61424f1b85dcbf8f897f9754,de7593d76648450e947ba0c203dee1b0,1533151609.947025,13,5,818,propagated,defer,defer,1.0,0.41662541031837463,0.0,0.0,0.0,0.894273042678833,1.0,0.7504861354827881,"[0.0, 0.0, 0.0, 0.0, 0.0, 0.0]","[0.0, 0.0, 0.0, 0.9999423027038574, 0.0, 0.0]","[-4.7581787109375, -36.06219482421875, -3.3577804565429688]","[-3.251361846923828, -38.926815032958984, -2.6838176250457764]","[615.0604858398438, 1642.974365234375, 1.5178955793380737]","[-4.94999361038208, -40.426025390625, -3.3577804565429688]",traffic_cone,0.0007420137990266085,False,False,-1,False,True,True,False,False,False,True,28,-1,False,False,False,True,cf11445013d14ce98d71c50b898e0744,car,False,1.0618109941085399,1.2786898176248471,False,True,,0,0,False,False
r2_b_zero,compound,recovery_1_5,fcbccedd61424f1b85dcbf8f897f9754,de7593d76648450e947ba0c203dee1b0,1533151609.947025,13,5,832,propagated,defer,recover,1.0,0.43065905570983887,0.6755084991455078,0.03445272520184517,0.0,0.9926257729530334,1.0,0.7136846780776978,"[0.0, 0.0, 0.16723188757896423, 0.0, 0.8327680826187134, 0.0]","[0.0, 0.0, 0.0, 0.9999799728393555, 2.5915453534253174e-06, 0.0]","[-18.66021728515625, -28.797027587890625, -2.641815185546875]","[-18.257164001464844, -29.246440887451172, -2.716996908187866]","[632.0940551757812, 1648.3162841796875, 1.0633819103240967]","[-18.66021728515625, -28.797027587890625, -2.641815185546875]",pedestrian,0.014528210274875164,False,False,-1,False,True,True,False,False,False,True,29,-1,False,False,False,False,,,False,3.732448802501409,,False,True,,0,0,False,False
r2_b_zero,compound,recovery_1_5,fcbccedd61424f1b85dcbf8f897f9754,de7593d76648450e947ba0c203dee1b0,1533151609.947025,13,5,844,propagated,defer,defer,1.0,0.39963680505752563,0.0,0.0,0.0,0.9808704853057861,1.0,0.7439164519309998,"[0.0, 0.0, 0.0, 0.0, 0.0, 0.0]","[0.0, 0.0, 0.0, 0.9999781847000122, 1.9585115751397097e-06, 0.0]","[-29.08685302734375, -45.90350341796875, -4.020925521850586]","[-28.732755661010742, -46.81968688964844, -4.051937580108643]","[625.2706298828125, 1667.6490478515625, 0.8967362642288208]","[-29.08685302734375, -45.90350341796875, -4.020925521850586]",pedestrian,0.050542090088129044,False,False,-1,False,True,True,False,False,False,True,30,-1,False,False,False,False,,,False,19.27952516187579,,False,True,,0,0,False,False
r2_b_zero,compound,recovery_1_5,fcbccedd61424f1b85dcbf8f897f9754,de7593d76648450e947ba0c203dee1b0,1533151609.947025,13,5,850,propagated,defer,defer,1.0,0.32030072808265686,0.0,0.0,0.0,0.9841479063034058,1.0,0.7124527096748352,"[0.0, 0.0, 0.0, 0.0, 0.0, 0.0]","[0.0, 0.0, 0.0, 0.9999761581420898, 2.47030152422667e-06, 0.0]","[-31.967041015625, -50.252044677734375, -4.237199783325195]","[-31.12366485595703, -50.54778289794922, -4.2516632080078125]","[623.934326171875, 1671.8759765625, 0.9464958906173706]","[-31.967041015625, -50.252044677734375, -4.237199783325195]",pedestrian,0.04531757906079292,False,False,-1,False,True,True,False,False,False,True,31,-1,False,False,False,False,,,False,22.56132639445763,,False,True,,0,0,False,False
r2_b_zero,compound,recovery_1_5,fcbccedd61424f1b85dcbf8f897f9754,de7593d76648450e947ba0c203dee1b0,1533151609.947025,13,5,851,propagated,defer,defer,1.0,0.21416454017162323,0.0,0.0,0.0,0.9816396236419678,1.0,0.7584825158119202,"[0.0, 0.0, 0.0, 0.0, 0.0, 0.0]","[0.0, 0.0, 0.0, 0.9999737739562988, 0.00011490657925605774, 0.0]","[-32.47955322265625, -48.075164794921875, -4.178779602050781]","[-31.53274917602539, -47.563411712646484, -4.262197494506836]","[626.4850463867188, 1670.2841796875, 0.7612513303756714]","[-32.42082595825195, -47.925228118896484, -4.178779602050781]",traffic_cone,0.006640899460762739,False,False,-1,False,True,True,False,False,False,True,32,-1,False,False,False,False,,,False,22.174205847142122,,False,True,,0,0,False,False
r2_b_zero,compound,recovery_1_5,fcbccedd61424f1b85dcbf8f897f9754,de7593d76648450e947ba0c203dee1b0,1533151609.947025,13,5,867,propagated,defer,defer,4.0,0.38259321451187134,0.0,0.0,0.0,0.9994649887084961,1.0,0.6722702383995056,"[0.0, 0.0, 0.0, 0.0, 0.0, 0.0]","[0.0, 0.0, 0.0, 0.9999517202377319, 3.979727930623556e-24, 0.0]","[-12.19171142578125, -39.68084716796875, -2.929018020629883]","[-12.076377868652344, -39.87417984008789, -2.829185724258423]","[619.9796142578125, 1650.3636474609375, 1.5234330892562866]","[-12.204913139343262, -39.8906135559082, -2.929018020629883]",pedestrian,0.10117309540510178,False,False,96,True,True,True,False,False,False,True,33,-1,False,False,False,False,,,False,4.064992706360987,,False,True,,0,0,False,False
r2_b_zero,compound,recovery_1_5,fcbccedd61424f1b85dcbf8f897f9754,de7593d76648450e947ba0c203dee1b0,1533151609.947025,13,5,872,propagated,defer,recover,1.0,0.4405752718448639,0.14578771591186523,0.035246022045612335,0.0,0.9756979942321777,1.0,0.7596692442893982,"[0.0, 0.0, 0.0, 0.0, 1.0, 0.0]","[0.0, 0.0, 0.0, 0.9999728202819824, 0.00013236752420198172, 0.0]","[-32.350830078125, -46.662506103515625, -4.207912445068359]","[-31.451061248779297, -47.31062316894531, -4.22960090637207]","[626.6278686523438, 1670.0584716796875, 0.7777506113052368]","[-32.350830078125, -46.662506103515625, -4.207912445068359]",pedestrian,0.012983577325940132,False,False,-1,False,True,True,False,False,False,True,34,-1,False,False,False,False,,,False,22.04485258702095,,False,True,,0,0,False,False
r2_b_zero,compound,recovery_1_5,fcbccedd61424f1b85dcbf8f897f9754,de7593d76648450e947ba0c203dee1b0,1533151609.947025,13,5,879,propagated,defer,defer,3.0,0.4599442780017853,0.0,0.0,0.0,0.9043924808502197,1.0,0.7431285977363586,"[0.0, 0.0, 0.0, 0.0, 0.0, 0.0]","[0.0, 0.0, 0.0, 0.9999434947967529, 0.0, 0.0]","[-6.4886474609375, -35.5582275390625, -3.2128372192382812]","[-4.8408966064453125, -39.37528991699219, -2.716487407684326]","[615.733154296875, 1644.483154296875, 1.5290902853012085]","[-6.991093158721924, -39.76884460449219, -3.2128372192382812]",bicycle,0.001572981127537787,False,False,-1,False,True,True,False,False,False,True,35,-1,False,False,False,False,,,False,2.4224414169817257,,False,True,,0,0,False,False
r2_b_zero,compound,recovery_1_5,fcbccedd61424f1b85dcbf8f897f9754,de7593d76648450e947ba0c203dee1b0,1533151609.947025,13,5,895,propagated,defer,defer,1.0,0.3819344937801361,0.0,0.0,0.0,0.9671435356140137,1.0,0.6983861923217773,"[0.0, 0.0, 0.0, 0.0, 0.0, 0.0]","[0.0, 0.0, 0.0, 0.9999798536300659, 1.5365602124006728e-08, 0.0]","[-19.68182373046875, -32.239715576171875, -2.984893798828125]","[-18.43376922607422, -32.570987701416016, -2.9297940731048584]","[629.6487426757812, 1650.5855712890625, 1.0523465871810913]","[-19.68182373046875, -32.239715576171875, -2.984893798828125]",pedestrian,0.038329459726810455,False,False,-1,False,True,True,False,False,False,True,36,-1,False,False,False,False,,,False,6.467472327474511,,False,True,,0,0,False,False
r2_b_zero,compound,recovery_1_5,fcbccedd61424f1b85dcbf8f897f9754,f753d3f87e5b40af87ff2cbf7c8e7082,1533151610.446899,14,5,2,base,defer,defer,0.0,0.38866332173347473,0.0,0.0,0.0,0.0,1.0,0.7497596740722656,"[0.0, 0.0, 0.0, 0.0, 0.0, 0.0]","[0.0, 0.0, 0.0, 0.99993896484375, 3.8197477340987085e-32, 0.0]","[0.0, 0.0, 0.0]","[-10.309078216552734, -47.15061950683594, -3.0841174125671387]","[614.7850952148438, 1652.3414306640625, 1.733415961265564]","[0.0, 0.0, 0.0]",pedestrian,0.13448083400726318,False,False,46,True,False,False,False,False,True,True,-1,-1,False,False,False,True,2b5c84ef9b6e417aabc0ee048e3c4ca0,pedestrian,True,1.5750841812219434,0.5908508484666816,True,False,,0,0,False,False
r2_b_zero,compound,recovery_1_5,fcbccedd61424f1b85dcbf8f897f9754,f753d3f87e5b40af87ff2cbf7c8e7082,1533151610.446899,14,5,10,base,defer,defer,0.0,0.5144632458686829,0.0,0.0,0.0,0.0,1.0,0.6927273273468018,"[0.0, 0.0, 0.0, 0.0, 0.0, 0.0]","[0.0, 0.0, 0.0, 0.9999624490737915, 0.0, 8.58804115111842e-20]","[0.0, 0.0, 0.0]","[6.336616516113281, -20.342147827148438, -1.779979944229126]","[624.7526245117188, 1622.3780517578125, 1.1731255054473877]","[0.0, 0.0, 0.0]",pedestrian,0.7110209465026855,False,False,2,True,False,False,False,False,True,True,-1,-1,True,True,True,True,135bbe9c408f42dc8731b501122e9973,pedestrian,True,0.9738679150356597,0.3215087517170143,True,False,14,0,0,True,False
r2_b_zero,compound,recovery_1_5,fcbccedd61424f1b85dcbf8f897f9754,f753d3f87e5b40af87ff2cbf7c8e7082,1533151610.446899,14,5,13,base,defer,defer,0.0,0.39050474762916565,0.0,0.0,0.0,0.0,1.0,0.7409543991088867,"[0.0, 0.0, 0.0, 0.0, 0.0, 0.0]","[0.0, 0.0, 0.0, 0.9999074935913086, 0.0, 8.791880775576889e-33]","[0.0, 0.0, 0.0]","[6.552650451660156, -42.65553283691406, -2.547015905380249]","[607.4617919921875, 1636.4927978515625, 1.7425755262374878]","[0.0, 0.0, 0.0]",pedestrian,0.08787426352500916,False,False,106,True,False,False,False,False,True,True,-1,-1,False,False,False,False,,,False,2.003494905430173,,False,True,,0,0,False,False
r2_b_zero,compound,recovery_1_5,fcbccedd61424f1b85dcbf8f897f9754,f753d3f87e5b40af87ff2cbf7c8e7082,1533151610.446899,14,5,20,base,defer,defer,0.0,0.3262457847595215,0.0,0.0,0.0,0.0,1.0,0.7077123522758484,"[0.0, 0.0, 0.0, 0.0, 0.0, 0.0]","[0.0, 0.0, 0.0, 0.999984622001648, 3.7282022731233155e-06, 0.0]","[0.0, 0.0, 0.0]","[-17.213157653808594, -27.336732864379883, -2.771688222885132]","[634.421875, 1644.982421875, 0.9622032642364502]","[0.0, 0.0, 0.0]",pedestrian,0.11961507052183151,False,False,57,True,False,False,False,False,True,True,-1,-1,False,False,False,False,,,False,2.396230009014914,,False,True,,0,0,False,False
r2_b_zero,compound,recovery_1_5,fcbccedd61424f1b85dcbf8f897f9754,f753d3f87e5b40af87ff2cbf7c8e7082,1533151610.446899,14,5,44,base,defer,defer,0.0,0.421861857175827,0.0,0.0,0.0,0.0,1.0,0.6802666783332825,"[0.0, 0.0, 0.0, 0.0, 0.0, 0.0]","[0.0, 0.0, 0.0, 0.9999825954437256, 1.1673921108013019e-05, 0.0]","[0.0, 0.0, 0.0]","[-19.544652938842773, -30.480688095092773, -3.0375518798828125]","[633.49169921875, 1648.79345703125, 0.9209953546524048]","[0.0, 0.0, 0.0]",pedestrian,0.09398393332958221,False,False,92,True,False,False,False,False,True,True,-1,-1,False,False,False,False,,,False,4.446589204024418,,False,True,,3,0,False,False
r2_b_zero,compound,recovery_1_5,fcbccedd61424f1b85dcbf8f897f9754,f753d3f87e5b40af87ff2cbf7c8e7082,1533151610.446899,14,5,50,base,defer,defer,0.0,0.39567190408706665,0.0,0.0,0.0,0.0,1.0,0.7683133482933044,"[0.0, 0.0, 0.0, 0.0, 0.0, 0.0]","[0.0, 0.0, 0.0, 0.9999344348907471, 1.2472135111356111e-34, 0.0]","[0.0, 0.0, 0.0]","[-9.617542266845703, -48.808746337890625, -3.114234685897827]","[613.06884765625, 1652.8701171875, 1.7922548055648804]","[0.0, 0.0, 0.0]",pedestrian,0.15499761700630188,False,False,38,True,False,False,False,False,True,True,-1,-1,False,False,False,False,,,False,2.6841681537426534,,False,True,,0,0,False,False
r2_b_zero,compound,recovery_1_5,fcbccedd61424f1b85dcbf8f897f9754,f753d3f87e5b40af87ff2cbf7c8e7082,1533151610.446899,14,5,122,base,defer,defer,0.0,0.46240606904029846,0.0,0.0,0.0,0.0,1.0,0.8119688630104065,"[0.0, 0.0, 0.0, 0.0, 0.0, 0.0]","[0.0, 0.0, 0.0, 0.9999732971191406, 8.543107085472179e-13, 0.0]","[0.0, 0.0, 0.0]","[-11.853813171386719, -24.641345977783203, -2.1326403617858887]","[633.0833740234375, 1639.1131591796875, 1.3565797805786133]","[0.0, 0.0, 0.0]",pedestrian,0.07613217830657959,False,False,146,True,False,False,False,False,True,True,-1,-1,False,False,False,False,,,False,2.5642394696692223,,False,True,,0,0,False,False
r2_b_zero,compound,recovery_1_5,fcbccedd61424f1b85dcbf8f897f9754,f753d3f87e5b40af87ff2cbf7c8e7082,1533151610.446899,14,5,162,base,defer,defer,0.0,0.4910735487937927,0.0,0.0,0.0,0.0,1.0,0.6891700625419617,"[0.0, 0.0, 0.0, 0.0, 0.0, 0.0]","[0.0, 0.0, 0.0, 0.9999576807022095, 0.0, 4.941511043241885e-22]","[0.0, 0.0, 0.0]","[6.080303192138672, -21.749120712280273, -1.8230466842651367]","[623.8353271484375, 1623.47509765625, 1.2184399366378784]","[0.0, 0.0, 0.0]",pedestrian,0.26223164796829224,False,False,22,True,False,False,False,False,True,True,-1,-1,True,True,True,True,78fc00fbc8fa4c8ba304d3165d719b92,pedestrian,True,0.05504961682735715,0.4985943136837666,True,False,14,0,0,True,False
r2_b_zero,compound,recovery_1_5,fcbccedd61424f1b85dcbf8f897f9754,f753d3f87e5b40af87ff2cbf7c8e7082,1533151610.446899,14,5,237,base,defer,defer,0.0,0.40772414207458496,0.0,0.0,0.0,0.0,1.0,0.71051424741745,"[0.0, 0.0, 0.0, 0.0, 0.0, 0.0]","[0.0, 0.0, 0.0, 0.9999639987945557, 0.0, 6.444949287693843e-17]","[0.0, 0.0, 0.0]","[7.205280303955078, -20.323749542236328, -1.803818702697754]","[624.2098388671875, 1621.7001953125, 1.1349732875823975]","[0.0, 0.0, 0.0]",pedestrian,0.4209649860858917,False,False,6,True,False,False,False,False,True,True,-1,-1,True,True,True,True,2c9deea58db742879c21342d4685e0ce,pedestrian,True,0.6953927661883569,0.4478902727047255,True,False,14,0,0,True,False
r2_b_zero,compound,recovery_1_5,fcbccedd61424f1b85dcbf8f897f9754,f753d3f87e5b40af87ff2cbf7c8e7082,1533151610.446899,14,5,255,base,defer,defer,0.0,0.5123173594474792,0.0,0.0,0.0,0.0,1.0,0.8062344193458557,"[0.0, 0.0, 0.0, 0.0, 0.0, 0.0]","[0.0, 0.0, 0.0, 0.9999382495880127, 0.0, 0.0]","[0.0, 0.0, 0.0]","[-5.481086730957031, -45.407135009765625, -3.0033204555511475]","[613.0358276367188, 1647.515869140625, 1.6358133554458618]","[0.0, 0.0, 0.0]",bicycle,0.005548298824578524,False,False,-1,False,False,False,False,False,True,True,-1,-1,False,False,False,False,,,False,3.4510482016899977,,False,True,,0,0,False,False
r2_b_zero,compound,recovery_1_5,fcbccedd61424f1b85dcbf8f897f9754,f753d3f87e5b40af87ff2cbf7c8e7082,1533151610.446899,14,5,261,base,defer,defer,0.0,0.41479015350341797,0.0,0.0,0.0,0.0,1.0,0.7099308967590332,"[0.0, 0.0, 0.0, 0.0, 0.0, 0.0]","[0.0, 0.0, 0.0, 0.9999749660491943, 1.4827496563896148e-08, 0.0]","[0.0, 0.0, 0.0]","[-28.65340805053711, -51.19894027709961, -4.219961166381836]","[623.3784790039062, 1669.0738525390625, 1.12248957157135]","[0.0, 0.0, 0.0]",pedestrian,0.018732208758592606,False,False,-1,False,False,False,False,False,True,True,-1,-1,False,False,False,False,,,False,19.70880986409374,,False,True,,0,0,False,False
r2_b_zero,compound,recovery_1_5,fcbccedd61424f1b85dcbf8f897f9754,f753d3f87e5b40af87ff2cbf7c8e7082,1533151610.446899,14,5,289,base,defer,defer,0.0,0.2872743308544159,0.0,0.0,0.0,0.0,1.0,0.6707707643508911,"[0.0, 0.0, 0.0, 0.0, 0.0, 0.0]","[0.0, 0.0, 0.0, 0.999984860420227, 6.686422238999512e-06, 0.0]","[0.0, 0.0, 0.0]","[-15.45587158203125, -24.169631958007812, -2.5914204120635986]","[635.7343139648438, 1641.60205078125, 0.9253532886505127]","[0.0, 0.0, 0.0]",pedestrian,0.13157610595226288,False,False,49,True,False,False,False,False,True,True,-1,-1,False,False,False,False,,,False,3.9714060925733783,,False,True,,5,0,False,False
r2_b_zero,compound,recovery_1_5,fcbccedd61424f1b85dcbf8f897f9754,f753d3f87e5b40af87ff2cbf7c8e7082,1533151610.446899,14,5,298,base,defer,defer,0.0,0.5209944844245911,0.0,0.0,0.0,0.0,1.0,0.7411983609199524,"[0.0, 0.0, 0.0, 0.0, 0.0, 0.0]","[0.0, 0.0, 0.0, 0.9999465942382812, 0.001618318958207965, 0.0]","[0.0, 0.0, 0.0]","[-33.673377990722656, -48.2680778503418, -4.491884231567383]","[628.8309936523438, 1671.072998046875, 0.7519038915634155]","[0.0, 0.0, 0.0]",pedestrian,0.04691917076706886,False,False,-1,False,False,False,False,False,True,True,-1,-1,False,False,False,False,,,False,24.075922623502763,,False,True,,0,0,False,False
r2_b_zero,compound,recovery_1_5,fcbccedd61424f1b85dcbf8f897f9754,f753d3f87e5b40af87ff2cbf7c8e7082,1533151610.446899,14,5,314,base,defer,defer,0.0,0.4222601652145386,0.0,0.0,0.0,0.0,1.0,0.7276065945625305,"[0.0, 0.0, 0.0, 0.0, 0.0, 0.0]","[0.0, 0.0, 0.0, 0.9999750852584839, 9.210848229967983e-12, 0.0]","[0.0, 0.0, 0.0]","[-14.955612182617188, -30.058364868164062, -2.591015577316284]","[630.8947143554688, 1644.9764404296875, 1.2713180780410767]","[0.0, 0.0, 0.0]",pedestrian,0.10644415766000748,False,False,73,True,False,False,False,False,True,True,-1,-1,False,False,False,True,081c19290123437ba6a3617344bbb55d,pedestrian,True,1.228645820777794,1.0457167514153634,True,False,,0,0,False,False
r2_b_zero,compound,recovery_1_5,fcbccedd61424f1b85dcbf8f897f9754,f753d3f87e5b40af87ff2cbf7c8e7082,1533151610.446899,14,5,342,base,defer,defer,0.0,0.37735387682914734,0.0,0.0,0.0,0.0,1.0,0.7112113237380981,"[0.0, 0.0, 0.0, 0.0, 0.0, 0.0]","[0.0, 0.0, 0.0, 0.9999463558197021, 7.726315717707625e-32, 0.0]","[0.0, 0.0, 0.0]","[-10.902545928955078, -49.33224868774414, -3.357381820678711]","[613.480712890625, 1654.2034912109375, 1.6005812883377075]","[0.0, 0.0, 0.0]",pedestrian,0.01750928722321987,False,False,-1,False,False,False,False,False,True,True,-1,-1,False,False,False,False,,,False,3.2662085847404607,,False,True,,0,0,False,False
r2_b_zero,compound,recovery_1_5,fcbccedd61424f1b85dcbf8f897f9754,f753d3f87e5b40af87ff2cbf7c8e7082,1533151610.446899,14,5,386,base,defer,defer,0.0,0.3417661190032959,0.0,0.0,0.0,0.0,1.0,0.6894732713699341,"[0.0, 0.0, 0.0, 0.0, 0.0, 0.0]","[0.0, 0.0, 0.0, 0.9999518394470215, 0.0, 6.687251391253846e-22]","[0.0, 0.0, 0.0]","[6.957874298095703, -24.98369789123535, -1.9857673645019531]","[620.7852783203125, 1624.873779296875, 1.2366431951522827]","[0.0, 0.0, 0.0]",pedestrian,0.13539303839206696,False,False,45,True,False,False,False,False,True,True,-1,-1,True,True,False,True,1bf77b2cec7b435593052cad0182316c,pedestrian,True,0.985586529845373,0.9569703675348386,True,False,14,0,0,True,False
r2_b_zero,compound,recovery_1_5,fcbccedd61424f1b85dcbf8f897f9754,f753d3f87e5b40af87ff2cbf7c8e7082,1533151610.446899,14,5,429,base,defer,defer,0.0,0.2704247832298279,0.0,0.0,0.0,0.0,1.0,0.7052828669548035,"[0.0, 0.0, 0.0, 0.0, 0.0, 0.0]","[0.0, 0.0, 0.0, 0.9999580383300781, 0.00019937611068598926, 0.0]","[0.0, 0.0, 0.0]","[-17.121261596679688, -25.168684005737305, -2.6149678230285645]","[636.0326538085938, 1643.5201416015625, 0.9871858358383179]","[0.0, 0.0, 0.0]",pedestrian,0.07680439949035645,False,False,144,True,False,False,False,False,True,True,-1,-1,False,False,False,False,,,False,4.113601740868699,,False,True,,5,0,False,False
r2_b_zero,compound,recovery_1_5,fcbccedd61424f1b85dcbf8f897f9754,f753d3f87e5b40af87ff2cbf7c8e7082,1533151610.446899,14,5,433,base,defer,defer,0.0,0.4656924605369568,0.0,0.0,0.0,0.0,1.0,0.7528225183486938,"[0.0, 0.0, 0.0, 0.0, 0.0, 0.0]","[0.0, 0.0, 0.0, 0.9999793767929077, 5.575534032686846e-06, 0.0]","[0.0, 0.0, 0.0]","[-29.922327041625977, -47.809574127197266, -4.225836753845215]","[626.7916259765625, 1667.8856201171875, 0.9327014684677124]","[0.0, 0.0, 0.0]",pedestrian,0.026642927899956703,False,False,-1,False,False,False,False,False,True,True,-1,-1,False,False,False,False,,,False,20.292398609363822,,False,True,,0,0,False,False
r2_b_zero,compound,recovery_1_5,fcbccedd61424f1b85dcbf8f897f9754,f753d3f87e5b40af87ff2cbf7c8e7082,1533151610.446899,14,5,467,base,defer,defer,0.0,0.2858816087245941,0.0,0.0,0.0,0.0,1.0,0.6822687387466431,"[0.0, 0.0, 0.0, 0.0, 0.0, 0.0]","[0.0, 0.0, 0.0, 0.9999700784683228, 0.0, 1.3662857167915618e-16]","[0.0, 0.0, 0.0]","[7.667610168457031, -21.379913330078125, -1.9716229438781738]","[623.0972900390625, 1622.027587890625, 1.0237823724746704]","[0.0, 0.0, 0.0]",pedestrian,0.006853319704532623,False,False,-1,False,False,False,False,False,True,True,-1,-1,True,True,True,True,2c9deea58db742879c21342d4685e0ce,pedestrian,True,0.47186932742007603,0.7487195210093732,True,False,14,0,0,True,False
r2_b_zero,compound,recovery_1_5,fcbccedd61424f1b85dcbf8f897f9754,f753d3f87e5b40af87ff2cbf7c8e7082,1533151610.446899,14,5,490,base,defer,defer,0.0,0.3400944769382477,0.0,0.0,0.0,0.0,1.0,0.7896737456321716,"[0.0, 0.0, 0.0, 0.0, 0.0, 0.0]","[0.0, 0.0, 0.0, 0.9999152421951294, 0.0, 1.4682612067275475e-23]","[0.0, 0.0, 0.0]","[10.976184844970703, -44.0582389831543, -2.742349863052368]","[603.5468139648438, 1633.9998779296875, 1.564245581626892]","[0.0, 0.0, 0.0]",pedestrian,0.06010787561535835,False,False,220,True,False,False,False,False,True,True,-1,-1,False,False,False,False,,,False,3.148257389342375,,False,True,,0,0,False,False
r2_b_zero,compound,recovery_1_5,fcbccedd61424f1b85dcbf8f897f9754,f753d3f87e5b40af87ff2cbf7c8e7082,1533151610.446899,14,5,530,base,defer,defer,0.0,0.3427976667881012,0.0,0.0,0.0,0.0,1.0,0.7109055519104004,"[0.0, 0.0, 0.0, 0.0, 0.0, 0.0]","[0.0, 0.0, 0.0, 0.9999488592147827, 5.051861785768899e-25, 0.0]","[0.0, 0.0, 0.0]","[-12.487762451171875, -42.8148078918457, -2.969010591506958]","[619.5113525390625, 1651.2418212890625, 1.6214946508407593]","[0.0, 0.0, 0.0]",pedestrian,0.016641903668642044,False,False,-1,False,False,False,False,False,True,True,-1,-1,False,False,False,False,,,False,3.9482437541467497,,False,True,,0,0,False,False
r2_b_zero,compound,recovery_1_5,fcbccedd61424f1b85dcbf8f897f9754,f753d3f87e5b40af87ff2cbf7c8e7082,1533151610.446899,14,5,551,base,defer,defer,0.0,0.4248211979866028,0.0,0.0,0.0,0.0,1.0,0.7126973867416382,"[0.0, 0.0, 0.0, 0.0, 0.0, 0.0]","[0.0, 0.0, 0.0, 0.9999747276306152, 8.940717610705917e-11, 0.0]","[0.0, 0.0, 0.0]","[-17.449462890625, -33.84278106689453, -2.873763084411621]","[629.5762939453125, 1649.32177734375, 1.2541497945785522]","[0.0, 0.0, 0.0]",pedestrian,0.04829063266515732,False,False,-1,False,False,False,False,False,True,True,-1,-1,False,False,False,False,,,False,5.348865628610617,,False,True,,0,0,False,False
r2_b_zero,compound,recovery_1_5,fcbccedd61424f1b85dcbf8f897f9754,f753d3f87e5b40af87ff2cbf7c8e7082,1533151610.446899,14,5,587,base,defer,defer,0.0,0.4826574921607971,0.0,0.0,0.0,0.0,1.0,0.7088496685028076,"[0.0, 0.0, 0.0, 0.0, 0.0, 0.0]","[0.0, 0.0, 0.0, 0.9999734163284302, 9.113078704103827e-05, 0.0]","[0.0, 0.0, 0.0]","[-19.30330467224121, -28.90201187133789, -2.9513378143310547]","[634.5518798828125, 1647.5960693359375, 0.9086753129959106]","[0.0, 0.0, 0.0]",pedestrian,0.11215812712907791,False,False,69,True,False,False,False,False,True,True,-1,-1,False,False,False,False,,,False,3.9098608408261835,,False,True,,2,0,False,False
r2_b_zero,compound,recovery_1_5,fcbccedd61424f1b85dcbf8f897f9754,f753d3f87e5b40af87ff2cbf7c8e7082,1533151610.446899,14,5,602,base,defer,defer,0.0,0.4645044207572937,0.0,0.0,0.0,0.0,1.0,0.7216425538063049,"[0.0, 0.0, 0.0, 0.0, 0.0, 0.0]","[0.0, 0.0, 0.0, 0.9999675750732422, 0.0, 1.1668623310979285e-18]","[0.0, 0.0, 0.0]","[6.351848602294922, -19.293170928955078, -1.7654707431793213]","[625.5484008789062, 1621.696044921875, 1.124458909034729]","[0.0, 0.0, 0.0]",pedestrian,0.021370001137256622,False,False,-1,False,False,False,False,False,True,True,-1,-1,True,True,True,True,135bbe9c408f42dc8731b501122e9973,pedestrian,True,0.1491195240350846,0.38668730619877717,True,False,14,0,0,True,False
r2_b_zero,compound,recovery_1_5,fcbccedd61424f1b85dcbf8f897f9754,f753d3f87e5b40af87ff2cbf7c8e7082,1533151610.446899,14,5,612,base,defer,defer,0.0,0.32141169905662537,0.0,0.0,0.0,0.0,1.0,0.6592402458190918,"[0.0, 0.0, 0.0, 0.0, 0.0, 0.0]","[0.0, 0.0, 0.0, 0.9999696016311646, 2.1246152826968033e-14, 0.0]","[0.0, 0.0, 0.0]","[-12.474922180175781, -27.78215217590332, -2.2998831272125244]","[631.0643920898438, 1641.6033935546875, 1.3875149488449097]","[0.0, 0.0, 0.0]",pedestrian,0.07227598875761032,False,False,157,True,False,False,False,False,True,True,-1,-1,True,True,True,True,0af15fef1ea54711846a22c13ab87a73,pedestrian,True,0.6991846723725569,0.23646761606818592,True,False,14,0,0,True,False
r2_b_zero,compound,recovery_1_5,fcbccedd61424f1b85dcbf8f897f9754,f753d3f87e5b40af87ff2cbf7c8e7082,1533151610.446899,14,5,666,propagated,defer,keep,0.0,0.4703965485095978,0.0,0.0,0.0,0.9872322678565979,1.0,0.6476052403450012,"[0.060023970901966095, 0.0, 0.320429265499115, 0.12472271919250488, 0.49482405185699463, 0.0]","[0.0, 0.0, 0.0, 0.9999500513076782, 0.00026181433349847794, 0.0]","[-16.62799072265625, -23.396697998046875, -2.4770336151123047]","[-16.569610595703125, -24.193023681640625, -2.547426462173462]","[636.4307861328125, 1642.47021484375, 0.9876614809036255]","[-16.62799072265625, -23.396697998046875, -2.4770336151123047]",pedestrian,0.03952569514513016,False,False,-1,False,False,False,False,False,True,True,-1,-1,False,False,False,False,,,False,4.221451378416439,,False,True,,5,0,False,False
r2_b_zero,compound,recovery_1_5,fcbccedd61424f1b85dcbf8f897f9754,f753d3f87e5b40af87ff2cbf7c8e7082,1533151610.446899,14,5,680,propagated,defer,defer,0.0,0.3593626916408539,0.0,0.0,0.0,0.9928281307220459,1.0,0.7343020439147949,"[0.0, 0.0, 0.0, 0.9999988675117493, 0.0, 1.1580162890822976e-06]","[0.0, 0.0, 0.0, 0.9999703168869019, 0.0, 1.1523014791237074e-06]","[8.84661865234375, -16.52557373046875, -1.6420440673828125]","[9.313468933105469, -16.373634338378906, -1.5963101387023926]","[625.8995971679688, 1617.549072265625, 1.0729936361312866]","[8.839399337768555, -16.008872985839844, -1.6420440673828125]",pedestrian,0.022706327959895134,False,False,-1,False,False,False,False,False,True,True,7,-1,False,False,False,False,,,False,2.128426282022396,,False,True,,0,0,False,False
r2_b_zero,compound,recovery_1_5,fcbccedd61424f1b85dcbf8f897f9754,f753d3f87e5b40af87ff2cbf7c8e7082,1533151610.446899,14,5,687,propagated,defer,defer,0.0,0.34624677896499634,0.0,0.0,0.0,0.5483656525611877,1.0,0.750268816947937,"[0.0, 0.0, 0.0, 1.0, 0.0, 0.0]","[0.0, 0.0, 0.0, 0.9999270439147949, 0.0, 0.0]","[-4.0242919921875, -44.7841796875, -3.08355712890625]","[-2.725910186767578, -45.926151275634766, -2.8862576484680176]","[610.8782958984375, 1645.724853515625, 1.741737723350525]","[-3.8399055004119873, -51.28905487060547, -3.08355712890625]",traffic_cone,0.0001143763292930089,False,False,-1,False,False,False,False,False,True,True,-1,-1,False,False,False,True,b5be02d305d14d3ca7b4cd5146b99fcb,car,False,1.0021491893353016,3.026546038235424,False,True,,0,0,False,False
r2_b_zero,compound,recovery_1_5,fcbccedd61424f1b85dcbf8f897f9754,f753d3f87e5b40af87ff2cbf7c8e7082,1533151610.446899,14,5,729,propagated,defer,defer,0.0,0.42532840371131897,0.0,0.0,0.0,0.9960727095603943,1.0,0.7428229451179504,"[0.0, 0.0, 0.0, 1.0, 4.962870568436983e-35, 0.0]","[0.0, 0.0, 0.0, 0.9999386072158813, 8.565869090894168e-36, 0.0]","[-9.0799560546875, -49.63238525390625, -3.5002574920654297]","[-9.473480224609375, -50.58271026611328, -3.2966208457946777]","[611.6085205078125, 1653.90087890625, 1.7144185304641724]","[-9.109965324401855, -50.43058395385742, -3.5002574920654297]",pedestrian,0.012266157194972038,False,False,-1,False,False,False,False,False,True,True,-1,-1,False,False,False,True,82a62ee4c5bc4e44a889b406e868444d,pedestrian,True,1.4375919109361008,0.57746580952067,True,False,,0,0,False,False
r2_b_zero,compound,recovery_1_5,fcbccedd61424f1b85dcbf8f897f9754,f753d3f87e5b40af87ff2cbf7c8e7082,1533151610.446899,14,5,771,propagated,defer,keep,0.0,0.49477362632751465,0.0,0.0,0.0,0.9959739446640015,1.0,0.6818580627441406,"[0.0, 0.0, 0.06640717387199402, 0.1944035440683365, 0.7391892671585083, 0.0]","[0.0, 0.0, 0.0, 0.9999741315841675, 6.816868699388579e-05, 0.0]","[-19.18743896484375, -28.12042236328125, -2.839262008666992]","[-18.90135955810547, -28.46649169921875, -2.8494911193847656]","[634.632568359375, 1647.0042724609375, 0.9780715703964233]","[-19.18743896484375, -28.12042236328125, -2.839262008666992]",pedestrian,0.018683267757296562,False,False,-1,False,False,False,False,False,True,True,18,-1,False,False,False,False,,,False,3.5328420408431027,,False,True,,2,0,False,False
r2_b_zero,compound,recovery_1_5,fcbccedd61424f1b85dcbf8f897f9754,f753d3f87e5b40af87ff2cbf7c8e7082,1533151610.446899,14,5,775,propagated,recover,defer,0.0,0.347094863653183,0.0,0.0,0.004704378079622984,0.9776222705841064,1.0,0.7613081932067871,"[0.0, 0.0, 0.0, 1.0, 1.096001790832474e-20, 0.0]","[0.0, 0.0, 0.0, 0.9999725818634033, 9.687731302134022e-23, 0.0]","[-8.1817626953125, -24.184814453125, -2.19854736328125]","[-8.265003204345703, -25.245309829711914, -2.1948513984680176]","[630.320556640625, 1636.744873046875, 1.2759482860565186]","[-8.1817626953125, -24.184814453125, -2.19854736328125]",pedestrian,0.08813624083995819,True,True,1,True,False,True,True,True,False,True,5,5,True,True,True,True,492dd3a15f894562b56ba7a00b39e47b,pedestrian,True,0.49235147049346945,0.7548262138050894,True,False,14,0,0,True,False
r2_b_zero,compound,recovery_1_5,fcbccedd61424f1b85dcbf8f897f9754,f753d3f87e5b40af87ff2cbf7c8e7082,1533151610.446899,14,5,782,propagated,defer,defer,0.0,0.3322157561779022,0.0,0.0,0.0,0.9955504536628723,1.0,0.6883646845817566,"[0.0, 0.0, 0.0, 1.0, 4.4487705186391224e-11, 0.0]","[0.0, 0.0, 0.0, 0.999972939491272, 3.170747627130599e-13, 0.0]","[-14.32623291015625, -29.289947509765625, -2.605274200439453]","[-14.253650665283203, -30.396635055541992, -2.5688860416412354]","[630.1866455078125, 1644.6519775390625, 1.302982211112976]","[-14.311819076538086, -29.929443359375, -2.605274200439453]",pedestrian,0.010534973815083504,False,False,-1,False,False,False,False,False,True,True,-1,-1,False,False,False,True,081c19290123437ba6a3617344bbb55d,pedestrian,True,1.8735880791229382,1.3702653736578356,True,False,,0,0,False,False
r2_b_zero,compound,recovery_1_5,fcbccedd61424f1b85dcbf8f897f9754,f753d3f87e5b40af87ff2cbf7c8e7082,1533151610.446899,14,5,791,propagated,defer,defer,0.0,0.349394828081131,0.0,0.0,0.0,0.9174402356147766,1.0,0.7440217137336731,"[0.0, 0.0, 0.0, 1.0, 1.1885589366648806e-37, 0.0]","[0.0, 0.0, 0.0, 0.999942421913147, 1.2042329420350254e-36, 0.0]","[-9.336669921875, -52.447265625, -3.61761474609375]","[-9.24441909790039, -51.199012756347656, -3.4081058502197266]","[610.98486328125, 1654.1239013671875, 1.636616587638855]","[-9.374239921569824, -53.25999450683594, -3.61761474609375]",pedestrian,0.004515267442911863,False,False,-1,False,False,False,False,False,True,True,-1,-1,False,False,False,True,82a62ee4c5bc4e44a889b406e868444d,pedestrian,True,1.1573225882796727,0.6462748287033425,True,False,,0,0,False,False
r2_b_zero,compound,recovery_1_5,fcbccedd61424f1b85dcbf8f897f9754,f753d3f87e5b40af87ff2cbf7c8e7082,1533151610.446899,14,5,827,propagated,recover,defer,0.0,0.3895869255065918,0.0,0.0,0.003267415566369891,0.9937637448310852,1.0,0.6755126118659973,"[0.0, 0.0, 0.0, 1.0, 2.0333703470987174e-11, 0.0]","[0.0, 0.0, 0.0, 0.999971866607666, 2.6917682492688666e-13, 0.0]","[-13.43115234375, -27.24981689453125, -2.405355453491211]","[-13.338714599609375, -28.45091438293457, -2.396449089050293]","[631.1005249023438, 1642.6986083984375, 1.3444265127182007]","[-13.426424980163574, -27.898630142211914, -2.405355453491211]",pedestrian,0.07711638510227203,True,True,0,True,False,True,True,True,False,True,1,1,True,True,True,True,0af15fef1ea54711846a22c13ab87a73,pedestrian,True,1.3043653966791222,0.2828107356310058,True,False,14,0,0,True,False
r2_b_zero,compound,recovery_1_5,fcbccedd61424f1b85dcbf8f897f9754,f753d3f87e5b40af87ff2cbf7c8e7082,1533151610.446899,14,5,842,propagated,defer,keep,0.0,0.503987193107605,0.0,0.0,0.0,0.9874637722969055,1.0,0.7058489918708801,"[0.0, 0.0, 0.0523538812994957, 0.18327553570270538, 0.7643706202507019, 0.0]","[0.0, 0.0, 0.0, 0.9999711513519287, 0.00011604640167206526, 0.0]","[-21.17156982421875, -30.418701171875, -3.008739471435547]","[-20.822675704956055, -31.131372451782227, -3.0425634384155273]","[633.8101196289062, 1650.1907958984375, 0.9745227098464966]","[-21.17156982421875, -30.418701171875, -3.008739471435547]",pedestrian,0.015072576701641083,False,False,-1,False,False,False,False,False,True,True,19,-1,False,False,False,False,,,False,5.873889699464553,,False,True,,4,0,False,False
r2_b_zero,compound,recovery_1_5,fcbccedd61424f1b85dcbf8f897f9754,f753d3f87e5b40af87ff2cbf7c8e7082,1533151610.446899,14,5,849,propagated,defer,defer,0.0,0.30983754992485046,0.0,0.0,0.0,0.9718924164772034,1.0,0.7224100828170776,"[0.0, 0.0, 0.0, 0.9999456405639648, 5.4392952733905986e-05, 0.0]","[0.0, 0.0, 0.0, 0.9999802112579346, 6.495006800832925e-06, 0.0]","[-30.96124267578125, -48.29095458984375, -4.401065826416016]","[-31.03574562072754, -49.48246383666992, -4.417314529418945]","[626.2135009765625, 1669.8182373046875, 0.8589178323745728]","[-30.961244583129883, -48.29095458984375, -4.401065826416016]",pedestrian,0.003934216219931841,False,False,-1,False,False,False,False,False,True,True,-1,-1,False,False,False,False,,,False,21.638709901602848,,False,True,,0,0,False,False
r2_b_zero,compound,recovery_1_5,fcbccedd61424f1b85dcbf8f897f9754,f753d3f87e5b40af87ff2cbf7c8e7082,1533151610.446899,14,5,892,propagated,defer,defer,0.0,0.3901445269584656,0.0,0.0,0.0,0.9823964834213257,1.0,0.7312559485435486,"[0.0, 0.0, 0.0, 0.9999992847442627, 6.61744081753568e-07, 0.0]","[0.0, 0.0, 0.0, 0.9999816417694092, 1.7205088909122424e-08, 0.0]","[-18.48291015625, -32.082550048828125, -3.079364776611328]","[-18.723129272460938, -32.992576599121094, -3.0328845977783203]","[631.0382690429688, 1649.7655029296875, 1.063775658607483]","[-18.48291015625, -32.082550048828125, -3.079364776611328]",pedestrian,0.0038392464630305767,False,False,-1,False,False,False,False,False,True,True,-1,-1,False,False,False,False,,,False,5.281085522598682,,False,True,,0,0,False,False
r2_b_zero,compound,recovery_1_5,325cef682f064c55a255f2625c533b75,61a7bd24f88a46c2963280d8b13ac675,1538984239.948316,53,5,680,propagated,defer,recover,1.0,0.5472473502159119,1.2141828536987305,0.04377978667616844,0.0,0.975168764591217,1.0,0.7571864724159241,"[0.08734752237796783, 0.0, 0.30736956000328064, 0.0, 0.6052829623222351, 0.0]","[0.0, 0.0, 0.0, 0.9999972581863403, 1.8660106793078057e-09, 0.0]","[-7.6326904296875, -14.50921630859375, -1.6862144470214844]","[-7.561683654785156, -12.744644165039062, -1.577484369277954]","[716.5418701171875, 1787.5343017578125, 1.1519461870193481]","[-7.679215908050537, -13.854418754577637, -1.6862144470214844]",pedestrian,0.05773423984646797,False,False,144,True,True,True,False,False,False,True,0,-1,False,False,False,True,293abeb43b2a439abcd4ff08b981eeb9,pedestrian,True,1.427133702223172,0.20419076496450003,True,False,13,0,0,True,False
r2_b_zero,compound,recovery_1_5,325cef682f064c55a255f2625c533b75,61a7bd24f88a46c2963280d8b13ac675,1538984239.948316,53,5,734,propagated,defer,defer,4.0,0.3592148423194885,0.0,0.0,0.0,0.9890705347061157,1.0,0.6719799041748047,"[0.0, 0.0, 0.0, 0.0, 0.0, 0.0]","[0.0, 0.0, 0.0, 0.9999973773956299, 0.0, 0.0]","[4.25897216796875, -42.255615234375, -4.0883941650390625]","[4.978290557861328, -42.07924270629883, -4.1192522048950195]","[732.9564819335938, 1814.997314453125, 0.39811766147613525]","[4.258971214294434, -42.255615234375, -4.0883941650390625]",car,0.002064612228423357,False,False,-1,False,True,True,False,False,False,True,1,-1,False,False,False,False,,,False,7.280710532194045,,False,True,,0,0,False,False
r2_b_zero,compound,recovery_1_5,325cef682f064c55a255f2625c533b75,61a7bd24f88a46c2963280d8b13ac675,1538984239.948316,53,5,839,propagated,defer,defer,1.0,0.33942317962646484,0.0,0.0,0.0,0.9845809936523438,1.0,0.7781499624252319,"[0.0, 0.0, 0.0, 0.0, 0.0, 0.0]","[0.0, 0.0, 0.0, 0.9999957084655762, 4.451407165507841e-15, 0.0]","[-12.05364990234375, -27.3321533203125, -2.7439613342285156]","[-12.077186584472656, -26.476722717285156, -2.5326759815216064]","[730.3267211914062, 1791.9896240234375, 1.154712200164795]","[-12.053650856018066, -27.3321533203125, -2.7439613342285156]",pedestrian,0.10873696208000183,False,False,65,True,True,True,False,False,False,True,2,-1,False,False,False,False,,,False,3.457534814927602,,False,True,,0,0,False,False
r2_b_zero,compound,recovery_1_5,325cef682f064c55a255f2625c533b75,61a7bd24f88a46c2963280d8b13ac675,1538984239.948316,53,5,856,propagated,defer,defer,4.0,0.3411481976509094,0.0,0.0,0.0,0.9897509813308716,1.0,0.6739739179611206,"[0.0, 0.0, 0.0, 0.0, 0.0, 0.0]","[0.0, 0.0, 0.0, 0.9999973773956299, 0.0, 0.0]","[3.45025634765625, -41.6705322265625, -4.008697509765625]","[3.628875732421875, -40.97541427612305, -4.009803295135498]","[732.8546752929688, 1813.2542724609375, 0.4505249261856079]","[3.4502553939819336, -41.6705322265625, -4.008697509765625]",bicycle,0.001918744295835495,False,False,-1,False,True,True,False,False,False,True,3,-1,False,False,False,False,,,False,6.743502038709213,,False,True,,0,0,False,False
r2_b_zero,compound,recovery_1_5,325cef682f064c55a255f2625c533b75,61a7bd24f88a46c2963280d8b13ac675,1538984239.948316,53,5,876,propagated,defer,defer,1.0,0.24809150397777557,0.0,0.0,0.0,0.975107729434967,1.0,0.7800832390785217,"[0.0, 0.0, 0.0, 0.0, 0.0, 0.0]","[0.0, 0.0, 0.0, 0.9999959468841553, 5.079983962918153e-15, 0.0]","[-13.3060302734375, -30.739013671875, -3.029613494873047]","[-13.494087219238281, -29.649751663208008, -2.83337664604187]","[733.7366333007812, 1792.719482421875, 1.079912781715393]","[-13.306031227111816, -30.739013671875, -3.029613494873047]",pedestrian,0.04718128219246864,False,False,167,True,True,True,False,False,False,True,4,-1,False,False,False,True,0b4e0eb8ab06454d8904248794faa095,pedestrian,True,0.09321122273063864,1.2519144069392812e-06,True,False,,0,0,False,False
r2_b_zero,compound,recovery_1_5,325cef682f064c55a255f2625c533b75,61a7bd24f88a46c2963280d8b13ac675,1538984239.948316,53,5,884,propagated,defer,defer,1.0,0.38527584075927734,0.0,0.0,0.0,0.9815770387649536,1.0,0.7795062065124512,"[0.0, 0.0, 0.0, 0.0, 0.0, 0.0]","[0.0, 0.0, 0.0, 0.9999934434890747, 5.556115382844398e-24, 0.0]","[-10.00067138671875, -31.3077392578125, -2.83258056640625]","[-9.775943756103516, -30.412973403930664, -2.5521697998046875]","[732.1458129882812, 1796.165283203125, 1.36717689037323]","[-10.000672340393066, -31.3077392578125, -2.83258056640625]",pedestrian,0.17031152546405792,False,False,45,True,True,True,False,False,False,True,5,-1,True,False,False,True,26ae4a920a9c4457909454cd8a84c959,pedestrian,True,1.3656572056920655,1.3130029519315965e-06,True,False,13,0,0,True,False
r2_b_zero,compound,recovery_1_5,325cef682f064c55a255f2625c533b75,609d5177362340458a3bfd4949cd1e64,1538984240.448191,54,5,13,base,defer,defer,0.0,0.3471372723579407,0.0,0.0,0.0,0.0,1.0,0.6716263890266418,"[0.0, 0.0, 0.0, 0.0, 0.0, 0.0]","[0.0, 0.0, 0.0, 0.9999954700469971, 0.0, 2.6269728423182923e-36]","[0.0, 0.0, 0.0]","[6.528839111328125, -40.810272216796875, -3.504016876220703]","[733.1473388671875, 1809.8349609375, 1.2802444696426392]","[0.0, 0.0, 0.0]",car,0.009823239408433437,False,False,-1,False,False,False,False,False,True,True,-1,-1,False,False,False,False,,,False,6.793695106375359,,False,True,,0,0,False,False
r2_b_zero,compound,recovery_1_5,325cef682f064c55a255f2625c533b75,609d5177362340458a3bfd4949cd1e64,1538984240.448191,54,5,23,base,defer,defer,0.0,0.41190463304519653,0.0,0.0,0.0,0.0,1.0,0.6374228000640869,"[0.0, 0.0, 0.0, 0.0, 0.0, 0.0]","[0.0, 0.0, 0.0, 0.9999947547912598, 0.0, 8.109570994729666e-27]","[0.0, 0.0, 0.0]","[10.66058349609375, -43.06126022338867, -3.494479179382324]","[733.2279663085938, 1814.5367431640625, 1.438416838645935]","[0.0, 0.0, 0.0]",car,0.008151852525770664,False,False,-1,False,False,False,False,False,True,True,-1,-1,False,False,False,False,,,False,6.977928992272804,,False,True,,0,0,False,False
r2_b_zero,compound,recovery_1_5,325cef682f064c55a255f2625c533b75,609d5177362340458a3bfd4949cd1e64,1538984240.448191,54,5,362,base,defer,defer,0.0,0.3614847958087921,0.0,0.0,0.0,0.0,1.0,0.8093318939208984,"[0.0, 0.0, 0.0, 0.0, 0.0, 0.0]","[0.0, 0.0, 0.0, 0.9999953508377075, 9.335336931925321e-29, 0.0]","[0.0, 0.0, 0.0]","[-8.065196990966797, -30.164901733398438, -2.740241527557373]","[730.426025390625, 1791.9608154296875, 1.3180335760116577]","[0.0, 0.0, 0.0]",pedestrian,0.02295531891286373,False,False,-1,False,False,False,False,False,True,True,-1,-1,False,False,False,False,,,False,3.365566126972322,,False,True,,0,0,False,False
r2_b_zero,compound,recovery_1_5,325cef682f064c55a255f2625c533b75,609d5177362340458a3bfd4949cd1e64,1538984240.448191,54,5,507,base,defer,defer,0.0,0.31286144256591797,0.0,0.0,0.0,0.0,1.0,0.7865519523620605,"[0.0, 0.0, 0.0, 0.0, 0.0, 0.0]","[0.0, 0.0, 0.0, 0.999994158744812, 2.934549085912553e-28, 0.0]","[0.0, 0.0, 0.0]","[-9.034919738769531, -33.33250427246094, -2.8496835231781006]","[733.6824951171875, 1792.5648193359375, 1.4466902017593384]","[0.0, 0.0, 0.0]",pedestrian,0.031190935522317886,False,False,-1,False,False,False,False,False,True,True,-1,-1,False,False,False,True,32beeedcb9c44706802f47214e2c1d8f,pedestrian,True,0.07531998437436035,2.6024281437895338e-06,True,False,,0,0,False,False
r2_b_zero,compound,recovery_1_5,325cef682f064c55a255f2625c533b75,609d5177362340458a3bfd4949cd1e64,1538984240.448191,54,5,685,propagated,defer,defer,0.0,0.40379077196121216,0.0,0.0,0.0,0.9848936200141907,1.0,0.753463864326477,"[0.0, 0.0, 0.0, 1.0, 3.8509973803081773e-26, 0.0]","[0.0, 0.0, 0.0, 0.999992847442627, 0.0, 0.0]","[-5.06585693359375, -32.35552978515625, -2.7268524169921875]","[-4.224231719970703, -32.539512634277344, -2.589369535446167]","[730.7408447265625, 1796.45751953125, 1.6275004148483276]","[-5.065857410430908, -32.35552978515625, -2.7268524169921875]",pedestrian,0.020259281620383263,False,False,-1,False,False,False,False,False,True,True,5,-1,True,False,False,True,a146d0e0204643deb471d728e0243ddc,pedestrian,True,1.5664905825425723,1.4665455664338452e-06,True,False,14,0,0,True,False
r2_b_zero,compound,recovery_1_5,325cef682f064c55a255f2625c533b75,609d5177362340458a3bfd4949cd1e64,1538984240.448191,54,5,853,propagated,defer,defer,0.0,0.37721362709999084,0.0,0.0,0.0,0.9968215227127075,1.0,0.7087625861167908,"[0.0, 0.0, 0.0, 1.0, 1.5802166519751637e-10, 0.0]","[0.0, 0.0, 0.0, 0.9999969005584717, 1.9687132838896473e-21, 0.0]","[-5.22613525390625, -15.3819580078125, -1.7429046630859375]","[-5.363666534423828, -14.386951446533203, -1.5592586994171143]","[715.1460571289062, 1787.0455322265625, 1.3202738761901855]","[-5.359426021575928, -14.741118431091309, -1.7429046630859375]",pedestrian,0.010373817756772041,False,False,-1,False,False,False,False,False,True,True,-1,-1,False,False,False,False,,,False,2.2183814399887627,,False,True,,0,0,False,False
r2_a_50iter,camera_crash_5,recovery_1_5,fcbccedd61424f1b85dcbf8f897f9754,fa65a298c01f44e7a182bbf9e5fe3697,1533151607.548824,8,5,655,propagated,defer,recover,1.0,0.37906402349472046,0.13605761528015137,0.03032512031495571,0.0,0.9011992812156677,1.0,0.7333067655563354,"[0.0, 0.0, 0.0, 0.0, 1.0, 0.0]","[0.0, 0.0, 0.0, 0.9998984336853027, 0.0, 0.0]","[-4.4727783203125, -17.782196044921875, -1.6111316680908203]","[-2.9796791076660156, -20.59765625, -1.2660624980926514]","[615.1172485351562, 1642.69189453125, 1.6269035339355469]","[-4.495535850524902, -22.266353607177734, -1.6111316680908203]",barrier,5.6621571275172755e-05,False,False,-1,False,True,True,False,False,False,True,0,-1,False,False,False,False,,,False,2.1512631002295035,,False,True,,0,0,False,False
r2_a_50iter,camera_crash_5,recovery_1_5,fcbccedd61424f1b85dcbf8f897f9754,fa65a298c01f44e7a182bbf9e5fe3697,1533151607.548824,8,5,666,propagated,defer,recover,2.0,0.5782889723777771,1.3284292221069336,0.04626311734318733,0.0,0.9951408505439758,1.0,0.6981909275054932,"[0.20446635782718658, 0.4040149748325348, 0.0, 0.0, 0.0, 0.39151862263679504]","[0.0, 0.0, 0.0, 0.9997046589851379, 0.0, 5.166165304493943e-19]","[6.65521240234375, -20.262725830078125, -1.3687705993652344]","[6.642753601074219, -20.793746948242188, -0.8764872550964355]","[608.8422241210938, 1635.3927001953125, 1.9840896129608154]","[6.663997173309326, -20.82122230529785, -1.3687705993652344]",pedestrian,0.06899653375148773,False,False,236,True,True,True,False,False,False,True,1,-1,True,True,False,True,aa0ab0cab40d4467aa12cd5c491829d3,pedestrian,True,0.4854220532697491,0.22117752625623713,True,False,8,0,0,True,False
r2_a_50iter,camera_crash_5,recovery_1_5,fcbccedd61424f1b85dcbf8f897f9754,fa65a298c01f44e7a182bbf9e5fe3697,1533151607.548824,8,5,678,propagated,defer,recover,2.0,0.5423049926757812,1.2152676582336426,0.04338439926505089,0.0,0.9957537055015564,1.0,0.7099838256835938,"[0.008623676374554634, 0.0, 0.39639633893966675, 0.0, 0.594980001449585, 0.0]","[0.0, 0.0, 0.0, 0.9998935461044312, 6.81829307732262e-21, 0.0]","[-9.17193603515625, -26.214813232421875, -1.85198974609375]","[-9.403656005859375, -26.95921516418457, -1.4976990222930908]","[614.3131103515625, 1651.6990966796875, 1.7454662322998047]","[-9.126909255981445, -26.855989456176758, -1.85198974609375]",pedestrian,0.06473273783922195,False,False,-1,False,True,True,False,False,False,True,2,-1,False,False,False,True,101185cd967c4b039511966867bd0c55,pedestrian,True,0.4541111790418171,0.06401022842681038,True,False,8,0,0,True,False
r2_a_50iter,camera_crash_5,recovery_1_5,fcbccedd61424f1b85dcbf8f897f9754,fa65a298c01f44e7a182bbf9e5fe3697,1533151607.548824,8,5,688,propagated,defer,recover,1.0,0.49737146496772766,0.7911539077758789,0.03978971764445305,0.0,0.9989155530929565,1.0,0.7048504948616028,"[0.07982170581817627, 0.0, 0.4105135202407837, 0.0, 0.50966477394104, 0.0]","[0.0, 0.0, 0.0, 0.9999234676361084, 3.4658599368285817e-14, 0.0]","[-10.1826171875, -21.864471435546875, -1.650430679321289]","[-10.280464172363281, -22.534284591674805, -1.4390182495117188]","[618.2785034179688, 1649.5538330078125, 1.5839157104492188]","[-10.188197135925293, -22.501928329467773, -1.650430679321289]",pedestrian,0.05843697115778923,False,False,-1,False,True,True,False,False,False,True,3,-1,True,True,False,True,09ed64da038c4baba2468c94874e1e19,pedestrian,True,0.4006553713961066,0.026550590032471177,True,False,8,0,0,True,False
r2_a_50iter,camera_crash_5,recovery_1_5,fcbccedd61424f1b85dcbf8f897f9754,fa65a298c01f44e7a182bbf9e5fe3697,1533151607.548824,8,5,714,propagated,defer,defer,1.0,0.633529782295227,0.0,0.0,0.0,0.9784237742424011,1.0,0.7123686075210571,"[0.0, 0.0, 0.0, 0.0, 0.0, 0.0]","[0.0, 0.0, 0.0, 0.999727189540863, 0.0, 4.4762672053153954e-20]","[9.3145751953125, -29.728912353515625, -1.8783245086669922]","[8.680408477783203, -29.07176971435547, -1.1529808044433594]","[601.1644287109375, 1639.1058349609375, 2.11808705329895]","[9.289432525634766, -29.51175308227539, -1.8783245086669922]",pedestrian,0.4314690828323364,False,False,4,True,True,True,False,False,False,True,4,-1,True,True,False,True,9e8c9ceb4d984442b41fcc25342df4b4,pedestrian,True,1.1603549952222494,0.2003281108707153,True,False,8,0,0,True,False
r2_a_50iter,camera_crash_5,recovery_1_5,fcbccedd61424f1b85dcbf8f897f9754,fa65a298c01f44e7a182bbf9e5fe3697,1533151607.548824,8,5,741,propagated,defer,recover,2.0,0.5741966366767883,0.8871350288391113,0.0459357313811779,0.0,0.9932020902633667,1.0,0.7082579135894775,"[0.0, 0.21135030686855316, 0.0, 0.0, 0.0, 0.7886496782302856]","[0.0, 0.0, 0.0, 0.9998672008514404, 0.0, 7.453737605432609e-13]","[9.977294921875, -22.687835693359375, -1.760812759399414]","[9.624858856201172, -22.914960861206055, -1.3542897701263428]","[605.2908325195312, 1634.4642333984375, 1.6013104915618896]","[9.977294921875, -22.687835693359375, -1.760812759399414]",traffic_cone,0.02540852315723896,False,False,-1,False,True,True,False,False,False,True,5,-1,False,False,False,False,,,False,3.4178939569681894,,False,True,,0,0,False,False
r2_a_50iter,camera_crash_5,recovery_1_5,fcbccedd61424f1b85dcbf8f897f9754,fa65a298c01f44e7a182bbf9e5fe3697,1533151607.548824,8,5,789,propagated,defer,defer,2.0,0.4669371247291565,0.0,0.0,0.0,0.992254376411438,1.0,0.7583730816841125,"[0.0, 0.0, 0.0, 0.0, 0.0, 0.0]","[0.0, 0.0, 0.0, 0.9997348189353943, 0.0, 8.224017712492315e-14]","[10.986328125, -27.05682373046875, -1.594747543334961]","[10.631427764892578, -26.63483238220215, -1.1207036972045898]","[601.795654296875, 1636.050048828125, 2.018500804901123]","[10.978763580322266, -26.42643928527832, -1.594747543334961]",pedestrian,0.14378637075424194,False,False,77,True,True,True,False,False,False,True,6,-1,False,False,False,False,,,False,2.671019175220351,,False,True,,0,0,False,False
r2_a_50iter,camera_crash_5,recovery_1_5,fcbccedd61424f1b85dcbf8f897f9754,a98fba72bde9433fb882032d18aedb2e,1533151608.048151,9,5,22,base,defer,defer,0.0,0.4902413487434387,0.0,0.0,0.0,0.0,1.0,0.775976836681366,"[0.0, 0.0, 0.0, 0.0, 0.0, 0.0]","[0.0, 0.0, 0.0, 0.9998406171798706, 0.0, 0.0]","[0.0, 0.0, 0.0]","[-1.4589653015136719, -30.45633888244629, -1.4799678325653076]","[610.08056640625, 1645.025146484375, 1.7726062536239624]","[0.0, 0.0, 0.0]",car,0.0028232005424797535,False,False,-1,False,False,False,False,False,True,True,-1,-1,True,False,False,True,e891b3d6e16345b98532385e3a092bec,car,True,1.7240518664958522,1.0997731800608015,True,False,9,0,0,True,False
r2_a_50iter,camera_crash_5,recovery_1_5,fcbccedd61424f1b85dcbf8f897f9754,a98fba72bde9433fb882032d18aedb2e,1533151608.048151,9,5,432,base,defer,defer,0.0,0.37828466296195984,0.0,0.0,0.0,0.0,1.0,0.7316343188285828,"[0.0, 0.0, 0.0, 0.0, 0.0, 0.0]","[0.0, 0.0, 0.0, 0.9998542070388794, 5.8437020892064386e-27, 0.0]","[0.0, 0.0, 0.0]","[-8.708869934082031, -31.859821319580078, -1.5362548828125]","[613.6547241210938, 1651.4873046875, 1.759941816329956]","[0.0, 0.0, 0.0]",pedestrian,0.1964421570301056,False,False,44,True,False,False,False,False,True,True,-1,-1,True,False,False,True,ead8e7366a4e42b68b1f4dc053697652,pedestrian,True,0.3300827044775218,0.21016235507799694,True,False,10,0,0,True,False
r2_a_50iter,camera_crash_5,recovery_1_5,fcbccedd61424f1b85dcbf8f897f9754,a98fba72bde9433fb882032d18aedb2e,1533151608.048151,9,5,612,base,defer,defer,0.0,0.3987177610397339,0.0,0.0,0.0,0.0,1.0,0.7792593240737915,"[0.0, 0.0, 0.0, 0.0, 0.0, 0.0]","[0.0, 0.0, 0.0, 0.9998288154602051, 6.376049040756813e-20, 0.0]","[0.0, 0.0, 0.0]","[-10.135112762451172, -28.082365036010742, -1.2651851177215576]","[617.4739990234375, 1650.15234375, 1.850904107093811]","[0.0, 0.0, 0.0]",pedestrian,0.22553688287734985,False,False,34,True,False,False,False,False,True,True,-1,-1,True,False,False,True,5db23fd0e3e04ee5b67ef422e0587c05,pedestrian,True,0.7388898708277459,0.2009404075706494,True,False,9,0,0,True,False
r2_a_50iter,camera_crash_5,recovery_1_5,fcbccedd61424f1b85dcbf8f897f9754,a98fba72bde9433fb882032d18aedb2e,1533151608.048151,9,5,631,base,defer,defer,0.0,0.49346137046813965,0.0,0.0,0.0,0.0,1.0,0.7654644846916199,"[0.0, 0.0, 0.0, 0.0, 0.0, 0.0]","[0.0, 0.0, 0.0, 0.9997404217720032, 0.0, 1.1012202414045867e-23]","[0.0, 0.0, 0.0]","[6.551979064941406, -25.78712272644043, -1.086458444595337]","[608.5327758789062, 1635.8765869140625, 1.9726309776306152]","[0.0, 0.0, 0.0]",pedestrian,0.01250987034291029,False,False,-1,False,False,False,False,False,True,True,-1,-1,True,True,False,True,ceb756ea79d746f391bac2cbc7b8a9be,pedestrian,True,0.7181674902920686,0.14674025046995562,True,False,9,0,0,True,False
r2_a_50iter,camera_crash_5,recovery_1_5,fcbccedd61424f1b85dcbf8f897f9754,a98fba72bde9433fb882032d18aedb2e,1533151608.048151,9,5,690,propagated,defer,defer,0.0,0.406831294298172,0.0,0.0,0.0,0.9986386299133301,1.0,0.7456845641136169,"[0.0, 0.0, 0.0, 1.0, 0.0, 8.305768093530173e-19]","[0.0, 0.0, 0.0, 0.9997069239616394, 0.0, 5.34661275179434e-21]","[9.46435546875, -34.332672119140625, -1.303670883178711]","[9.544353485107422, -33.582542419433594, -1.2466650009155273]","[600.6345825195312, 1638.5826416015625, 2.1838202476501465]","[9.392218589782715, -33.786800384521484, -1.303670883178711]",pedestrian,0.01686229556798935,False,False,-1,False,False,True,False,False,False,True,4,-1,False,False,False,False,,,False,2.1447930336588397,,False,True,,1,0,False,False
r2_a_50iter,camera_crash_5,recovery_1_5,fcbccedd61424f1b85dcbf8f897f9754,a98fba72bde9433fb882032d18aedb2e,1533151608.048151,9,5,738,propagated,defer,defer,0.0,0.41398775577545166,0.0,0.0,0.0,0.9920977354049683,1.0,0.7661137580871582,"[0.0, 0.0, 0.0, 1.0, 0.0, 3.7768704450828056e-14]","[0.0, 0.0, 0.0, 0.999707043170929, 0.0, 1.0534710230657304e-16]","[11.444580078125, -32.022552490234375, -1.2823066711425781]","[11.131172180175781, -32.04267883300781, -1.220728874206543]","[600.7971801757812, 1636.377685546875, 2.142906665802002]","[11.379356384277344, -31.46709442138672, -1.2823066711425781]",pedestrian,0.01054746750742197,False,False,-1,False,False,False,False,False,True,True,-1,-1,False,False,False,False,,,False,2.7438579362839444,,False,True,,0,0,False,False
r2_a_50iter,camera_crash_5,recovery_1_5,fcbccedd61424f1b85dcbf8f897f9754,a98fba72bde9433fb882032d18aedb2e,1533151608.048151,9,5,794,propagated,defer,defer,0.0,0.4926682710647583,0.0,0.0,0.0,0.9945867657661438,1.0,0.775427520275116,"[0.0, 0.0, 0.0, 1.0, 0.0, 1.389279941088617e-10]","[0.0, 0.0, 0.0, 0.9997890591621399, 0.0, 1.4287963173709173e-13]","[11.498779296875, -27.39471435546875, -1.5648260116577148]","[11.052024841308594, -27.388471603393555, -1.2969346046447754]","[604.4108276367188, 1633.4571533203125, 1.850250005722046]","[11.498779296875, -27.39471435546875, -1.5648260116577148]",traffic_cone,0.011302975006401539,False,False,-1,False,False,False,False,False,True,True,-1,-1,False,False,False,False,,,False,4.407639294883571,,False,True,,0,0,False,False
r2_a_50iter,camera_crash_5,recovery_1_5,fcbccedd61424f1b85dcbf8f897f9754,b6b0d9f2f2e14a3aaa2c8aedeb1edb69,1533151608.54802,10,5,848,propagated,defer,keep,0.0,0.5181965827941895,0.0,0.0,0.0,0.9932176470756531,1.0,0.7481011748313904,"[0.0, 0.0, 0.0, 1.0, 0.0, 6.651897296054482e-22]","[0.0, 0.0, 0.0, 0.9998008608818054, 0.0, 8.28528513913578e-27]","[8.37567138671875, -38.0059814453125, -1.6785259246826172]","[8.061134338378906, -37.98471450805664, -1.6526734828948975]","[601.4677734375, 1639.52783203125, 2.1944985389709473]","[8.32315444946289, -37.46418762207031, -1.6785259246826172]",pedestrian,0.017927521839737892,False,False,-1,False,False,True,False,False,False,True,4,-1,False,False,False,False,,,False,2.164458282727803,,False,True,,0,0,False,False
r2_a_50iter,camera_crash_5,recovery_1_5,fcbccedd61424f1b85dcbf8f897f9754,796b1988dd254f74bf2fb19ba9c5b8c6,1533151609.04789,11,5,709,propagated,defer,defer,0.0,0.3424690067768097,0.0,0.0,0.0,0.9794071316719055,1.0,0.7267253398895264,"[0.0, 0.0, 0.0, 1.0, 0.0, 6.045847726984202e-25]","[0.0, 0.0, 0.0, 0.9998922348022461, 0.0, 1.2261027775281038e-26]","[9.5980224609375, -40.821807861328125, -2.2235679626464844]","[8.726905822753906, -40.83489227294922, -2.3331973552703857]","[601.7750244140625, 1638.2835693359375, 2.116011381149292]","[9.540349960327148, -40.22935104370117, -2.2235679626464844]",pedestrian,0.012335116975009441,False,False,-1,False,False,False,False,False,True,True,-1,-1,False,False,False,False,,,False,2.1470677557511575,,False,True,,0,0,False,False
r2_a_50iter,camera_crash_5,recovery_1_5,325cef682f064c55a255f2625c533b75,5b7cb170eee6468aa1fdbd3abcf63c5a,1538984237.446737,48,5,743,propagated,defer,recover,1.0,0.41450169682502747,0.6342220306396484,0.03316013514995575,0.0,0.9707537889480591,1.0,0.6993628740310669,"[0.0, 0.0, 0.20091085135936737, 0.0, 0.7990891337394714, 0.0]","[0.0, 0.0, 0.0, 0.9999885559082031, 9.542137080487123e-10, 0.0]","[-14.5728759765625, -26.90325927734375, -1.9712677001953125]","[-14.516361236572266, -25.686616897583008, -1.9446156024932861]","[737.097412109375, 1805.5599365234375, 1.0027154684066772]","[-14.572876930236816, -26.90325927734375, -1.9712677001953125]",bicycle,0.020020058378577232,False,False,-1,False,True,True,False,False,False,True,0,-1,False,False,False,True,4568d80512604a31a3adc93ff236bf5a,bicycle,True,1.0421370377758237,2.1734549441383354e-06,True,False,8,0,0,True,False
r2_a_50iter,camera_crash_5,recovery_1_5,325cef682f064c55a255f2625c533b75,5b7cb170eee6468aa1fdbd3abcf63c5a,1538984237.446737,48,5,836,propagated,defer,defer,4.0,0.38966038823127747,0.0,0.0,0.0,0.9056054353713989,1.0,0.7173305749893188,"[0.0, 0.0, 0.0, 0.0, 0.0, 0.0]","[0.0, 0.0, 0.0, 0.9999839067459106, 0.0, 0.0]","[-3.741241455078125, -28.62298583984375, -2.0039596557617188]","[-3.0203857421875, -26.943464279174805, -1.7037129402160645]","[728.7802734375, 1813.59521484375, 1.2356889247894287]","[-4.350577354431152, -28.703584671020508, -2.0039596557617188]",pedestrian,0.047217290848493576,False,False,214,True,True,True,False,False,False,True,1,-1,False,False,False,False,,,False,5.258735864669784,,False,True,,0,0,False,False
r2_a_50iter,camera_crash_5,recovery_1_5,325cef682f064c55a255f2625c533b75,5b7cb170eee6468aa1fdbd3abcf63c5a,1538984237.446737,48,5,842,propagated,defer,defer,4.0,0.35992735624313354,0.0,0.0,0.0,0.9509709477424622,1.0,0.7408245205879211,"[0.0, 0.0, 0.0, 0.0, 0.0, 0.0]","[0.0, 0.0, 0.0, 0.999985933303833, 0.0, 0.0]","[-0.799102783203125, -25.07415771484375, -1.8866767883300781]","[-2.1843032836914062, -23.821548461914062, -1.5995094776153564]","[726.204345703125, 1811.6407470703125, 1.2082812786102295]","[-1.387932538986206, -25.162038803100586, -1.8866767883300781]",pedestrian,0.074933260679245,False,False,146,True,True,True,False,False,False,True,2,-1,False,False,False,False,,,False,2.0433510337571237,,False,True,,0,0,False,False
r2_a_50iter,camera_crash_5,recovery_1_5,325cef682f064c55a255f2625c533b75,5b7cb170eee6468aa1fdbd3abcf63c5a,1538984237.446737,48,5,856,propagated,defer,defer,4.0,0.46241313219070435,0.0,0.0,0.0,0.9747868776321411,1.0,0.7785420417785645,"[0.0, 0.0, 0.0, 0.0, 0.0, 0.0]","[0.0, 0.0, 0.0, 0.9999847412109375, 0.0, 0.0]","[-2.81610107421875, -24.11090087890625, -1.7819976806640625]","[-2.7478256225585938, -23.086057662963867, -1.5219354629516602]","[726.1965942382812, 1810.7122802734375, 1.2587040662765503]","[-3.402035713195801, -23.969911575317383, -1.7819976806640625]",pedestrian,0.07707799971103668,False,False,141,True,True,True,False,False,False,True,3,-1,False,False,False,True,1549e245295746028d52a8225503af6c,pedestrian,True,1.497941920470286,0.942262255573845,True,False,,0,0,False,False
r2_a_50iter,camera_crash_5,recovery_1_5,325cef682f064c55a255f2625c533b75,5b7cb170eee6468aa1fdbd3abcf63c5a,1538984237.446737,48,5,862,propagated,defer,defer,3.0,0.4394466280937195,0.0,0.0,0.0,0.9988132119178772,1.0,0.7987309694290161,"[0.0, 0.0, 0.0, 0.0, 0.0, 0.0]","[0.0, 0.0, 0.0, 0.999985933303833, 3.036695463682624e-31, 0.0]","[-5.22808837890625, -23.45391845703125, -1.69671630859375]","[-5.718376159667969, -23.04970359802246, -1.5894911289215088]","[728.5225830078125, 1808.8638916015625, 1.204956293106079]","[-5.83823299407959, -23.232772827148438, -1.69671630859375]",pedestrian,0.017421919852495193,False,False,-1,False,True,True,False,False,False,True,4,-1,False,False,False,False,,,False,3.929329858239374,,False,True,,0,0,False,False
r2_a_50iter,camera_crash_5,recovery_1_5,325cef682f064c55a255f2625c533b75,d8251bbc2105497ab8ec80827d4429aa,1538984237.947155,49,5,22,base,defer,defer,0.0,0.2669438421726227,0.0,0.0,0.0,0.0,1.0,0.7769176959991455,"[0.0, 0.0, 0.0, 0.0, 0.0, 0.0]","[0.0, 0.0, 0.0, 0.9999899864196777, 0.0, 0.0]","[0.0, 0.0, 0.0]","[-3.27520751953125, -28.696470260620117, -2.094215154647827]","[729.100830078125, 1812.48291015625, 1.0932884216308594]","[0.0, 0.0, 0.0]",pedestrian,0.024073496460914612,False,False,-1,False,False,False,False,False,True,True,-1,-1,False,False,False,False,,,False,5.253732231582057,,False,True,,0,0,False,False
r2_a_50iter,camera_crash_5,recovery_1_5,325cef682f064c55a255f2625c533b75,d8251bbc2105497ab8ec80827d4429aa,1538984237.947155,49,5,314,base,defer,defer,0.0,0.44078516960144043,0.0,0.0,0.0,0.0,1.0,0.7644497156143188,"[0.0, 0.0, 0.0, 0.0, 0.0, 0.0]","[0.0, 0.0, 0.0, 0.9999889135360718, 2.5022947377898765e-14, 0.0]","[0.0, 0.0, 0.0]","[-13.642959594726562, -29.147626876831055, -2.158777952194214]","[737.4092407226562, 1806.2646484375, 1.1268829107284546]","[0.0, 0.0, 0.0]",pedestrian,0.007008356973528862,False,False,-1,False,False,False,False,False,True,True,-1,-1,False,False,False,True,0cab2896be4349ed88f59c84642e4b87,bicycle,False,0.8837819068567474,2.226550570831662e-06,False,True,,0,0,True,False
r2_a_50iter,camera_crash_5,recovery_1_5,325cef682f064c55a255f2625c533b75,d8251bbc2105497ab8ec80827d4429aa,1538984237.947155,49,5,481,base,defer,defer,0.0,0.5155590772628784,0.0,0.0,0.0,0.0,1.0,0.811206579208374,"[0.0, 0.0, 0.0, 0.0, 0.0, 0.0]","[0.0, 0.0, 0.0, 0.9999874830245972, 3.7580764904449036e-38, 0.0]","[0.0, 0.0, 0.0]","[-4.852073669433594, -25.89212417602539, -1.8003065586090088]","[728.5361328125, 1809.3067626953125, 1.2673932313919067]","[0.0, 0.0, 0.0]",pedestrian,0.018186623230576515,False,False,-1,False,False,False,False,False,True,True,-1,-1,False,False,False,False,,,False,6.313094451877597,,False,True,,0,0,False,False
r2_a_50iter,camera_crash_5,recovery_1_5,325cef682f064c55a255f2625c533b75,d8251bbc2105497ab8ec80827d4429aa,1538984237.947155,49,5,686,propagated,defer,defer,0.0,0.3598272204399109,0.0,0.0,0.0,0.9954344630241394,1.0,0.7909332513809204,"[0.0, 0.0, 0.0, 1.0, 0.0, 0.0]","[0.0, 0.0, 0.0, 0.9999884366989136, 0.0, 0.0]","[-1.3721923828125, -26.6949462890625, -1.8908576965332031]","[-2.5065879821777344, -26.554079055786133, -1.8603599071502686]","[727.1425170898438, 1811.306396484375, 1.2209571599960327]","[-2.0525946617126465, -26.701597213745117, -1.8908576965332031]",pedestrian,0.0058135599829256535,False,False,-1,False,False,False,False,False,True,True,-1,-1,False,False,False,False,,,False,3.9511826595282575,,False,True,,0,0,False,False
r2_a_50iter,camera_crash_5,recovery_1_5,325cef682f064c55a255f2625c533b75,d8251bbc2105497ab8ec80827d4429aa,1538984237.947155,49,5,856,propagated,defer,defer,0.0,0.35924673080444336,0.0,0.0,0.0,0.9952459931373596,1.0,0.7558777928352356,"[0.0, 0.0, 0.0, 1.0, 0.0, 0.0]","[0.0, 0.0, 0.0, 0.99998939037323, 0.0, 0.0]","[-1.866424560546875, -24.516845703125, -1.779815673828125]","[-2.415241241455078, -24.89790916442871, -1.8046648502349854]","[726.0220947265625, 1810.082275390625, 1.1984386444091797]","[-2.534815788269043, -24.425308227539062, -1.779815673828125]",pedestrian,0.002617244841530919,False,False,-1,False,False,False,False,False,True,True,-1,-1,False,False,False,False,,,False,4.136532297479902,,False,True,,0,0,False,False
r2_a_50iter,camera_crash_10,recovery_1_5,fcbccedd61424f1b85dcbf8f897f9754,de7593d76648450e947ba0c203dee1b0,1533151609.947025,13,5,658,propagated,defer,recover,2.0,0.53631991147995,2.0086498260498047,0.04290559142827988,0.0,0.9769583344459534,1.0,0.6983579397201538,"[0.2305731326341629, 0.0, 0.34317299723625183, 0.0, 0.42625388503074646, 0.0]","[0.0, 0.0, 0.0, 0.9999736547470093, 2.7193108875778194e-11, 0.0]","[-13.6055908203125, -23.95159912109375, -2.1490001678466797]","[-12.828739166259766, -25.14460563659668, -2.1730597019195557]","[631.785400390625, 1641.501953125, 1.3024864196777344]","[-13.654777526855469, -24.449878692626953, -2.1490001678466797]",pedestrian,0.0665702223777771,False,False,209,True,True,True,False,False,False,True,0,-1,True,True,True,True,84b1b1dde33e44bea0d99dc3094fd49a,pedestrian,True,0.4684485180597908,0.205926977896078,True,False,13,0,0,True,False
r2_a_50iter,camera_crash_10,recovery_1_5,fcbccedd61424f1b85dcbf8f897f9754,de7593d76648450e947ba0c203dee1b0,1533151609.947025,13,5,659,propagated,defer,recover,2.0,0.5799594521522522,1.9589653015136719,0.046396754682064056,0.0,0.9607535004615784,1.0,0.7276380062103271,"[0.41947272419929504, 0.3269467055797577, 0.0, 0.0, 0.0, 0.25358060002326965]","[0.0, 0.0, 0.0, 0.9999750852584839, 0.0, 2.069179729156088e-16]","[5.15399169921875, -16.79010009765625, -1.7331161499023438]","[6.444538116455078, -17.602638244628906, -1.7368440628051758]","[625.2450561523438, 1621.862548828125, 1.080506682395935]","[5.079439640045166, -17.23066520690918, -1.7331161499023438]",pedestrian,0.07329665869474411,False,False,182,True,True,True,False,False,False,True,1,-1,True,True,True,True,0e9b314c6a1f41189116b67fb257d8ba,pedestrian,True,0.7182541935777152,0.095322442548586,True,False,13,0,0,True,False
r2_a_50iter,camera_crash_10,recovery_1_5,fcbccedd61424f1b85dcbf8f897f9754,de7593d76648450e947ba0c203dee1b0,1533151609.947025,13,5,664,propagated,defer,defer,2.0,0.5208116769790649,0.0,0.0,0.0,0.9552937150001526,1.0,0.7508172392845154,"[0.0, 0.0, 0.0, 0.0, 0.0, 0.0]","[0.0, 0.0, 0.0, 0.9999524354934692, 7.486762076601856e-31, 0.0]","[-11.93170166015625, -44.655792236328125, -3.38287353515625]","[-10.518379211425781, -45.53548049926758, -3.2356255054473877]","[614.6234130859375, 1652.802490234375, 1.440897822380066]","[-11.98247241973877, -45.18680953979492, -3.38287353515625]",pedestrian,0.30243125557899475,False,False,9,True,True,True,False,False,False,True,2,-1,False,False,False,False,,,False,2.4110892051333486,,False,True,,0,0,False,False
r2_a_50iter,camera_crash_10,recovery_1_5,fcbccedd61424f1b85dcbf8f897f9754,de7593d76648450e947ba0c203dee1b0,1533151609.947025,13,5,681,propagated,defer,recover,3.0,0.5828163623809814,2.014204978942871,0.046543899923563004,0.0,0.9776923060417175,1.0,0.7108519077301025,"[0.1821340173482895, 0.4734449088573456, 0.0, 0.0, 0.0, 0.34442102909088135]","[0.0, 0.0, 0.0, 0.9999629259109497, 0.0, 2.4292630535934513e-21]","[5.73236083984375, -22.159423828125, -2.0263137817382812]","[6.633018493652344, -23.08738136291504, -1.9879469871520996]","[620.907470703125, 1625.2330322265625, 1.1569797992706299]","[5.6693115234375, -22.642621994018555, -2.0263137817382812]",pedestrian,0.06144411861896515,False,False,236,True,True,True,False,False,False,True,3,-1,True,True,True,True,b73d145dba9145689b3ff2621c381fe4,pedestrian,True,1.317497525770852,0.5794780449232294,True,False,13,0,0,True,False
r2_a_50iter,camera_crash_10,recovery_1_5,fcbccedd61424f1b85dcbf8f897f9754,de7593d76648450e947ba0c203dee1b0,1533151609.947025,13,5,684,propagated,defer,recover,3.0,0.466511994600296,2.6930437088012695,0.03732096031308174,0.0,0.974666953086853,1.0,0.7767842411994934,"[0.34088999032974243, 0.0, 0.2763473093509674, 0.0, 0.3827626407146454, 0.0]","[0.0, 0.0, 0.0, 0.9999748468399048, 1.0137186456336151e-20, 0.0]","[-9.251220703125, -22.926300048828125, -2.121255874633789]","[-8.123371124267578, -22.851369857788086, -2.04836368560791]","[630.5360107421875, 1636.4176025390625, 1.2393382787704468]","[-9.251220703125, -22.926298141479492, -2.121255874633789]",pedestrian,0.05683036893606186,False,False,-1,False,True,True,False,False,False,True,4,-1,True,True,True,True,e833662c5eb64d2580f877fee97117c5,pedestrian,True,0.2462696967947004,0.27003927372331227,True,False,13,0,0,True,False
r2_a_50iter,camera_crash_10,recovery_1_5,fcbccedd61424f1b85dcbf8f897f9754,de7593d76648450e947ba0c203dee1b0,1533151609.947025,13,5,685,propagated,defer,defer,2.0,0.5106461048126221,0.0,0.0,0.0,0.9595338106155396,1.0,0.7514177560806274,"[0.0, 0.0, 0.0, 0.0, 0.0, 0.0]","[0.0, 0.0, 0.0, 0.9999516010284424, 6.794493998971105e-33, 0.0]","[-11.41815185546875, -46.826416015625, -3.545093536376953]","[-10.072929382324219, -47.47825241088867, -3.3522417545318604]","[612.8433837890625, 1653.706787109375, 1.4363404512405396]","[-11.494099617004395, -47.38622283935547, -3.545093536376953]",pedestrian,0.23935984075069427,False,False,13,True,True,True,False,False,False,True,5,-1,False,False,False,False,,,False,2.0384220386024765,,False,True,,0,0,False,False
r2_a_50iter,camera_crash_10,recovery_1_5,fcbccedd61424f1b85dcbf8f897f9754,de7593d76648450e947ba0c203dee1b0,1533151609.947025,13,5,689,propagated,defer,recover,1.0,0.5195602178573608,1.0307340621948242,0.04156481474637985,0.0,0.9898980259895325,1.0,0.7441140413284302,"[0.15057989954948425, 0.42650824785232544, 0.0, 0.0, 0.0, 0.42291179299354553]","[0.0, 0.0, 0.0, 0.9999771118164062, 0.0, 2.788121093999507e-07]","[7.4580078125, -14.87518310546875, -1.5748882293701172]","[8.149139404296875, -14.6669921875, -1.5354909896850586]","[626.4131469726562, 1618.6688232421875, 1.0872161388397217]","[7.4640984535217285, -14.475075721740723, -1.5748882293701172]",pedestrian,0.05845029279589653,False,False,250,True,True,True,False,False,False,True,6,-1,True,True,True,True,16a95164fcdd44e99cf99a93dd13b017,pedestrian,True,0.971499236095859,0.6568218460857318,True,False,13,0,0,True,False
r2_a_50iter,camera_crash_10,recovery_1_5,fcbccedd61424f1b85dcbf8f897f9754,de7593d76648450e947ba0c203dee1b0,1533151609.947025,13,5,690,propagated,defer,recover,3.0,0.4912206828594208,1.090057373046875,0.03929765522480011,0.0,0.9635956287384033,1.0,0.7262891530990601,"[5.207126621729663e-26, 0.4613940119743347, 0.0, 0.0, 0.0, 0.5386059880256653]","[0.0, 0.0, 0.0, 0.9999743700027466, 0.0, 1.062411029825984e-18]","[5.02716064453125, -18.192474365234375, -1.8755226135253906]","[6.231037139892578, -18.95775604248047, -1.8343393802642822]","[624.3385620117188, 1622.8966064453125, 1.0667755603790283]","[5.0003790855407715, -18.37640953063965, -1.8755226135253906]",pedestrian,0.047183070331811905,False,False,-1,False,True,True,False,False,False,True,7,-1,True,True,True,True,ebc5a02f9ea64bbd9f3ccc3b84563d35,pedestrian,True,0.39457468949015256,0.19360204073131201,True,False,13,0,0,True,False
r2_a_50iter,camera_crash_10,recovery_1_5,fcbccedd61424f1b85dcbf8f897f9754,de7593d76648450e947ba0c203dee1b0,1533151609.947025,13,5,692,propagated,defer,recover,2.0,0.48262161016464233,1.6513986587524414,0.03860972821712494,0.0,0.9746214747428894,1.0,0.7238196134567261,"[0.3488540053367615, 0.3884468972682953, 0.0, 0.0, 0.0, 0.26269909739494324]","[0.0, 0.0, 0.0, 0.999974250793457, 0.0, 3.595406293320433e-18]","[5.34747314453125, -18.57611083984375, -1.8937149047851562]","[6.413505554199219, -19.062393188476562, -1.8430242538452148]","[624.14111328125, 1622.82373046875, 1.0624464750289917]","[5.324245452880859, -18.75214958190918, -1.8937149047851562]",pedestrian,0.04937444254755974,False,False,-1,False,True,True,False,False,False,True,8,-1,True,True,True,True,ebc5a02f9ea64bbd9f3ccc3b84563d35,pedestrian,True,0.3358884201521319,0.19012980223038195,True,False,13,0,0,True,False
r2_a_50iter,camera_crash_10,recovery_1_5,fcbccedd61424f1b85dcbf8f897f9754,de7593d76648450e947ba0c203dee1b0,1533151609.947025,13,5,701,propagated,defer,recover,2.0,0.5085541009902954,2.003220558166504,0.040684327483177185,0.0,0.9526057839393616,1.0,0.6860862374305725,"[0.2509828507900238, 0.0, 0.33575814962387085, 0.0, 0.4132590591907501, 0.0]","[0.0, 0.0, 0.0, 0.9999754428863525, 1.964195889270215e-10, 0.0]","[-14.6937255859375, -24.20538330078125, -2.198333740234375]","[-13.279060363769531, -25.140783309936523, -2.208484649658203]","[632.0753173828125, 1641.846923828125, 1.2716838121414185]","[-14.774842262268066, -24.704620361328125, -2.198333740234375]",pedestrian,0.03605346009135246,False,False,-1,False,True,True,False,False,False,True,9,-1,True,True,True,True,84b1b1dde33e44bea0d99dc3094fd49a,pedestrian,True,0.5783046959672967,0.2141082860279747,True,False,13,0,0,True,False
r2_a_50iter,camera_crash_10,recovery_1_5,fcbccedd61424f1b85dcbf8f897f9754,de7593d76648450e947ba0c203dee1b0,1533151609.947025,13,5,706,propagated,defer,defer,5.0,0.5308486223220825,0.0,0.0,0.0,0.9730273485183716,1.0,0.75947505235672,"[0.0, 0.0, 0.0, 0.0, 0.0, 0.0]","[0.0, 0.0, 0.0, 0.9999377727508545, 0.0, 2.3950304283004983e-22]","[9.70806884765625, -40.96087646484375, -2.89923095703125]","[10.875255584716797, -41.0176887512207, -2.8592214584350586]","[604.4032592773438, 1633.46923828125, 1.318149209022522]","[9.708067893981934, -40.96087646484375, -2.89923095703125]",traffic_cone,0.17842307686805725,False,False,31,True,True,True,False,False,False,True,10,-1,False,False,False,False,,,False,3.475869355758352,,False,True,,0,0,False,False
r2_a_50iter,camera_crash_10,recovery_1_5,fcbccedd61424f1b85dcbf8f897f9754,de7593d76648450e947ba0c203dee1b0,1533151609.947025,13,5,710,propagated,defer,recover,2.0,0.5339359045028687,2.0038223266601562,0.04271487146615982,0.0,0.9616892337799072,1.0,0.6809778809547424,"[0.323062539100647, 0.43559956550598145, 0.0, 0.0, 0.0, 0.24133794009685516]","[0.0, 0.0, 0.0, 0.9999721050262451, 0.0, 3.2021410262955685e-12]","[7.00994873046875, -15.89898681640625, -1.6147956848144531]","[7.577919006347656, -17.177879333496094, -1.667632818222046]","[624.8477783203125, 1620.717529296875, 1.1120564937591553]","[7.009674549102783, -15.902142524719238, -1.6147956848144531]",pedestrian,0.049854155629873276,False,False,-1,False,True,True,False,False,False,True,11,-1,True,True,True,True,bff8170575c24b5d8714061f5349892b,pedestrian,True,0.30111504887066975,0.2986334718762595,True,False,13,0,0,True,False
r2_a_50iter,camera_crash_10,recovery_1_5,fcbccedd61424f1b85dcbf8f897f9754,de7593d76648450e947ba0c203dee1b0,1533151609.947025,13,5,711,propagated,defer,defer,2.0,0.40619030594825745,0.0,0.0,0.0,0.9821406602859497,1.0,0.7338153123855591,"[0.0, 0.0, 0.0, 0.0, 0.0, 0.0]","[0.0, 0.0, 0.0, 0.9999167919158936, 0.0, 1.240007361586376e-31]","[5.92547607421875, -39.577728271484375, -2.450315475463867]","[6.652050018310547, -40.443267822265625, -2.526498317718506]","[607.5614013671875, 1636.3302001953125, 1.6606682538986206]","[5.940436363220215, -39.819698333740234, -2.450315475463867]",pedestrian,0.15773172676563263,False,False,40,True,True,True,False,False,False,True,12,-1,False,False,False,False,,,False,2.2668405769206497,,False,True,,0,0,False,False
r2_a_50iter,camera_crash_10,recovery_1_5,fcbccedd61424f1b85dcbf8f897f9754,de7593d76648450e947ba0c203dee1b0,1533151609.947025,13,5,730,propagated,defer,defer,1.0,0.3371064364910126,0.0,0.0,0.0,0.9203693270683289,1.0,0.7804079651832581,"[0.0, 0.0, 0.0, 0.0, 0.0, 0.0]","[0.0, 0.0, 0.0, 0.99997878074646, 1.5207066161870841e-10, 0.0]","[-13.349609375, -21.133880615234375, -2.0805606842041016]","[-11.943717956542969, -22.60780906677246, -2.0847108364105225]","[633.1679077148438, 1639.1976318359375, 1.2290446758270264]","[-13.349609375, -21.133880615234375, -2.0805606842041016]",pedestrian,0.11197466403245926,False,False,82,True,True,True,False,False,False,True,13,-1,False,False,False,False,,,False,2.0596257762995265,,False,True,,0,0,False,False
r2_a_50iter,camera_crash_10,recovery_1_5,fcbccedd61424f1b85dcbf8f897f9754,de7593d76648450e947ba0c203dee1b0,1533151609.947025,13,5,733,propagated,defer,defer,2.0,0.4098156690597534,0.0,0.0,0.0,0.9645799994468689,1.0,0.7342385053634644,"[0.0, 0.0, 0.0, 0.0, 0.0, 0.0]","[0.0, 0.0, 0.0, 0.999951958656311, 2.88326347068602e-36, 0.0]","[-10.0089111328125, -46.95172119140625, -3.589487075805664]","[-8.787940979003906, -47.69191360473633, -3.387516975402832]","[611.855224609375, 1652.858154296875, 1.4002951383590698]","[-10.100146293640137, -47.49079132080078, -3.589487075805664]",pedestrian,0.1707998812198639,False,False,34,True,True,True,False,False,False,True,14,-1,False,False,False,True,7a0cca0f12d547518dd80d8df2c501bb,pedestrian,True,0.8642272944338324,0.5744860327612171,True,False,,0,0,False,False
r2_a_50iter,camera_crash_10,recovery_1_5,fcbccedd61424f1b85dcbf8f897f9754,de7593d76648450e947ba0c203dee1b0,1533151609.947025,13,5,737,propagated,defer,recover,2.0,0.43242985010147095,2.037045478820801,0.03459438681602478,0.0,0.9634326100349426,1.0,0.7011619806289673,"[0.08161266893148422, 0.0, 0.36025309562683105, 0.0, 0.5581342577934265, 0.0]","[0.0, 0.0, 0.0, 0.9999810457229614, 1.6351487275301224e-08, 0.0]","[-16.67626953125, -26.497344970703125, -2.4844017028808594]","[-15.50625991821289, -27.19866371154785, -2.5276379585266113]","[631.9105834960938, 1644.8868408203125, 1.1002765893936157]","[-16.67626953125, -26.497344970703125, -2.4844017028808594]",pedestrian,0.02295975759625435,False,False,-1,False,True,True,False,False,False,True,15,-1,False,False,False,True,c97be344ac4143ffa69b0b5ed22f31c2,pedestrian,True,0.33725364501997057,7.223422107313304e-08,True,False,13,0,0,True,False
r2_a_50iter,camera_crash_10,recovery_1_5,fcbccedd61424f1b85dcbf8f897f9754,de7593d76648450e947ba0c203dee1b0,1533151609.947025,13,5,765,propagated,defer,defer,1.0,0.4486852288246155,0.0,0.0,0.0,0.97408527135849,1.0,0.7564605474472046,"[0.0, 0.0, 0.0, 0.0, 0.0, 0.0]","[0.0, 0.0, 0.0, 0.9999529123306274, 2.5692890992589456e-30, 0.0]","[-11.48321533203125, -43.629302978515625, -3.3878002166748047]","[-10.55410385131836, -44.70182418823242, -3.191559076309204]","[615.2874755859375, 1652.2952880859375, 1.435238242149353]","[-11.55432415008545, -44.178497314453125, -3.3878002166748047]",pedestrian,0.14677108824253082,False,False,49,True,True,True,False,False,False,True,16,-1,False,False,False,True,2f009793dd694578990c045dc8c77e31,pedestrian,True,1.648235996154486,0.5250658681384749,True,False,,0,0,False,False
r2_a_50iter,camera_crash_10,recovery_1_5,fcbccedd61424f1b85dcbf8f897f9754,de7593d76648450e947ba0c203dee1b0,1533151609.947025,13,5,772,propagated,defer,recover,1.0,0.4678128659725189,0.9379138946533203,0.03742503002285957,0.0,0.9913922548294067,1.0,0.6800733804702759,"[0.021695127710700035, 0.0, 0.3684998154640198, 0.0, 0.6098051071166992, 0.0]","[0.0, 0.0, 0.0, 0.999975323677063, 3.428472700761631e-05, 0.0]","[-18.08465576171875, -26.366973876953125, -2.5238285064697266]","[-17.510929107666016, -26.674163818359375, -2.617232084274292]","[633.5931396484375, 1646.095458984375, 1.000680923461914]","[-18.08465576171875, -26.366973876953125, -2.5238285064697266]",pedestrian,0.023389974609017372,False,False,-1,False,True,True,False,False,False,True,17,-1,False,False,False,False,,,False,2.1536231616408092,,False,True,,3,0,False,False
r2_a_50iter,camera_crash_10,recovery_1_5,fcbccedd61424f1b85dcbf8f897f9754,de7593d76648450e947ba0c203dee1b0,1533151609.947025,13,5,780,propagated,defer,recover,1.0,0.3481370508670807,0.37270259857177734,0.027850963175296783,0.0,0.9767903685569763,1.0,0.6929388046264648,"[0.0, 0.0, 0.0, 0.0, 1.0, 0.0]","[0.0, 0.0, 0.0, 0.9999436140060425, 0.00021027956972829998, 0.0]","[-15.84613037109375, -21.257415771484375, -2.1673717498779297]","[-14.945503234863281, -21.849462509155273, -2.27923321723938]","[635.664306640625, 1641.027587890625, 1.0212808847427368]","[-15.84613037109375, -21.257415771484375, -2.1673717498779297]",pedestrian,0.021958017721772194,False,False,-1,False,True,True,False,False,False,True,18,-1,False,False,False,False,,,False,3.0023961215826036,,False,True,,5,0,False,False
r2_a_50iter,camera_crash_10,recovery_1_5,fcbccedd61424f1b85dcbf8f897f9754,de7593d76648450e947ba0c203dee1b0,1533151609.947025,13,5,794,propagated,defer,recover,1.0,0.5400369167327881,0.7832117080688477,0.043202951550483704,0.0,0.97977614402771,1.0,0.6863234043121338,"[0.0, 0.0, 0.15159571170806885, 0.0, 0.8484042882919312, 0.0]","[0.0, 0.0, 0.0, 0.9999598264694214, 0.0002224448398919776, 0.0]","[-20.38836669921875, -28.280303955078125, -2.708372116088867]","[-19.666000366210938, -28.982763290405273, -2.7876980304718018]","[633.1957397460938, 1649.233154296875, 0.9919627904891968]","[-20.38836669921875, -28.280303955078125, -2.708372116088867]",pedestrian,0.02068953774869442,False,False,-1,False,True,True,False,False,False,True,19,-1,False,False,False,False,,,False,4.786106238530448,,False,True,,1,0,False,False
r2_a_50iter,camera_crash_10,recovery_1_5,fcbccedd61424f1b85dcbf8f897f9754,de7593d76648450e947ba0c203dee1b0,1533151609.947025,13,5,813,propagated,defer,defer,1.0,0.4035643935203552,0.0,0.0,0.0,0.9742336869239807,1.0,0.7593768835067749,"[0.0, 0.0, 0.0, 0.0, 0.0, 0.0]","[0.0, 0.0, 0.0, 0.9999525547027588, 2.230608006914388e-35, 0.0]","[-9.88055419921875, -45.541046142578125, -3.585481643676758]","[-8.85702133178711, -46.21712875366211, -3.29805326461792]","[613.0341796875, 1651.9649658203125, 1.4018319845199585]","[-9.956005096435547, -46.09537124633789, -3.585481643676758]",pedestrian,0.1326693296432495,False,False,64,True,True,True,False,False,False,True,20,-1,False,False,False,False,,,False,2.2290188749277164,,False,True,,0,0,False,False
r2_a_50iter,camera_crash_10,recovery_1_5,fcbccedd61424f1b85dcbf8f897f9754,de7593d76648450e947ba0c203dee1b0,1533151609.947025,13,5,841,propagated,defer,recover,1.0,0.3625301420688629,0.8804302215576172,0.029002411291003227,0.0,0.9810534715652466,1.0,0.7213476300239563,"[0.011513041332364082, 0.0, 0.3789958357810974, 0.0, 0.6094911098480225, 0.0]","[0.0, 0.0, 0.0, 0.9999816417694092, 2.2421174890041584e-06, 0.0]","[-17.764404296875, -26.751129150390625, -2.5337352752685547]","[-16.802066802978516, -26.917518615722656, -2.585099697113037]","[632.9537963867188, 1645.705078125, 1.0398224592208862]","[-17.764404296875, -26.751129150390625, -2.5337352752685547]",pedestrian,0.015902604907751083,False,False,-1,False,True,True,False,False,False,True,21,-1,False,False,False,True,c97be344ac4143ffa69b0b5ed22f31c2,pedestrian,True,1.4343907194479357,2.1593203507252704e-07,True,False,13,0,0,True,False
r2_a_50iter,camera_crash_10,recovery_1_5,fcbccedd61424f1b85dcbf8f897f9754,de7593d76648450e947ba0c203dee1b0,1533151609.947025,13,5,847,propagated,defer,defer,1.0,0.23239323496818542,0.0,0.0,0.0,0.9798797965049744,1.0,0.6825460195541382,"[0.0, 0.0, 0.0, 0.0, 0.0, 0.0]","[0.0, 0.0, 0.0, 0.9999698400497437, 0.0, 3.228027914414788e-11]","[7.52227783203125, -18.07672119140625, -1.6590824127197266]","[8.499622344970703, -18.497955322265625, -1.7500121593475342]","[623.2417602539062, 1620.8568115234375, 1.0992461442947388]","[7.517416000366211, -18.289941787719727, -1.6590824127197266]",pedestrian,0.03658999502658844,False,False,-1,False,True,True,False,False,False,True,22,-1,True,True,True,True,4eb1a864acc24ef89aa487d5002cc071,pedestrian,True,1.0704746511449073,0.059722916856597884,True,False,13,0,0,True,False
r2_a_50iter,camera_crash_10,recovery_1_5,fcbccedd61424f1b85dcbf8f897f9754,de7593d76648450e947ba0c203dee1b0,1533151609.947025,13,5,849,propagated,defer,recover,1.0,0.4812856614589691,0.6400303840637207,0.038502853363752365,0.0,0.9710873365402222,1.0,0.6813042163848877,"[0.0, 0.0, 0.0033142638858407736, 0.0, 0.9966857433319092, 0.0]","[0.0, 0.0, 0.0, 0.9999568462371826, 0.00024265226966235787, 0.0]","[-19.94085693359375, -27.259429931640625, -2.619731903076172]","[-18.7705078125, -27.55983543395996, -2.703291177749634]","[633.717041015625, 1647.632568359375, 0.9813128709793091]","[-19.94085693359375, -27.259429931640625, -2.619731903076172]",pedestrian,0.01821700856089592,False,False,-1,False,True,True,False,False,False,True,23,-1,False,False,False,False,,,False,3.470283713369398,,False,True,,3,0,False,False
r2_a_50iter,camera_crash_10,recovery_1_5,fcbccedd61424f1b85dcbf8f897f9754,de7593d76648450e947ba0c203dee1b0,1533151609.947025,13,5,852,propagated,defer,recover,1.0,0.4270821213722229,0.6860389709472656,0.034166570752859116,0.0,0.9929471015930176,1.0,0.7240604758262634,"[0.0, 0.0, 0.1683972030878067, 0.0, 0.8316028118133545, 0.0]","[0.0, 0.0, 0.0, 0.9999803304672241, 2.9410136903607054e-06, 0.0]","[-18.65997314453125, -28.795654296875, -2.6642322540283203]","[-18.318260192871094, -29.27715301513672, -2.7369375228881836]","[632.1088256835938, 1648.3837890625, 1.0459704399108887]","[-18.65997314453125, -28.795654296875, -2.6642322540283203]",pedestrian,0.014920741319656372,False,False,-1,False,True,True,False,False,False,True,24,-1,False,False,False,False,,,False,3.8001157243220587,,False,True,,0,0,False,False
r2_a_50iter,camera_crash_10,recovery_1_5,fcbccedd61424f1b85dcbf8f897f9754,de7593d76648450e947ba0c203dee1b0,1533151609.947025,13,5,854,propagated,defer,recover,1.0,0.432238906621933,0.7001428604125977,0.034579113125801086,0.0,0.9786302447319031,1.0,0.7190505862236023,"[0.0, 0.0, 0.17117427289485931, 0.0, 0.8288257718086243, 0.0]","[0.0, 0.0, 0.0, 0.9999788999557495, 9.967209734895732e-06, 0.0]","[-19.7484130859375, -29.0511474609375, -2.685300827026367]","[-18.736671447753906, -29.27756118774414, -2.7573063373565674]","[632.3756713867188, 1648.706298828125, 1.0301107168197632]","[-19.7484130859375, -29.0511474609375, -2.685300827026367]",pedestrian,0.015364192426204681,False,False,-1,False,True,True,False,False,False,True,25,-1,False,False,False,False,,,False,4.134444145895147,,False,True,,1,0,False,False
r2_a_50iter,camera_crash_10,recovery_1_5,fcbccedd61424f1b85dcbf8f897f9754,de7593d76648450e947ba0c203dee1b0,1533151609.947025,13,5,869,propagated,defer,recover,2.0,0.3769056499004364,0.4646570682525635,0.030152451246976852,0.0,0.9753162264823914,1.0,0.701435923576355,"[0.0, 8.342911087973218e-19, 0.0, 0.0, 0.0, 1.0]","[0.0, 0.0, 0.0, 0.9999759197235107, 0.0, 8.121903793178927e-17]","[5.15399169921875, -16.79022216796875, -1.7311668395996094]","[6.209259033203125, -17.255687713623047, -1.7184443473815918]","[625.66259765625, 1621.8206787109375, 1.0805538892745972]","[5.10354471206665, -17.091646194458008, -1.7311668395996094]",pedestrian,0.013892728835344315,False,False,-1,False,True,True,False,False,False,True,26,-1,True,True,True,True,0e9b314c6a1f41189116b67fb257d8ba,pedestrian,True,0.3375799608254873,0.07700632174762373,True,False,13,0,0,True,False
r2_a_50iter,camera_crash_10,recovery_1_5,fcbccedd61424f1b85dcbf8f897f9754,de7593d76648450e947ba0c203dee1b0,1533151609.947025,13,5,870,propagated,defer,defer,2.0,0.31534481048583984,0.0,0.0,0.0,0.9820365309715271,1.0,0.6565383076667786,"[0.0, 0.0, 0.0, 0.0, 0.0, 0.0]","[0.0, 0.0, 0.0, 0.9999717473983765, 2.5877397447082728e-11, 0.0]","[-14.501220703125, -25.99652099609375, -2.273649215698242]","[-13.660530090332031, -26.870121002197266, -2.2665634155273438]","[630.9908447265625, 1643.247314453125, 1.3215358257293701]","[-14.560240745544434, -26.558977127075195, -2.273649215698242]",pedestrian,0.08146361261606216,False,False,143,True,True,True,False,False,False,True,27,-1,False,False,False,True,c97be344ac4143ffa69b0b5ed22f31c2,pedestrian,True,1.7110476145908249,1.4357793538624648,True,False,13,0,0,True,False
r2_a_50iter,camera_crash_10,recovery_1_5,fcbccedd61424f1b85dcbf8f897f9754,de7593d76648450e947ba0c203dee1b0,1533151609.947025,13,5,885,propagated,defer,recover,1.0,0.3851342499256134,0.5139822959899902,0.03081073984503746,0.0,0.983913779258728,1.0,0.6896875500679016,"[0.0, 0.0, 0.04038915038108826, 0.0, 0.9596108794212341, 0.0]","[0.0, 0.0, 0.0, 0.9999806880950928, 1.2433928304744768e-06, 0.0]","[-16.10150146484375, -24.071685791015625, -2.293315887451172]","[-15.29913330078125, -24.71484375, -2.3493919372558594]","[633.6901245117188, 1643.1328125, 1.1269481182098389]","[-16.16745376586914, -24.48305320739746, -2.293315887451172]",pedestrian,0.01003172341734171,False,False,-1,False,True,True,False,False,False,True,28,-1,False,False,False,False,,,False,2.1832343742452975,,False,True,,0,0,False,False
r2_a_50iter,camera_crash_10,recovery_1_5,fcbccedd61424f1b85dcbf8f897f9754,de7593d76648450e947ba0c203dee1b0,1533151609.947025,13,5,889,propagated,defer,recover,1.0,0.48236024379730225,0.6434521675109863,0.03858881816267967,0.0,0.9832852482795715,1.0,0.7007356286048889,"[0.0, 0.0, 3.438047144754819e-07, 0.0, 0.9999996423721313, 0.0]","[0.0, 0.0, 0.0, 0.9999375343322754, 0.000693760986905545, 0.0]","[-21.15667724609375, -28.920440673828125, -2.7305755615234375]","[-20.48847007751465, -29.543272018432617, -2.8221282958984375]","[633.2911376953125, 1650.2244873046875, 0.999970555305481]","[-21.15667724609375, -28.920440673828125, -2.7305755615234375]",pedestrian,0.013959754258394241,False,False,-1,False,True,True,False,False,False,True,29,-1,False,False,False,False,,,False,5.773496370012737,,False,True,,1,0,False,False
r2_a_50iter,camera_crash_10,recovery_1_5,fcbccedd61424f1b85dcbf8f897f9754,de7593d76648450e947ba0c203dee1b0,1533151609.947025,13,5,892,propagated,defer,defer,1.0,0.36319905519485474,0.0,0.0,0.0,0.9713722467422485,1.0,0.7042860388755798,"[0.0, 0.0, 0.0, 0.0, 0.0, 0.0]","[0.0, 0.0, 0.0, 0.9999803304672241, 2.0405408918122703e-08, 0.0]","[-19.6817626953125, -32.239532470703125, -2.9878177642822266]","[-18.516441345214844, -32.54314422607422, -2.9417526721954346]","[629.7225341796875, 1650.6318359375, 1.0396183729171753]","[-19.6817626953125, -32.239532470703125, -2.9878177642822266]",pedestrian,0.040176279842853546,False,False,-1,False,True,True,False,False,False,True,30,-1,False,False,False,False,,,False,6.483470679844569,,False,True,,0,0,False,False
r2_a_50iter,camera_crash_10,recovery_1_5,fcbccedd61424f1b85dcbf8f897f9754,de7593d76648450e947ba0c203dee1b0,1533151609.947025,13,5,894,propagated,defer,defer,4.0,0.3664294481277466,0.0,0.0,0.0,0.9997354745864868,1.0,0.6775087118148804,"[0.0, 0.0, 0.0, 0.0, 0.0, 0.0]","[0.0, 0.0, 0.0, 0.999953031539917, 5.626016347656032e-24, 0.0]","[-12.19146728515625, -39.67950439453125, -2.951435089111328]","[-12.194061279296875, -40.018760681152344, -2.864950656890869]","[619.942626953125, 1650.548095703125, 1.4976609945297241]","[-12.229145050048828, -39.951560974121094, -2.951435089111328]",pedestrian,0.09787489473819733,False,False,98,True,True,True,False,False,False,True,31,-1,False,False,False,False,,,False,4.0133326730307965,,False,True,,0,0,False,False
r2_a_50iter,camera_crash_10,recovery_1_5,fcbccedd61424f1b85dcbf8f897f9754,f753d3f87e5b40af87ff2cbf7c8e7082,1533151610.446899,14,5,2,base,defer,defer,0.0,0.36108654737472534,0.0,0.0,0.0,0.0,1.0,0.7483319640159607,"[0.0, 0.0, 0.0, 0.0, 0.0, 0.0]","[0.0, 0.0, 0.0, 0.9999411106109619, 3.044279694459412e-32, 0.0]","[0.0, 0.0, 0.0]","[-10.267658233642578, -47.119266510009766, -3.121641159057617]","[614.7813110351562, 1652.29150390625, 1.6934517621994019]","[0.0, 0.0, 0.0]",pedestrian,0.1213332861661911,False,False,50,True,False,False,False,False,True,True,-1,-1,False,False,False,True,2b5c84ef9b6e417aabc0ee048e3c4ca0,pedestrian,True,1.5339848625954426,0.5852629134132408,True,False,,0,0,False,False
r2_a_50iter,camera_crash_10,recovery_1_5,fcbccedd61424f1b85dcbf8f897f9754,f753d3f87e5b40af87ff2cbf7c8e7082,1533151610.446899,14,5,10,base,defer,defer,0.0,0.49249523878097534,0.0,0.0,0.0,0.0,1.0,0.6954126358032227,"[0.0, 0.0, 0.0, 0.0, 0.0, 0.0]","[0.0, 0.0, 0.0, 0.9999639987945557, 0.0, 4.451818848335625e-20]","[0.0, 0.0, 0.0]","[6.246345520019531, -20.319015502929688, -1.7953026294708252]","[624.8275756835938, 1622.433349609375, 1.1578221321105957]","[0.0, 0.0, 0.0]",pedestrian,0.6748812794685364,False,False,0,True,False,False,False,False,True,True,-1,-1,True,True,True,True,135bbe9c408f42dc8731b501122e9973,pedestrian,True,0.945558714075052,0.3018807900637683,True,False,14,0,0,True,False
r2_a_50iter,camera_crash_10,recovery_1_5,fcbccedd61424f1b85dcbf8f897f9754,f753d3f87e5b40af87ff2cbf7c8e7082,1533151610.446899,14,5,13,base,defer,defer,0.0,0.3594609797000885,0.0,0.0,0.0,0.0,1.0,0.7354791164398193,"[0.0, 0.0, 0.0, 0.0, 0.0, 0.0]","[0.0, 0.0, 0.0, 0.9999139308929443, 0.0, 1.2971168738301155e-32]","[0.0, 0.0, 0.0]","[6.593589782714844, -42.51390075683594, -2.6067821979522705]","[607.5421142578125, 1636.3739013671875, 1.6738044023513794]","[0.0, 0.0, 0.0]",pedestrian,0.08359541743993759,False,False,112,True,False,False,False,False,True,True,-1,-1,False,False,False,False,,,False,2.117589398969345,,False,True,,0,0,False,False
r2_a_50iter,camera_crash_10,recovery_1_5,fcbccedd61424f1b85dcbf8f897f9754,f753d3f87e5b40af87ff2cbf7c8e7082,1533151610.446899,14,5,20,base,defer,defer,0.0,0.3121938705444336,0.0,0.0,0.0,0.0,1.0,0.7153756618499756,"[0.0, 0.0, 0.0, 0.0, 0.0, 0.0]","[0.0, 0.0, 0.0, 0.999984860420227, 3.4074023460561875e-06, 0.0]","[0.0, 0.0, 0.0]","[-17.22568130493164, -27.38545036315918, -2.7791123390197754]","[634.3922729492188, 1645.0235595703125, 0.9579063653945923]","[0.0, 0.0, 0.0]",pedestrian,0.1170387864112854,False,False,55,True,False,False,False,False,True,True,-1,-1,False,False,False,False,,,False,2.374315748043921,,False,True,,2,0,False,False
r2_a_50iter,camera_crash_10,recovery_1_5,fcbccedd61424f1b85dcbf8f897f9754,f753d3f87e5b40af87ff2cbf7c8e7082,1533151610.446899,14,5,44,base,defer,defer,0.0,0.4119493365287781,0.0,0.0,0.0,0.0,1.0,0.6819030046463013,"[0.0, 0.0, 0.0, 0.0, 0.0, 0.0]","[0.0, 0.0, 0.0, 0.9999828338623047, 1.2491334928199649e-05, 0.0]","[0.0, 0.0, 0.0]","[-19.55658531188965, -30.473955154418945, -3.051243782043457]","[633.5039672851562, 1648.799072265625, 0.9071081876754761]","[0.0, 0.0, 0.0]",pedestrian,0.10775592178106308,False,False,63,True,False,False,False,False,True,True,-1,-1,False,False,False,False,,,False,4.455868563996528,,False,True,,1,0,False,False
r2_a_50iter,camera_crash_10,recovery_1_5,fcbccedd61424f1b85dcbf8f897f9754,f753d3f87e5b40af87ff2cbf7c8e7082,1533151610.446899,14,5,50,base,defer,defer,0.0,0.36704206466674805,0.0,0.0,0.0,0.0,1.0,0.769568920135498,"[0.0, 0.0, 0.0, 0.0, 0.0, 0.0]","[0.0, 0.0, 0.0, 0.9999372959136963, 1.2253523008639417e-34, 0.0]","[0.0, 0.0, 0.0]","[-9.612144470214844, -48.785526275634766, -3.1603002548217773]","[613.08154296875, 1652.853515625, 1.7448023557662964]","[0.0, 0.0, 0.0]",pedestrian,0.12446913123130798,False,False,47,True,False,False,False,False,True,True,-1,-1,False,False,False,False,,,False,2.6984374468262033,,False,True,,0,0,False,False
r2_a_50iter,camera_crash_10,recovery_1_5,fcbccedd61424f1b85dcbf8f897f9754,f753d3f87e5b40af87ff2cbf7c8e7082,1533151610.446899,14,5,123,base,defer,defer,0.0,0.31004735827445984,0.0,0.0,0.0,0.0,1.0,0.646727442741394,"[0.0, 0.0, 0.0, 0.0, 0.0, 0.0]","[0.0, 0.0, 0.0, 0.9999734163284302, 9.285561685876131e-13, 0.0]","[0.0, 0.0, 0.0]","[-13.720836639404297, -28.651914596557617, -2.446122407913208]","[631.1890869140625, 1643.1229248046875, 1.3127349615097046]","[0.0, 0.0, 0.0]",pedestrian,0.12394636869430542,False,False,48,True,False,False,False,False,True,True,-1,-1,True,True,True,True,0af15fef1ea54711846a22c13ab87a73,pedestrian,True,1.6508929193551702,0.23279492584828432,True,False,14,0,0,True,False
r2_a_50iter,camera_crash_10,recovery_1_5,fcbccedd61424f1b85dcbf8f897f9754,f753d3f87e5b40af87ff2cbf7c8e7082,1533151610.446899,14,5,162,base,defer,defer,0.0,0.4567074179649353,0.0,0.0,0.0,0.0,1.0,0.6969008445739746,"[0.0, 0.0, 0.0, 0.0, 0.0, 0.0]","[0.0, 0.0, 0.0, 0.9999591112136841, 0.0, 2.4979796794399715e-22]","[0.0, 0.0, 0.0]","[6.017799377441406, -21.831043243408203, -1.8450169563293457]","[623.8116455078125, 1623.5765380859375, 1.2023792266845703]","[0.0, 0.0, 0.0]",pedestrian,0.2184259593486786,False,False,20,True,False,False,False,False,True,True,-1,-1,True,True,True,True,78fc00fbc8fa4c8ba304d3165d719b92,pedestrian,True,0.12195016578726497,0.47945303968105124,True,False,14,0,0,True,False
r2_a_50iter,camera_crash_10,recovery_1_5,fcbccedd61424f1b85dcbf8f897f9754,f753d3f87e5b40af87ff2cbf7c8e7082,1533151610.446899,14,5,195,base,defer,defer,0.0,0.37263014912605286,0.0,0.0,0.0,0.0,1.0,0.6712473630905151,"[0.0, 0.0, 0.0, 0.0, 0.0, 0.0]","[0.0, 0.0, 0.0, 0.9999622106552124, 0.0, 2.4220444083308273e-21]","[0.0, 0.0, 0.0]","[6.420654296875, -22.27362060546875, -1.9184165000915527]","[623.21142578125, 1623.55322265625, 1.1495177745819092]","[0.0, 0.0, 0.0]",pedestrian,0.3967200815677643,False,False,4,True,False,False,False,False,True,True,-1,-1,True,True,True,True,78fc00fbc8fa4c8ba304d3165d719b92,pedestrian,True,0.5794518459742624,0.43898723510568677,True,False,14,0,0,True,False
r2_a_50iter,camera_crash_10,recovery_1_5,fcbccedd61424f1b85dcbf8f897f9754,f753d3f87e5b40af87ff2cbf7c8e7082,1533151610.446899,14,5,237,base,defer,defer,0.0,0.386305034160614,0.0,0.0,0.0,0.0,1.0,0.7245847582817078,"[0.0, 0.0, 0.0, 0.0, 0.0, 0.0]","[0.0, 0.0, 0.0, 0.9999655485153198, 0.0, 5.577048889690545e-17]","[0.0, 0.0, 0.0]","[7.172111511230469, -20.279586791992188, -1.8198492527008057]","[624.264404296875, 1621.6982421875, 1.116830825805664]","[0.0, 0.0, 0.0]",pedestrian,0.3997122049331665,False,False,3,True,False,False,False,False,True,True,-1,-1,True,True,True,True,4d6aa69d243546859c9cd3081c2ca101,pedestrian,True,0.699426003112236,0.4306139592723233,True,False,14,0,0,True,False
r2_a_50iter,camera_crash_10,recovery_1_5,fcbccedd61424f1b85dcbf8f897f9754,f753d3f87e5b40af87ff2cbf7c8e7082,1533151610.446899,14,5,314,base,defer,defer,0.0,0.3993868827819824,0.0,0.0,0.0,0.0,1.0,0.7342331409454346,"[0.0, 0.0, 0.0, 0.0, 0.0, 0.0]","[0.0, 0.0, 0.0, 0.9999749660491943, 9.814120870144105e-12, 0.0]","[0.0, 0.0, 0.0]","[-14.990699768066406, -30.113088607788086, -2.5939769744873047]","[630.8750610351562, 1645.0384521484375, 1.2721799612045288]","[0.0, 0.0, 0.0]",pedestrian,0.10325891524553299,False,False,67,True,False,False,False,False,True,True,-1,-1,False,False,False,True,081c19290123437ba6a3617344bbb55d,pedestrian,True,1.2681633284772993,1.0414007118066855,True,False,,0,0,True,False
r2_a_50iter,camera_crash_10,recovery_1_5,fcbccedd61424f1b85dcbf8f897f9754,f753d3f87e5b40af87ff2cbf7c8e7082,1533151610.446899,14,5,329,base,defer,defer,0.0,0.38338425755500793,0.0,0.0,0.0,0.0,1.0,0.8161281943321228,"[0.0, 0.0, 0.0, 0.0, 0.0, 0.0]","[0.0, 0.0, 0.0, 0.9999309778213501, 1.557737505663663e-35, 0.0]","[0.0, 0.0, 0.0]","[-9.362106323242188, -49.36905288696289, -3.0919241905212402]","[612.4761352539062, 1653.0303955078125, 1.8442307710647583]","[0.0, 0.0, 0.0]",pedestrian,0.034122973680496216,False,False,-1,False,False,False,False,False,True,True,-1,-1,False,False,False,False,,,False,2.0813783490625637,,False,True,,0,0,False,False
r2_a_50iter,camera_crash_10,recovery_1_5,fcbccedd61424f1b85dcbf8f897f9754,f753d3f87e5b40af87ff2cbf7c8e7082,1533151610.446899,14,5,467,base,defer,defer,0.0,0.27243971824645996,0.0,0.0,0.0,0.0,1.0,0.6937194466590881,"[0.0, 0.0, 0.0, 0.0, 0.0, 0.0]","[0.0, 0.0, 0.0, 0.9999698400497437, 0.0, 2.9566828601108208e-18]","[0.0, 0.0, 0.0]","[7.108013153076172, -21.36549949645996, -1.9619174003601074]","[623.4668579101562, 1622.44775390625, 1.0411441326141357]","[0.0, 0.0, 0.0]",pedestrian,0.006256662774831057,False,False,-1,False,False,False,False,False,True,True,-1,-1,True,True,True,True,2c9deea58db742879c21342d4685e0ce,pedestrian,True,0.49929497724917693,0.7487195937888931,True,False,14,0,0,True,False
r2_a_50iter,camera_crash_10,recovery_1_5,fcbccedd61424f1b85dcbf8f897f9754,f753d3f87e5b40af87ff2cbf7c8e7082,1533151610.446899,14,5,490,base,defer,defer,0.0,0.3101300597190857,0.0,0.0,0.0,0.0,1.0,0.8068674206733704,"[0.0, 0.0, 0.0, 0.0, 0.0, 0.0]","[0.0, 0.0, 0.0, 0.9999178647994995, 0.0, 2.332969352491568e-23]","[0.0, 0.0, 0.0]","[11.078044891357422, -44.034236907958984, -2.771010398864746]","[603.4990234375, 1633.90771484375, 1.53264582157135]","[0.0, 0.0, 0.0]",pedestrian,0.0585712306201458,False,False,212,True,False,False,False,False,True,True,-1,-1,False,False,False,False,,,False,3.2509066409407925,,False,True,,0,0,False,False
r2_a_50iter,camera_crash_10,recovery_1_5,fcbccedd61424f1b85dcbf8f897f9754,f753d3f87e5b40af87ff2cbf7c8e7082,1533151610.446899,14,5,530,base,defer,defer,0.0,0.31473153829574585,0.0,0.0,0.0,0.0,1.0,0.716903567314148,"[0.0, 0.0, 0.0, 0.0, 0.0, 0.0]","[0.0, 0.0, 0.0, 0.999950647354126, 4.869166530500371e-25, 0.0]","[0.0, 0.0, 0.0]","[-12.471305847167969, -42.78266525268555, -3.0028464794158936]","[619.5242309570312, 1651.2103271484375, 1.5855447053909302]","[0.0, 0.0, 0.0]",pedestrian,0.019096605479717255,False,False,-1,False,False,False,False,False,True,True,-1,-1,False,False,False,False,,,False,3.959112412639235,,False,True,,0,0,False,False
r2_a_50iter,camera_crash_10,recovery_1_5,fcbccedd61424f1b85dcbf8f897f9754,f753d3f87e5b40af87ff2cbf7c8e7082,1533151610.446899,14,5,551,base,defer,defer,0.0,0.38986027240753174,0.0,0.0,0.0,0.0,1.0,0.7191306352615356,"[0.0, 0.0, 0.0, 0.0, 0.0, 0.0]","[0.0, 0.0, 0.0, 0.999975323677063, 1.092837556559978e-10, 0.0]","[0.0, 0.0, 0.0]","[-17.474632263183594, -33.7446403503418, -2.8824615478515625]","[629.6674194335938, 1649.2789306640625, 1.239965796470642]","[0.0, 0.0, 0.0]",pedestrian,0.0483071468770504,False,False,-1,False,False,False,False,False,True,True,-1,-1,False,False,False,False,,,False,5.2689687364763955,,False,True,,0,0,False,False
r2_a_50iter,camera_crash_10,recovery_1_5,fcbccedd61424f1b85dcbf8f897f9754,f753d3f87e5b40af87ff2cbf7c8e7082,1533151610.446899,14,5,567,base,defer,defer,0.0,0.4120016396045685,0.0,0.0,0.0,0.0,1.0,0.6550427675247192,"[0.0, 0.0, 0.0, 0.0, 0.0, 0.0]","[0.0, 0.0, 0.0, 0.9999717473983765, 1.8596285535771306e-12, 0.0]","[0.0, 0.0, 0.0]","[-13.025001525878906, -26.818880081176758, -2.26596736907959]","[632.156982421875, 1641.4093017578125, 1.3719847202301025]","[0.0, 0.0, 0.0]",pedestrian,0.577826201915741,False,False,1,True,False,False,False,False,True,True,-1,-1,True,True,True,True,0af15fef1ea54711846a22c13ab87a73,pedestrian,True,0.4274085354909357,0.14756486081437953,True,False,14,0,0,True,False
r2_a_50iter,camera_crash_10,recovery_1_5,fcbccedd61424f1b85dcbf8f897f9754,f753d3f87e5b40af87ff2cbf7c8e7082,1533151610.446899,14,5,587,base,defer,defer,0.0,0.43671444058418274,0.0,0.0,0.0,0.0,1.0,0.7228223085403442,"[0.0, 0.0, 0.0, 0.0, 0.0, 0.0]","[0.0, 0.0, 0.0, 0.9999737739562988, 9.338007657788694e-05, 0.0]","[0.0, 0.0, 0.0]","[-19.30228042602539, -28.88397216796875, -2.980121612548828]","[634.5640258789062, 1647.585205078125, 0.8788493871688843]","[0.0, 0.0, 0.0]",pedestrian,0.09913689643144608,False,False,75,True,False,False,False,False,True,True,-1,-1,False,False,False,False,,,False,3.9092693147125477,,False,True,,2,0,False,False
r2_a_50iter,camera_crash_10,recovery_1_5,fcbccedd61424f1b85dcbf8f897f9754,f753d3f87e5b40af87ff2cbf7c8e7082,1533151610.446899,14,5,602,base,defer,defer,0.0,0.4319677948951721,0.0,0.0,0.0,0.0,1.0,0.7293716073036194,"[0.0, 0.0, 0.0, 0.0, 0.0, 0.0]","[0.0, 0.0, 0.0, 0.999968409538269, 0.0, 3.839635918670083e-19]","[0.0, 0.0, 0.0]","[6.212554931640625, -19.28104019165039, -1.774226427078247]","[625.6466064453125, 1621.7957763671875, 1.117118000984192]","[0.0, 0.0, 0.0]",pedestrian,0.020658794790506363,False,False,-1,False,False,False,False,False,True,True,-1,-1,True,True,True,True,135bbe9c408f42dc8731b501122e9973,pedestrian,True,0.09307365307610223,0.4290502041595284,True,False,14,0,0,True,False
r2_a_50iter,camera_crash_10,recovery_1_5,fcbccedd61424f1b85dcbf8f897f9754,f753d3f87e5b40af87ff2cbf7c8e7082,1533151610.446899,14,5,612,base,defer,defer,0.0,0.305890828371048,0.0,0.0,0.0,0.0,1.0,0.6708102226257324,"[0.0, 0.0, 0.0, 0.0, 0.0, 0.0]","[0.0, 0.0, 0.0, 0.9999690055847168, 1.9672916182385258e-14, 0.0]","[0.0, 0.0, 0.0]","[-12.452320098876953, -27.761293411254883, -2.2898035049438477]","[631.0663452148438, 1641.5721435546875, 1.3959792852401733]","[0.0, 0.0, 0.0]",pedestrian,0.08916965126991272,False,False,95,True,False,False,False,False,True,True,-1,-1,True,True,True,True,0af15fef1ea54711846a22c13ab87a73,pedestrian,True,0.6966606411740017,0.24707967973839637,True,False,14,0,0,True,False
r2_a_50iter,camera_crash_10,recovery_1_5,fcbccedd61424f1b85dcbf8f897f9754,f753d3f87e5b40af87ff2cbf7c8e7082,1533151610.446899,14,5,697,propagated,defer,defer,0.0,0.3371576964855194,0.0,0.0,0.0,0.9911808967590332,1.0,0.7376519441604614,"[0.0, 0.0, 0.0, 0.9999989867210388, 0.0, 9.780832215255941e-07]","[0.0, 0.0, 0.0, 0.999970555305481, 0.0, 1.181149741569243e-06]","[8.8466796875, -16.5252685546875, -1.6469173431396484]","[9.360179901123047, -16.453998565673828, -1.6067931652069092]","[625.8076171875, 1617.56494140625, 1.0666379928588867]","[8.838619232177734, -16.042570114135742, -1.6469173431396484]",pedestrian,0.0197626743465662,False,False,-1,False,False,True,False,False,False,True,6,-1,False,False,False,False,,,False,2.215329349451462,,False,True,,0,0,False,False
r2_a_50iter,camera_crash_10,recovery_1_5,fcbccedd61424f1b85dcbf8f897f9754,f753d3f87e5b40af87ff2cbf7c8e7082,1533151610.446899,14,5,741,propagated,defer,keep,0.0,0.39490586519241333,0.0,0.0,0.0,0.9715177416801453,1.0,0.6628724932670593,"[0.0, 0.0, 0.07434843480587006, 0.1947653591632843, 0.7308861613273621, 0.0]","[0.0, 0.0, 0.0, 0.9999668598175049, 9.748440061230212e-05, 0.0]","[-15.85980224609375, -22.757965087890625, -2.4356956481933594]","[-16.097034454345703, -23.93153190612793, -2.5417428016662598]","[636.3292236328125, 1641.9400634765625, 0.9704389572143555]","[-15.85980224609375, -22.757965087890625, -2.4356956481933594]",pedestrian,0.020343421027064323,False,False,-1,False,False,True,False,False,False,True,18,-1,False,False,False,False,,,False,4.48374761762654,,False,True,,5,0,False,False
r2_a_50iter,camera_crash_10,recovery_1_5,fcbccedd61424f1b85dcbf8f897f9754,f753d3f87e5b40af87ff2cbf7c8e7082,1533151610.446899,14,5,746,propagated,defer,defer,0.0,0.3978021740913391,0.0,0.0,0.0,0.9959258437156677,1.0,0.7529084086418152,"[0.0, 0.0, 0.0, 1.0, 3.159598236414209e-35, 0.0]","[0.0, 0.0, 0.0, 0.9999418258666992, 8.233202180709983e-36, 0.0]","[-9.07928466796875, -49.629638671875, -3.5460662841796875]","[-9.474983215332031, -50.624229431152344, -3.3594021797180176]","[611.5753784179688, 1653.931640625, 1.6542707681655884]","[-9.10960578918457, -50.43507766723633, -3.5460662841796875]",pedestrian,0.009758754633367062,False,False,-1,False,False,False,False,False,True,True,-1,-1,False,False,False,True,82a62ee4c5bc4e44a889b406e868444d,pedestrian,True,1.4268925086827273,0.607886749820495,True,False,,0,0,False,False
r2_a_50iter,camera_crash_10,recovery_1_5,fcbccedd61424f1b85dcbf8f897f9754,f753d3f87e5b40af87ff2cbf7c8e7082,1533151610.446899,14,5,760,propagated,defer,defer,0.0,0.32215067744255066,0.0,0.0,0.0,0.978545606136322,1.0,0.7731190323829651,"[0.0, 0.0, 0.0, 1.0, 1.1812870200435322e-20, 0.0]","[0.0, 0.0, 0.0, 0.9999728202819824, 9.803572686166469e-23, 0.0]","[-8.181640625, -24.184356689453125, -2.2063446044921875]","[-8.261680603027344, -25.22259521484375, -2.1995575428009033]","[630.335693359375, 1636.7281494140625, 1.2698382139205933]","[-8.181640625, -24.184356689453125, -2.2063446044921875]",pedestrian,0.024784253910183907,False,False,-1,False,False,True,False,False,False,True,4,-1,True,True,True,True,492dd3a15f894562b56ba7a00b39e47b,pedestrian,True,0.4699639750420902,0.7548263266704472,True,False,14,0,0,True,False
r2_a_50iter,camera_crash_10,recovery_1_5,fcbccedd61424f1b85dcbf8f897f9754,f753d3f87e5b40af87ff2cbf7c8e7082,1533151610.446899,14,5,769,propagated,defer,keep,0.0,0.48041999340057373,0.0,0.0,0.0,0.9959428906440735,1.0,0.6949384808540344,"[0.0, 0.0, 0.06553949415683746, 0.19290733337402344, 0.7415531277656555, 0.0]","[0.0, 0.0, 0.0, 0.999974250793457, 7.016565359663218e-05, 0.0]","[-19.1871337890625, -28.119171142578125, -2.860218048095703]","[-18.940757751464844, -28.496610641479492, -2.870537757873535]","[634.6339111328125, 1647.0548095703125, 0.9594732522964478]","[-19.1871337890625, -28.119171142578125, -2.860218048095703]",pedestrian,0.01810891181230545,False,False,-1,False,False,True,False,False,False,True,17,-1,False,False,False,False,,,False,3.568622601877292,,False,True,,2,0,False,False
r2_a_50iter,camera_crash_10,recovery_1_5,fcbccedd61424f1b85dcbf8f897f9754,f753d3f87e5b40af87ff2cbf7c8e7082,1533151610.446899,14,5,832,propagated,defer,defer,0.0,0.40825310349464417,0.0,0.0,0.0,0.9563615918159485,1.0,0.756417453289032,"[0.0, 0.0, 0.0, 1.0, 3.3495897722168877e-10, 0.0]","[0.0, 0.0, 0.0, 0.9999748468399048, 1.043128474223498e-12, 0.0]","[-12.08575439453125, -24.178192138671875, -2.2950477600097656]","[-12.306617736816406, -25.528696060180664, -2.2363061904907227]","[632.6884155273438, 1640.032470703125, 1.3132438659667969]","[-11.825389862060547, -24.115922927856445, -2.2950477600097656]",pedestrian,0.01938210427761078,False,False,-1,False,False,True,False,False,False,True,13,-1,True,True,True,True,dbed4cee903546d5b402f9ace1d3f399,pedestrian,True,1.7011831761781908,0.6641480188332268,True,False,14,0,0,True,False
r2_a_50iter,camera_crash_10,recovery_1_5,fcbccedd61424f1b85dcbf8f897f9754,f753d3f87e5b40af87ff2cbf7c8e7082,1533151610.446899,14,5,850,propagated,defer,defer,0.0,0.32384639978408813,0.0,0.0,0.0,0.9171867370605469,1.0,0.757199764251709,"[0.0, 0.0, 0.0, 1.0, 2.1658538569008203e-37, 0.0]","[0.0, 0.0, 0.0, 0.9999455213546753, 3.861597593863103e-36, 0.0]","[-9.33587646484375, -52.44415283203125, -3.669271469116211]","[-9.445411682128906, -51.19902420043945, -3.470085620880127]","[611.1112670898438, 1654.2813720703125, 1.577823281288147]","[-9.40287971496582, -53.26801681518555, -3.669271469116211]",pedestrian,0.0039632986299693584,False,False,-1,False,False,False,False,False,True,True,-1,-1,False,False,False,True,82a62ee4c5bc4e44a889b406e868444d,pedestrian,True,1.3574801480505958,0.6474481456368787,True,False,,0,0,False,False
r2_a_50iter,camera_crash_10,recovery_1_5,fcbccedd61424f1b85dcbf8f897f9754,f753d3f87e5b40af87ff2cbf7c8e7082,1533151610.446899,14,5,855,propagated,defer,defer,0.0,0.3729107677936554,0.0,0.0,0.0,0.996130645275116,1.0,0.6892588138580322,"[0.0, 0.0, 0.0, 1.0, 2.6680279513469074e-11, 0.0]","[0.0, 0.0, 0.0, 0.999971866607666, 4.0908647454783453e-13, 0.0]","[-13.431396484375, -27.2506103515625, -2.3917102813720703]","[-13.3843994140625, -28.349071502685547, -2.386406183242798]","[631.2083129882812, 1642.668212890625, 1.34903883934021]","[-13.430168151855469, -27.911211013793945, -2.3917102813720703]",pedestrian,0.01875542476773262,False,False,-1,False,False,True,False,False,False,True,0,-1,True,True,True,True,0af15fef1ea54711846a22c13ab87a73,pedestrian,True,1.2258842136181065,0.28304837936414007,True,False,14,0,0,True,False
r2_a_50iter,camera_crash_10,recovery_1_5,fcbccedd61424f1b85dcbf8f897f9754,f753d3f87e5b40af87ff2cbf7c8e7082,1533151610.446899,14,5,863,propagated,defer,keep,0.0,0.4672045409679413,0.0,0.0,0.0,0.9862037897109985,1.0,0.7154728770256042,"[0.0, 0.0, 0.059749435633420944, 0.1783394068479538, 0.761911153793335, 0.0]","[0.0, 0.0, 0.0, 0.9999678134918213, 0.00017088474123738706, 0.0]","[-20.7227783203125, -29.393585205078125, -2.9926013946533203]","[-20.32126235961914, -30.123071670532227, -3.027912139892578]","[634.2635498046875, 1649.1612548828125, 0.9210184812545776]","[-20.7227783203125, -29.393585205078125, -2.9926013946533203]",pedestrian,0.013996039517223835,False,False,-1,False,False,False,False,False,True,True,-1,-1,False,False,False,False,,,False,5.0804824675987375,,False,True,,4,0,False,False
r2_a_50iter,camera_crash_10,recovery_1_5,fcbccedd61424f1b85dcbf8f897f9754,f753d3f87e5b40af87ff2cbf7c8e7082,1533151610.446899,14,5,870,propagated,defer,keep,0.0,0.48619353771209717,0.0,0.0,0.0,0.9876466393470764,1.0,0.7165589928627014,"[0.0, 0.0, 0.05219656229019165, 0.18087002635002136, 0.7669333815574646, 0.0]","[0.0, 0.0, 0.0, 0.9999697208404541, 0.0001412298297509551, 0.0]","[-21.17120361328125, -30.417266845703125, -3.0326194763183594]","[-20.943105697631836, -31.17122459411621, -3.0647778511047363]","[633.8558349609375, 1650.309814453125, 0.9565786123275757]","[-21.17120361328125, -30.417266845703125, -3.0326194763183594]",pedestrian,0.01414929423481226,False,False,-1,False,False,False,False,False,True,True,-1,-1,False,False,False,False,,,False,6.00113047920655,,False,True,,4,0,False,False
r2_a_50iter,camera_crash_10,recovery_1_5,fcbccedd61424f1b85dcbf8f897f9754,f753d3f87e5b40af87ff2cbf7c8e7082,1533151610.446899,14,5,878,propagated,defer,defer,0.0,0.362544447183609,0.0,0.0,0.0,0.9810900092124939,1.0,0.741805374622345,"[0.0, 0.0, 0.0, 0.9999995827674866, 4.5368366841103125e-07, 0.0]","[0.0, 0.0, 0.0, 0.9999816417694092, 1.1767456342681726e-08, 0.0]","[-18.48309326171875, -32.08319091796875, -3.068643569946289]","[-18.61846923828125, -33.05043029785156, -3.042715549468994]","[630.926513671875, 1649.7225341796875, 1.0558363199234009]","[-18.48309326171875, -32.08319091796875, -3.068643569946289]",pedestrian,0.003975317347794771,False,False,-1,False,False,False,False,False,True,True,-1,-1,False,False,False,False,,,False,5.261849370630639,,False,True,,0,0,False,False
r2_a_50iter,camera_crash_10,recovery_1_5,fcbccedd61424f1b85dcbf8f897f9754,f753d3f87e5b40af87ff2cbf7c8e7082,1533151610.446899,14,5,899,propagated,defer,defer,0.0,0.43694427609443665,0.0,0.0,0.0,0.9856542348861694,1.0,0.7228708267211914,"[0.0, 0.0, 0.0, 1.0, 0.0, 1.4299612128402265e-19]","[0.0, 0.0, 0.0, 0.9999582767486572, 0.0, 4.456051343314158e-22]","[7.43890380859375, -24.19244384765625, -2.126384735107422]","[7.047618865966797, -25.53925895690918, -2.1050381660461426]","[620.297119140625, 1625.1654052734375, 1.1495531797409058]","[7.463157653808594, -24.798072814941406, -2.126384735107422]",pedestrian,0.021961724385619164,False,False,-1,False,False,True,False,False,False,True,3,-1,True,True,False,True,1bf77b2cec7b435593052cad0182316c,pedestrian,True,1.5384709392070903,0.844913318280956,True,False,14,0,0,True,False
r2_a_50iter,camera_crash_10,recovery_1_5,fcbccedd61424f1b85dcbf8f897f9754,b22fa0b3c34f47b6a360b60f35d5d567,1533151610.946785,15,5,44,base,defer,defer,0.0,0.4418998062610626,0.0,0.0,0.0,0.0,1.0,0.6843669414520264,"[0.0, 0.0, 0.0, 0.0, 0.0, 0.0]","[0.0, 0.0, 0.0, 0.9999810457229614, 4.150786594436795e-07, 0.0]","[0.0, 0.0, 0.0]","[-18.476783752441406, -30.68582534790039, -2.8221399784088135]","[633.7227172851562, 1647.1759033203125, 0.9716696739196777]","[0.0, 0.0, 0.0]",pedestrian,0.17845825850963593,False,False,36,True,False,False,False,False,True,True,-1,-1,False,False,False,False,,,False,3.101070218869682,,False,True,,1,0,False,False
r2_a_50iter,camera_crash_10,recovery_1_5,fcbccedd61424f1b85dcbf8f897f9754,b22fa0b3c34f47b6a360b60f35d5d567,1533151610.946785,15,5,134,base,defer,defer,0.0,0.2729070484638214,0.0,0.0,0.0,0.0,1.0,0.6941362619400024,"[0.0, 0.0, 0.0, 0.0, 0.0, 0.0]","[0.0, 0.0, 0.0, 0.9999594688415527, 0.0, 2.745410343507615e-09]","[0.0, 0.0, 0.0]","[8.996715545654297, -17.89583969116211, -1.5902729034423828]","[626.0098266601562, 1617.843505859375, 1.1016905307769775]","[0.0, 0.0, 0.0]",pedestrian,0.07203115522861481,False,False,133,True,False,False,False,False,True,True,-1,-1,False,False,False,False,,,False,2.6019950328881865,,False,True,,4,0,False,False
r2_a_50iter,camera_crash_10,recovery_1_5,fcbccedd61424f1b85dcbf8f897f9754,b22fa0b3c34f47b6a360b60f35d5d567,1533151610.946785,15,5,537,base,defer,defer,0.0,0.3141426742076874,0.0,0.0,0.0,0.0,1.0,0.6530663967132568,"[0.0, 0.0, 0.0, 0.0, 0.0, 0.0]","[0.0, 0.0, 0.0, 0.9999523162841797, 1.5928149641256106e-15, 0.0]","[0.0, 0.0, 0.0]","[-13.332950592041016, -31.2093448638916, -2.2406225204467773]","[630.0494384765625, 1643.5301513671875, 1.5073126554489136]","[0.0, 0.0, 0.0]",pedestrian,0.16490140557289124,False,False,40,True,False,False,False,False,True,True,-1,-1,False,False,False,False,,,False,2.0238661144350107,,False,True,,0,0,False,False
r2_a_50iter,camera_crash_10,recovery_1_5,fcbccedd61424f1b85dcbf8f897f9754,b22fa0b3c34f47b6a360b60f35d5d567,1533151610.946785,15,5,612,base,defer,defer,0.0,0.3889939785003662,0.0,0.0,0.0,0.0,1.0,0.6736164689064026,"[0.0, 0.0, 0.0, 0.0, 0.0, 0.0]","[0.0, 0.0, 0.0, 0.9999556541442871, 7.207849628670926e-16, 0.0]","[0.0, 0.0, 0.0]","[-12.132423400878906, -28.664138793945312, -2.1278491020202637]","[631.2396850585938, 1640.97802734375, 1.4622585773468018]","[0.0, 0.0, 0.0]",pedestrian,0.2694886326789856,False,False,21,True,False,False,False,False,True,True,-1,-1,True,True,True,True,5b661c6079224ec1ab4d5f5ca9b47b1e,pedestrian,True,0.5119231064602653,0.16262006141678953,True,False,15,0,0,True,False
r2_a_50iter,camera_crash_10,recovery_1_5,fcbccedd61424f1b85dcbf8f897f9754,b22fa0b3c34f47b6a360b60f35d5d567,1533151610.946785,15,5,668,propagated,defer,keep,0.0,0.5117557048797607,0.0,0.0,0.0,0.992758572101593,1.0,0.6597393751144409,"[0.053154610097408295, 0.0, 0.28479066491127014, 0.2293083220720291, 0.43274638056755066, 0.0]","[0.0, 0.0, 0.0, 0.9999806880950928, 7.458123945980333e-06, 0.0]","[-16.11712646484375, -25.07745361328125, -2.4936141967773438]","[-16.37603759765625, -25.621564865112305, -2.510852575302124]","[636.2780151367188, 1642.3150634765625, 0.9729151725769043]","[-16.11712646484375, -25.07745361328125, -2.4936141967773438]",pedestrian,0.040361497551202774,False,False,-1,False,False,True,False,False,False,True,18,-1,False,False,False,False,,,False,4.410687350700014,,False,True,,5,0,False,False
r2_a_50iter,camera_crash_10,recovery_1_5,fcbccedd61424f1b85dcbf8f897f9754,b22fa0b3c34f47b6a360b60f35d5d567,1533151610.946785,15,5,735,propagated,defer,defer,0.0,0.3769237995147705,0.0,0.0,0.0,0.9976845979690552,1.0,0.7225220203399658,"[0.0, 0.0, 0.0, 1.0, 0.0, 2.775147788646674e-22]","[0.0, 0.0, 0.0, 0.9999412298202515, 0.0, 5.864930761411268e-24]","[7.17926025390625, -26.5306396484375, -1.9984207153320312]","[6.858177185058594, -27.2949161529541, -2.0164895057678223]","[620.146240234375, 1625.505126953125, 1.225393533706665]","[7.178415775299072, -27.180797576904297, -1.9984207153320312]",pedestrian,0.020348187536001205,False,False,-1,False,False,True,False,False,False,True,3,-1,True,True,False,True,8db6abbc78394cb3aea7ee03fb8f47b8,pedestrian,True,1.713772440020401,0.910119792575347,True,False,15,0,0,False,False
r2_a_50iter,camera_crash_10,recovery_1_5,fcbccedd61424f1b85dcbf8f897f9754,b22fa0b3c34f47b6a360b60f35d5d567,1533151610.946785,15,5,778,propagated,defer,defer,0.0,0.3875013291835785,0.0,0.0,0.0,0.985666036605835,1.0,0.7656803727149963,"[0.0, 0.0, 0.0, 1.0, 6.02843086148828e-23, 0.0]","[0.0, 0.0, 0.0, 0.999962329864502, 1.8730383614361225e-26, 0.0]","[-7.9915771484375, -25.487579345703125, -2.1297969818115234]","[-7.390247344970703, -26.08582305908203, -2.080949068069458]","[630.1874389648438, 1635.68603515625, 1.2987911701202393]","[-7.991577625274658, -25.487577438354492, -2.1297969818115234]",pedestrian,0.03992103412747383,False,False,-1,False,False,True,False,False,False,True,4,-1,True,True,True,True,a99ef7b74b354895aa2c60a68b33e333,pedestrian,True,0.2511076372566499,0.22020053343445967,True,False,15,0,0,True,False
r2_a_50iter,camera_crash_10,recovery_1_5,fcbccedd61424f1b85dcbf8f897f9754,0a0d6b8c2e884134a3b48df43d54c36a,1533151611.446636,16,5,669,propagated,defer,defer,0.0,0.4505256712436676,0.0,0.0,0.0,0.9877861142158508,1.0,0.7204543948173523,"[0.0, 0.0, 0.0, 1.0, 1.407773561325735e-25, 0.0]","[0.0, 0.0, 0.0, 0.9999529123306274, 6.72754774076169e-29, 0.0]","[-7.84552001953125, -27.443450927734375, -1.962738037109375]","[-7.123783111572266, -27.750669479370117, -2.072462320327759]","[629.4225463867188, 1635.9423828125, 1.2437180280685425]","[-7.838095664978027, -27.447072982788086, -1.962738037109375]",pedestrian,0.0532899908721447,False,False,175,True,False,True,False,False,False,True,4,-1,True,True,True,True,26bff5d4630648b1b6098b9686ceb66d,pedestrian,True,0.7357192827788327,0.13285283076894652,True,False,16,0,0,True,False
r2_a_50iter,camera_crash_10,recovery_1_5,fcbccedd61424f1b85dcbf8f897f9754,0a0d6b8c2e884134a3b48df43d54c36a,1533151611.446636,16,5,676,propagated,defer,keep,0.0,0.5639255046844482,0.0,0.0,0.0,0.9990024566650391,1.0,0.6766945719718933,"[0.06269129365682602, 0.0, 0.23800481855869293, 0.29407796263694763, 0.4052259624004364, 0.0]","[0.0, 0.0, 0.0, 0.9999527931213379, 0.00022383173927664757, 0.0]","[-18.01800537109375, -26.132293701171875, -2.346254348754883]","[-17.839374542236328, -26.214712142944336, -2.452086925506592]","[637.4423217773438, 1643.2174072265625, 0.9551466703414917]","[-18.01800537109375, -26.132293701171875, -2.346254348754883]",pedestrian,0.04178953915834427,False,False,229,True,False,True,False,False,False,True,18,-1,False,False,False,False,,,False,2.9963063488519857,,False,True,,5,0,False,False
r2_a_50iter,camera_crash_10,recovery_1_5,fcbccedd61424f1b85dcbf8f897f9754,0a0d6b8c2e884134a3b48df43d54c36a,1533151611.446636,16,5,720,propagated,defer,defer,0.0,0.4565342962741852,0.0,0.0,0.0,0.9957162737846375,1.0,0.7314856648445129,"[0.0, 0.0, 0.0, 1.0, 0.0, 2.124464787075504e-25]","[0.0, 0.0, 0.0, 0.9999229907989502, 0.0, 1.0157397667529036e-26]","[5.72833251953125, -26.568359375, -1.7805347442626953]","[6.042167663574219, -27.532596588134766, -1.8642141819000244]","[621.1795043945312, 1625.6717529296875, 1.2368152141571045]","[5.674170017242432, -27.263858795166016, -1.7805347442626953]",pedestrian,0.019532961770892143,False,False,-1,False,False,True,False,False,False,True,3,-1,True,False,True,True,7f45ead871644fb4bb1c5122472a74ac,pedestrian,True,0.601105632541606,1.0141889127943176,True,False,16,0,0,True,False
r2_a_50iter,camera_crash_10,recovery_1_5,325cef682f064c55a255f2625c533b75,61a7bd24f88a46c2963280d8b13ac675,1538984239.948316,53,5,680,propagated,defer,recover,1.0,0.5437604188919067,1.219980239868164,0.043500833213329315,0.0,0.975051999092102,1.0,0.7629019021987915,"[0.08749540150165558, 0.0, 0.30805572867393494, 0.0, 0.6044489145278931, 0.0]","[0.0, 0.0, 0.0, 0.9999972581863403, 1.9223564962089768e-09, 0.0]","[-7.63262939453125, -14.509033203125, -1.6891403198242188]","[-7.567451477050781, -12.74285888671875, -1.580183506011963]","[716.5440063476562, 1787.528564453125, 1.1492030620574951]","[-7.687588691711426, -13.855027198791504, -1.6891403198242188]",pedestrian,0.056670501828193665,False,False,129,True,True,True,False,False,False,True,0,-1,False,False,False,True,293abeb43b2a439abcd4ff08b981eeb9,pedestrian,True,1.4249957337159664,0.2179269429619635,True,False,13,0,0,True,False
r2_a_50iter,camera_crash_10,recovery_1_5,325cef682f064c55a255f2625c533b75,61a7bd24f88a46c2963280d8b13ac675,1538984239.948316,53,5,737,propagated,defer,defer,4.0,0.3371410071849823,0.0,0.0,0.0,0.9883710145950317,1.0,0.6803755164146423,"[0.0, 0.0, 0.0, 0.0, 0.0, 0.0]","[0.0, 0.0, 0.0, 0.9999974966049194, 0.0, 0.0]","[4.25933837890625, -42.25341796875, -4.121513366699219]","[5.005889892578125, -42.09078598022461, -4.154149055480957]","[732.95166015625, 1815.0274658203125, 0.3637346029281616]","[4.259337425231934, -42.25341796875, -4.121513366699219]",car,0.0022212278563529253,False,False,-1,False,True,True,False,False,False,True,1,-1,False,False,False,False,,,False,7.287207964671558,,False,True,,0,0,False,False
r2_a_50iter,camera_crash_10,recovery_1_5,325cef682f064c55a255f2625c533b75,61a7bd24f88a46c2963280d8b13ac675,1538984239.948316,53,5,844,propagated,defer,defer,4.0,0.3173915445804596,0.0,0.0,0.0,0.9892298579216003,1.0,0.6807008981704712,"[0.0, 0.0, 0.0, 0.0, 0.0, 0.0]","[0.0, 0.0, 0.0, 0.9999973773956299, 0.0, 0.0]","[3.4505615234375, -41.66876220703125, -4.035976409912109]","[3.6396408081054688, -40.95765686035156, -4.038933753967285]","[732.8357543945312, 1813.25341796875, 0.42016589641571045]","[3.4505605697631836, -41.66876220703125, -4.035976409912109]",bicycle,0.0020271786488592625,False,False,-1,False,True,True,False,False,False,True,2,-1,False,False,False,False,,,False,6.724635639065021,,False,True,,0,0,False,False
r2_a_50iter,camera_crash_10,recovery_1_5,325cef682f064c55a255f2625c533b75,61a7bd24f88a46c2963280d8b13ac675,1538984239.948316,53,5,878,propagated,defer,defer,1.0,0.38582760095596313,0.0,0.0,0.0,0.9792739748954773,1.0,0.7832497358322144,"[0.0, 0.0, 0.0, 0.0, 0.0, 0.0]","[0.0, 0.0, 0.0, 0.9999932050704956, 1.680909352795137e-24, 0.0]","[-10.0009765625, -31.3092041015625, -2.8101730346679688]","[-9.587242126464844, -30.41643714904785, -2.52913761138916]","[732.0360717773438, 1796.319091796875, 1.388177752494812]","[-10.000977516174316, -31.3092041015625, -2.8101730346679688]",pedestrian,0.17937014997005463,False,False,40,True,True,True,False,False,False,True,3,-1,True,False,False,True,26ae4a920a9c4457909454cd8a84c959,pedestrian,True,1.1974375864087035,1.2098585452114272e-06,True,False,13,0,0,True,False
r2_a_50iter,camera_crash_10,recovery_1_5,325cef682f064c55a255f2625c533b75,61a7bd24f88a46c2963280d8b13ac675,1538984239.948316,53,5,881,propagated,defer,defer,1.0,0.2370007187128067,0.0,0.0,0.0,0.9740784764289856,1.0,0.7816277742385864,"[0.0, 0.0, 0.0, 0.0, 0.0, 0.0]","[0.0, 0.0, 0.0, 0.9999958276748657, 7.576403934295758e-15, 0.0]","[-13.306396484375, -30.7412109375, -2.9960060119628906]","[-13.581733703613281, -29.642454147338867, -2.822530508041382]","[733.78173828125, 1792.64404296875, 1.0912801027297974]","[-13.306397438049316, -30.7412109375, -2.9960060119628906]",pedestrian,0.04249683395028114,False,False,171,True,True,True,False,False,False,True,4,-1,False,False,False,True,0b4e0eb8ab06454d8904248794faa095,pedestrian,True,0.059242681767595645,1.1380806272284252e-06,True,False,,0,0,False,False
r2_a_50iter,camera_crash_10,recovery_1_5,325cef682f064c55a255f2625c533b75,609d5177362340458a3bfd4949cd1e64,1538984240.448191,54,5,13,base,defer,defer,0.0,0.31319883465766907,0.0,0.0,0.0,0.0,1.0,0.6914682388305664,"[0.0, 0.0, 0.0, 0.0, 0.0, 0.0]","[0.0, 0.0, 0.0, 0.9999957084655762, 0.0, 7.263629917204426e-37]","[0.0, 0.0, 0.0]","[6.378620147705078, -41.0263557434082, -3.568359375]","[733.4121704101562, 1809.8033447265625, 1.2326544523239136]","[0.0, 0.0, 0.0]",car,0.010737375356256962,False,False,-1,False,False,False,False,False,True,True,-1,-1,False,False,False,False,,,False,7.054782037463569,,False,True,,0,0,False,False
r2_a_50iter,camera_crash_10,recovery_1_5,325cef682f064c55a255f2625c533b75,609d5177362340458a3bfd4949cd1e64,1538984240.448191,54,5,23,base,defer,defer,0.0,0.3849439322948456,0.0,0.0,0.0,0.0,1.0,0.6393462419509888,"[0.0, 0.0, 0.0, 0.0, 0.0, 0.0]","[0.0, 0.0, 0.0, 0.9999947547912598, 0.0, 3.644311326093852e-28]","[0.0, 0.0, 0.0]","[10.121044158935547, -43.36531066894531, -3.5187816619873047]","[733.747802734375, 1814.19921875, 1.4388891458511353]","[0.0, 0.0, 0.0]",car,0.008120497688651085,False,False,-1,False,False,False,False,False,True,True,-1,-1,False,False,False,False,,,False,7.358717373805476,,False,True,,0,0,False,False
r2_a_50iter,camera_crash_10,recovery_1_5,325cef682f064c55a255f2625c533b75,609d5177362340458a3bfd4949cd1e64,1538984240.448191,54,5,683,propagated,defer,defer,0.0,0.39127615094184875,0.0,0.0,0.0,0.9849326014518738,1.0,0.7581598162651062,"[0.0, 0.0, 0.0, 1.0, 4.0371038426942047e-26, 0.0]","[0.0, 0.0, 0.0, 0.9999927282333374, 0.0, 0.0]","[-5.06585693359375, -32.35565185546875, -2.7249069213867188]","[-4.233131408691406, -32.572078704833984, -2.5876739025115967]","[730.7736206054688, 1796.464599609375, 1.6316317319869995]","[-5.065857410430908, -32.35565185546875, -2.7249069213867188]",pedestrian,0.020011737942695618,False,False,-1,False,False,True,False,False,False,True,3,-1,True,False,False,True,a146d0e0204643deb471d728e0243ddc,pedestrian,True,1.5375344659358021,1.4042810529320127e-06,True,False,14,0,0,True,False
r2_a_50iter,camera_crash_10,recovery_1_5,325cef682f064c55a255f2625c533b75,609d5177362340458a3bfd4949cd1e64,1538984240.448191,54,5,729,propagated,defer,defer,0.0,0.3014291226863861,0.0,0.0,0.0,0.9775633811950684,1.0,0.7840292453765869,"[0.0, 0.0, 0.0, 1.0, 2.761225594688759e-14, 0.0]","[0.0, 0.0, 0.0, 0.9999948740005493, 5.11216485173966e-28, 0.0]","[-10.2288818359375, -33.5809326171875, -3.1771583557128906]","[-9.184524536132812, -33.63475799560547, -2.9746148586273193]","[734.02734375, 1792.5751953125, 1.3450320959091187]","[-10.228882789611816, -33.5809326171875, -3.1771583557128906]",pedestrian,0.0024872347712516785,False,False,-1,False,False,False,False,False,True,True,-1,-1,False,False,False,True,32beeedcb9c44706802f47214e2c1d8f,pedestrian,True,0.30674984728768245,5.343031823969188e-07,True,False,,0,0,False,False
r2_a_50iter,camera_crash_10,recovery_1_5,325cef682f064c55a255f2625c533b75,609d5177362340458a3bfd4949cd1e64,1538984240.448191,54,5,877,propagated,defer,defer,0.0,0.3503758907318115,0.0,0.0,0.0,0.9948736429214478,1.0,0.7213631868362427,"[0.0, 0.0, 0.0, 0.9999997615814209, 2.2840953306513256e-07, 0.0]","[0.0, 0.0, 0.0, 0.9999943971633911, 1.1140081782927808e-18, 0.0]","[-6.57562255859375, -15.815673828125, -1.6367912292480469]","[-6.304962158203125, -15.368759155273438, -1.4600205421447754]","[716.4425048828125, 1786.6605224609375, 1.4956488609313965]","[-6.7546844482421875, -15.215537071228027, -1.6367912292480469]",pedestrian,0.004532719496637583,False,False,-1,False,False,False,False,False,True,True,-1,-1,False,False,False,True,50f20841589c4a7da2f67c96e2a6b25e,pedestrian,True,1.0498488881874453,0.37201868427288326,True,False,,0,0,True,False
r2_a_50iter,camera_crash_10,recovery_1_5,325cef682f064c55a255f2625c533b75,b1303058fa624645b753d7283d70de45,1538984240.947518,55,5,741,propagated,defer,keep,0.0,0.38542261719703674,0.0,0.0,0.0,0.9971557855606079,1.0,0.7609254121780396,"[0.0, 0.0, 0.0, 1.0, 2.0560080232031275e-27, 0.0]","[0.0, 0.0, 0.0, 0.9999908208847046, 0.0, 0.0]","[2.05841064453125, -32.95867919921875, -2.500865936279297]","[1.833038330078125, -33.237037658691406, -2.3819522857666016]","[729.2579345703125, 1795.980224609375, 1.7307372093200684]","[2.058410406112671, -32.95867919921875, -2.500865936279297]",pedestrian,0.016409073024988174,False,False,-1,False,False,True,False,False,False,True,3,-1,False,False,False,False,,,False,3.0542161337157263,,False,True,,0,0,False,False
r2_a_50iter,camera_crash_10,recovery_1_5,325cef682f064c55a255f2625c533b75,a19a80c905674faab7203a3a4e0f5246,1538984241.447959,56,5,736,propagated,defer,defer,0.0,0.26814064383506775,0.0,0.0,0.0,0.9969627857208252,1.0,0.7390458583831787,"[0.0, 0.0, 0.0, 1.0, 0.0, 0.0]","[0.0, 0.0, 0.0, 0.9999804496765137, 0.0, 1.0086586005196858e-30]","[7.54730224609375, -34.07373046875, -1.9234066009521484]","[7.188163757324219, -33.85858154296875, -1.8216090202331543]","[729.02099609375, 1794.8804931640625, 1.8110531568527222]","[7.4691548347473145, -34.10912322998047, -1.9234066009521484]",pedestrian,0.0030513880774378777,False,False,-1,False,False,False,False,False,True,True,-1,-1,False,False,False,False,,,False,15.19869029639232,,False,True,,0,0,False,False
r2_a_50iter,compound,recovery_1_5,fcbccedd61424f1b85dcbf8f897f9754,de7593d76648450e947ba0c203dee1b0,1533151609.947025,13,5,658,propagated,defer,recover,2.0,0.5867519974708557,1.2724885940551758,0.046543899923563004,0.0,0.9736045598983765,1.0,0.7250568866729736,"[0.36404746770858765, 0.23637577891349792, 0.0, 0.0, 0.0, 0.39957672357559204]","[0.0, 0.0, 0.0, 0.9999738931655884, 0.0, 3.8844780083338484e-16]","[5.47418212890625, -17.174407958984375, -1.7400989532470703]","[6.565074920654297, -17.73269271850586, -1.7301738262176514]","[625.068359375, 1621.8526611328125, 1.0936874151229858]","[5.4186882972717285, -17.580373764038086, -1.7400989532470703]",pedestrian,0.07775358855724335,False,False,153,True,True,True,False,False,False,True,0,-1,True,True,True,True,0e9b314c6a1f41189116b67fb257d8ba,pedestrian,True,0.8813770419491951,0.08662967615813197,True,False,13,0,0,True,False
r2_a_50iter,compound,recovery_1_5,fcbccedd61424f1b85dcbf8f897f9754,de7593d76648450e947ba0c203dee1b0,1533151609.947025,13,5,661,propagated,defer,recover,2.0,0.5369258522987366,1.9701433181762695,0.04295406863093376,0.0,0.9762958288192749,1.0,0.691874086856842,"[0.19911086559295654, 0.0, 0.3646276295185089, 0.0, 0.4362615644931793, 0.0]","[0.0, 0.0, 0.0, 0.9999734163284302, 2.4490617867023445e-11, 0.0]","[-13.60565185546875, -23.95184326171875, -2.145101547241211]","[-12.796913146972656, -25.129751205444336, -2.1651406288146973]","[631.7767333984375, 1641.4676513671875, 1.3091610670089722]","[-13.6496000289917, -24.442724227905273, -2.145101547241211]",pedestrian,0.06717005372047424,False,False,201,True,True,True,False,False,False,True,1,-1,True,True,True,True,84b1b1dde33e44bea0d99dc3094fd49a,pedestrian,True,0.46127596179913943,0.19163829288819806,True,False,13,0,0,True,False
r2_a_50iter,compound,recovery_1_5,fcbccedd61424f1b85dcbf8f897f9754,de7593d76648450e947ba0c203dee1b0,1533151609.947025,13,5,670,propagated,defer,defer,2.0,0.5388410091400146,0.0,0.0,0.0,0.9726237058639526,1.0,0.7568482756614685,"[0.0, 0.0, 0.0, 0.0, 0.0, 0.0]","[0.0, 0.0, 0.0, 0.9999507665634155, 6.40899362412953e-31, 0.0]","[-11.61163330078125, -45.040679931640625, -3.3801097869873047]","[-10.501216888427734, -45.60189437866211, -3.207429885864258]","[614.5626220703125, 1652.8304443359375, 1.4728437662124634]","[-11.66602611541748, -45.56583786010742, -3.3801097869873047]",pedestrian,0.29505643248558044,False,False,9,True,True,True,False,False,False,True,2,-1,False,False,False,False,,,False,2.467891592540302,,False,True,,0,0,False,False
r2_a_50iter,compound,recovery_1_5,fcbccedd61424f1b85dcbf8f897f9754,de7593d76648450e947ba0c203dee1b0,1533151609.947025,13,5,673,propagated,defer,recover,3.0,0.5284889936447144,0.912480354309082,0.042279116809368134,0.0,0.9781210422515869,1.0,0.728549599647522,"[3.0057156640315615e-26, 0.26753464341163635, 0.0, 0.0, 0.0, 0.7324653267860413]","[0.0, 0.0, 0.0, 0.9999731779098511, 0.0, 7.254413263169149e-19]","[5.34735107421875, -18.576568603515625, -1.8859176635742188]","[6.275337219238281, -19.254343032836914, -1.8394556045532227]","[624.0824584960938, 1623.0523681640625, 1.0789947509765625]","[5.30286169052124, -18.856569290161133, -1.8859176635742188]",pedestrian,0.06187376379966736,False,False,229,True,True,True,False,False,False,True,3,-1,True,True,True,True,ebc5a02f9ea64bbd9f3ccc3b84563d35,pedestrian,True,0.103174931386385,0.2562518903585033,True,False,13,0,0,True,False
r2_a_50iter,compound,recovery_1_5,fcbccedd61424f1b85dcbf8f897f9754,de7593d76648450e947ba0c203dee1b0,1533151609.947025,13,5,677,propagated,defer,defer,2.0,0.4282839000225067,0.0,0.0,0.0,0.9703503251075745,1.0,0.738691508769989,"[0.0, 0.0, 0.0, 0.0, 0.0, 0.0]","[0.0, 0.0, 0.0, 0.999919056892395, 0.0, 8.366056771497165e-32]","[5.60577392578125, -39.190673828125, -2.4891414642333984]","[6.546287536621094, -40.14521026611328, -2.534740447998047]","[607.8574829101562, 1636.221435546875, 1.6356803178787231]","[5.597351551055908, -39.36909866333008, -2.4891414642333984]",pedestrian,0.2419893741607666,False,False,14,True,True,True,False,False,False,True,4,-1,False,False,False,False,,,False,2.570085872617887,,False,True,,0,0,False,False
r2_a_50iter,compound,recovery_1_5,fcbccedd61424f1b85dcbf8f897f9754,de7593d76648450e947ba0c203dee1b0,1533151609.947025,13,5,678,propagated,defer,recover,3.0,0.5934213399887085,1.372283935546875,0.046543899923563004,0.0,0.976446270942688,1.0,0.7142391204833984,"[0.14756400883197784, 0.3391314446926117, 0.0, 0.0, 0.0, 0.5133045315742493]","[0.0, 0.0, 0.0, 0.999962329864502, 0.0, 2.6463309175225646e-21]","[5.7322998046875, -22.15966796875, -2.0224151611328125]","[6.651573181152344, -23.123910903930664, -1.9823875427246094]","[620.8677978515625, 1625.2418212890625, 1.164523720741272]","[5.667332649230957, -22.653329849243164, -2.0224151611328125]",pedestrian,0.06599561125040054,False,False,211,True,True,True,False,False,False,True,5,-1,True,True,True,True,b73d145dba9145689b3ff2621c381fe4,pedestrian,True,1.3539314753668006,0.6015606478537233,True,False,13,0,0,True,False
r2_a_50iter,compound,recovery_1_5,fcbccedd61424f1b85dcbf8f897f9754,de7593d76648450e947ba0c203dee1b0,1533151609.947025,13,5,681,propagated,defer,recover,3.0,0.47960036993026733,2.5345869064331055,0.03836802765727043,0.0,0.9737833738327026,1.0,0.7752722501754761,"[0.2847321033477783, 0.0, 0.31419146060943604, 0.0, 0.40107646584510803, 0.0]","[0.0, 0.0, 0.0, 0.999974250793457, 8.86676951359968e-21, 0.0]","[-9.25140380859375, -22.92730712890625, -2.104686737060547]","[-8.104785919189453, -22.833404541015625, -2.035616636276245]","[630.5383911132812, 1636.3912353515625, 1.2507859468460083]","[-9.25140380859375, -22.92730712890625, -2.104686737060547]",pedestrian,0.05775447562336922,False,False,246,True,True,True,False,False,False,True,6,-1,True,True,True,True,e833662c5eb64d2580f877fee97117c5,pedestrian,True,0.2544668145891572,0.2700392796195568,True,False,13,0,0,True,False
r2_a_50iter,compound,recovery_1_5,fcbccedd61424f1b85dcbf8f897f9754,de7593d76648450e947ba0c203dee1b0,1533151609.947025,13,5,686,propagated,defer,recover,1.0,0.517856240272522,0.8178043365478516,0.041428498923778534,0.0,0.9904152750968933,1.0,0.7523327469825745,"[0.1725279539823532, 0.2787395715713501, 0.0, 0.0, 0.0, 0.5487325191497803]","[0.0, 0.0, 0.0, 0.9999768733978271, 0.0, 2.876405460483511e-07]","[7.45794677734375, -14.875244140625, -1.57391357421875]","[8.13641357421875, -14.625343322753906, -1.528791904449463]","[626.4534912109375, 1618.651611328125, 1.091538906097412]","[7.466423511505127, -14.450346946716309, -1.57391357421875]",pedestrian,0.05968295410275459,False,False,238,True,True,True,False,False,False,True,7,-1,True,True,True,True,16a95164fcdd44e99cf99a93dd13b017,pedestrian,True,0.9279892207975491,0.6059900689468569,True,False,13,0,0,True,False
r2_a_50iter,compound,recovery_1_5,fcbccedd61424f1b85dcbf8f897f9754,de7593d76648450e947ba0c203dee1b0,1533151609.947025,13,5,692,propagated,defer,recover,2.0,0.542124330997467,1.4566640853881836,0.043369945138692856,0.0,0.9820713400840759,1.0,0.6960155963897705,"[0.35780248045921326, 0.3004254698753357, 0.0, 0.0, 0.0, 0.34177207946777344]","[0.0, 0.0, 0.0, 0.9999724626541138, 0.0, 3.6059959814156717e-13]","[6.5623779296875, -16.92010498046875, -1.6995372772216797]","[7.400524139404297, -17.511390686035156, -1.6989352703094482]","[624.704345703125, 1621.0682373046875, 1.1027098894119263]","[6.527296543121338, -17.13450813293457, -1.6995372772216797]",pedestrian,0.06694052368402481,False,False,203,True,True,True,False,False,False,True,8,-1,True,True,True,True,bff8170575c24b5d8714061f5349892b,pedestrian,True,0.3747601108281149,0.36018136045338084,True,False,13,0,0,True,False
r2_a_50iter,compound,recovery_1_5,fcbccedd61424f1b85dcbf8f897f9754,de7593d76648450e947ba0c203dee1b0,1533151609.947025,13,5,694,propagated,defer,defer,2.0,0.5185140371322632,0.0,0.0,0.0,0.967031717300415,1.0,0.7555533051490784,"[0.0, 0.0, 0.0, 0.0, 0.0, 0.0]","[0.0, 0.0, 0.0, 0.9999501705169678, 2.6693827341663152e-33, 0.0]","[-11.09796142578125, -47.210662841796875, -3.553050994873047]","[-9.919368743896484, -47.556644439697266, -3.3279576301574707]","[612.6858520507812, 1653.6378173828125, 1.4636510610580444]","[-11.17823314666748, -47.758609771728516, -3.553050994873047]",pedestrian,0.23423568904399872,False,False,17,True,True,True,False,False,False,True,9,-1,False,False,False,True,7a0cca0f12d547518dd80d8df2c501bb,pedestrian,True,1.8664838317288617,0.5566178341946767,True,False,,0,0,False,False
r2_a_50iter,compound,recovery_1_5,fcbccedd61424f1b85dcbf8f897f9754,de7593d76648450e947ba0c203dee1b0,1533151609.947025,13,5,698,propagated,defer,recover,2.0,0.5003486275672913,1.9574918746948242,0.04002789035439491,0.0,0.9688524007797241,1.0,0.6841298937797546,"[0.20977890491485596, 0.0, 0.3651956617832184, 0.0, 0.42502543330192566, 0.0]","[0.0, 0.0, 0.0, 0.9999744892120361, 1.0735142635942552e-10, 0.0]","[-14.3736572265625, -24.590057373046875, -2.1994686126708984]","[-13.193714141845703, -25.24530601501465, -2.1972482204437256]","[631.94091796875, 1641.84765625, 1.2882640361785889]","[-14.441568374633789, -25.087181091308594, -2.1994686126708984]",pedestrian,0.03514450788497925,False,False,-1,False,True,True,False,False,False,True,10,-1,True,True,True,True,84b1b1dde33e44bea0d99dc3094fd49a,pedestrian,True,0.6217502135248929,0.21320199124494943,True,False,13,0,0,True,False
r2_a_50iter,compound,recovery_1_5,fcbccedd61424f1b85dcbf8f897f9754,de7593d76648450e947ba0c203dee1b0,1533151609.947025,13,5,705,propagated,defer,defer,1.0,0.36120542883872986,0.0,0.0,0.0,0.9356508851051331,1.0,0.685011625289917,"[0.0, 0.0, 0.0, 0.0, 0.0, 0.0]","[0.0, 0.0, 0.0, 0.9999784231185913, 3.562779515853265e-10, 0.0]","[-16.35552978515625, -26.87847900390625, -2.544015884399414]","[-14.565238952636719, -27.355297088623047, -2.461695909500122]","[631.1903686523438, 1644.2611083984375, 1.1654940843582153]","[-16.386981964111328, -27.344526290893555, -2.544015884399414]",pedestrian,0.07325907051563263,False,False,164,True,True,True,False,False,False,True,11,-1,False,False,False,True,c97be344ac4143ffa69b0b5ed22f31c2,pedestrian,True,0.9267035148798639,1.161904540133345,True,False,13,0,0,True,False
r2_a_50iter,compound,recovery_1_5,fcbccedd61424f1b85dcbf8f897f9754,de7593d76648450e947ba0c203dee1b0,1533151609.947025,13,5,706,propagated,defer,defer,5.0,0.5224571228027344,0.0,0.0,0.0,0.9745116829872131,1.0,0.7526666522026062,"[0.0, 0.0, 0.0, 0.0, 0.0, 0.0]","[0.0, 0.0, 0.0, 0.9999358654022217, 0.0, 2.0932541502542245e-22]","[9.70782470703125, -40.962310791015625, -2.8758392333984375]","[10.840747833251953, -41.036643981933594, -2.8322830200195312]","[604.411865234375, 1633.506591796875, 1.3465417623519897]","[9.707823753356934, -40.962310791015625, -2.8758392333984375]",traffic_cone,0.1722101867198944,False,False,40,True,True,True,False,False,False,True,12,-1,False,False,False,False,,,False,3.437681311301736,,False,True,,0,0,False,False
r2_a_50iter,compound,recovery_1_5,fcbccedd61424f1b85dcbf8f897f9754,de7593d76648450e947ba0c203dee1b0,1533151609.947025,13,5,720,propagated,defer,defer,1.0,0.33755627274513245,0.0,0.0,0.0,0.9536374807357788,1.0,0.7741076350212097,"[0.0, 0.0, 0.0, 0.0, 0.0, 0.0]","[0.0, 0.0, 0.0, 0.9999783039093018, 1.3625442440989843e-10, 0.0]","[-13.02947998046875, -21.51824951171875, -2.086568832397461]","[-11.908088684082031, -22.574560165405273, -2.0700652599334717]","[633.1712036132812, 1639.1484375, 1.2412893772125244]","[-13.02947998046875, -21.51824951171875, -2.086568832397461]",pedestrian,0.11243410408496857,False,False,83,True,True,True,False,False,False,True,13,-1,False,False,False,False,,,False,2.094616016434107,,False,True,,0,0,False,False
r2_a_50iter,compound,recovery_1_5,fcbccedd61424f1b85dcbf8f897f9754,de7593d76648450e947ba0c203dee1b0,1533151609.947025,13,5,729,propagated,defer,recover,2.0,0.44554170966148376,2.0189695358276367,0.035643335431814194,0.0,0.9621039032936096,1.0,0.6931778788566589,"[0.08234337717294693, 0.0, 0.3609945774078369, 0.0, 0.5566620826721191, 0.0]","[0.0, 0.0, 0.0, 0.9999806880950928, 1.4973290163311503e-08, 0.0]","[-16.67645263671875, -26.4981689453125, -2.4707565307617188]","[-15.497539520263672, -27.232751846313477, -2.517622470855713]","[631.8792114257812, 1644.9013671875, 1.1122260093688965]","[-16.67645263671875, -26.4981689453125, -2.4707565307617188]",pedestrian,0.023292042315006256,False,False,-1,False,True,True,False,False,False,True,14,-1,False,False,False,True,c97be344ac4143ffa69b0b5ed22f31c2,pedestrian,True,0.3647545244698438,1.0002805285637312e-07,True,False,13,0,0,True,False
r2_a_50iter,compound,recovery_1_5,fcbccedd61424f1b85dcbf8f897f9754,de7593d76648450e947ba0c203dee1b0,1533151609.947025,13,5,740,propagated,defer,defer,1.0,0.1846318244934082,0.0,0.0,0.0,0.9849055409431458,1.0,0.758897066116333,"[0.0, 0.0, 0.0, 0.0, 0.0, 0.0]","[0.0, 0.0, 0.0, 0.9999748468399048, 9.267827408621088e-05, 0.0]","[-32.4794921875, -48.074951171875, -4.18267822265625]","[-31.627098083496094, -47.893672943115234, -4.297824382781982]","[626.2907104492188, 1670.5693359375, 0.7465106248855591]","[-32.474151611328125, -48.066062927246094, -4.18267822265625]",pedestrian,0.016094587743282318,False,False,-1,False,True,True,False,False,False,True,15,-1,False,False,False,False,,,False,22.334678088891035,,False,True,,0,0,False,False
r2_a_50iter,compound,recovery_1_5,fcbccedd61424f1b85dcbf8f897f9754,de7593d76648450e947ba0c203dee1b0,1533151609.947025,13,5,742,propagated,defer,defer,3.0,0.41874435544013977,0.0,0.0,0.0,0.9723432660102844,1.0,0.7432552576065063,"[0.0, 0.0, 0.0, 0.0, 0.0, 0.0]","[0.0, 0.0, 0.0, 0.9999170303344727, 0.0, 1.1206678249319975e-32]","[4.964599609375, -38.42657470703125, -2.400127410888672]","[6.051067352294922, -38.895877838134766, -2.44085955619812]","[609.1365966796875, 1635.79931640625, 1.6596835851669312]","[4.964599609375, -38.42657470703125, -2.400127410888672]",pedestrian,0.16303464770317078,False,False,46,True,True,True,False,False,False,True,16,-1,False,False,False,False,,,False,3.8787671239006265,,False,True,,0,0,False,False
r2_a_50iter,compound,recovery_1_5,fcbccedd61424f1b85dcbf8f897f9754,de7593d76648450e947ba0c203dee1b0,1533151609.947025,13,5,756,propagated,defer,recover,1.0,0.3567921221256256,0.37398624420166016,0.028543369844555855,0.0,0.9750859141349792,1.0,0.7023534178733826,"[0.0, 0.0, 0.0, 0.0, 1.0, 0.0]","[0.0, 0.0, 0.0, 0.9999480247497559, 0.00017478689551353455, 0.0]","[-15.84613037109375, -21.257293701171875, -2.169321060180664]","[-14.881301879882812, -21.82253074645996, -2.274671792984009]","[635.6439819335938, 1640.9609375, 1.0235354900360107]","[-15.84613037109375, -21.257293701171875, -2.169321060180664]",pedestrian,0.02238079346716404,False,False,-1,False,True,True,False,False,False,True,17,-1,False,False,False,False,,,False,3.05766671157548,,False,True,,5,0,False,False
r2_a_50iter,compound,recovery_1_5,fcbccedd61424f1b85dcbf8f897f9754,de7593d76648450e947ba0c203dee1b0,1533151609.947025,13,5,759,propagated,defer,defer,2.0,0.4141344130039215,0.0,0.0,0.0,0.9640401005744934,1.0,0.7293604016304016,"[0.0, 0.0, 0.0, 0.0, 0.0, 0.0]","[0.0, 0.0, 0.0, 0.9999508857727051, 2.9921084432818207e-36, 0.0]","[-10.0087890625, -46.951019287109375, -3.6011829376220703]","[-8.785999298095703, -47.65687561035156, -3.3586103916168213]","[611.8820190429688, 1652.8328857421875, 1.4270247220993042]","[-10.104674339294434, -47.47419357299805, -3.6011829376220703]",pedestrian,0.1523975133895874,False,False,53,True,True,True,False,False,False,True,18,-1,False,False,False,True,7a0cca0f12d547518dd80d8df2c501bb,pedestrian,True,0.8913188003442964,0.5853684784246997,True,False,,0,0,False,False
r2_a_50iter,compound,recovery_1_5,fcbccedd61424f1b85dcbf8f897f9754,de7593d76648450e947ba0c203dee1b0,1533151609.947025,13,5,765,propagated,defer,recover,1.0,0.4510994851589203,0.9341239929199219,0.03608795627951622,0.0,0.9916198253631592,1.0,0.6825295686721802,"[0.021783150732517242, 0.0, 0.36969560384750366, 0.0, 0.6085213422775269, 0.0]","[0.0, 0.0, 0.0, 0.9999749660491943, 3.434107202338055e-05, 0.0]","[-18.0848388671875, -26.3680419921875, -2.506284713745117]","[-17.521636962890625, -26.674598693847656, -2.604274034500122]","[633.6001586914062, 1646.1033935546875, 1.0137547254562378]","[-18.0848388671875, -26.3680419921875, -2.506284713745117]",pedestrian,0.02197386510670185,False,False,-1,False,True,True,False,False,False,True,19,-1,False,False,False,False,,,False,2.1641919707185995,,False,True,,2,0,False,False
r2_a_50iter,compound,recovery_1_5,fcbccedd61424f1b85dcbf8f897f9754,de7593d76648450e947ba0c203dee1b0,1533151609.947025,13,5,766,propagated,defer,defer,1.0,0.460654079914093,0.0,0.0,0.0,0.9736112356185913,1.0,0.7600914239883423,"[0.0, 0.0, 0.0, 0.0, 0.0, 0.0]","[0.0, 0.0, 0.0, 0.9999512434005737, 2.4843373450391437e-30, 0.0]","[-11.4835205078125, -43.63116455078125, -3.3566112518310547]","[-10.558536529541016, -44.71350860595703, -3.157688856124878]","[615.28271484375, 1652.3046875, 1.469793677330017]","[-11.556658744812012, -44.1645622253418, -3.3566112518310547]",pedestrian,0.15400627255439758,False,False,52,True,True,True,False,False,False,True,20,-1,False,False,False,True,2f009793dd694578990c045dc8c77e31,pedestrian,True,1.6587505743881346,0.5181861545456803,True,False,,0,0,False,False
r2_a_50iter,compound,recovery_1_5,fcbccedd61424f1b85dcbf8f897f9754,de7593d76648450e947ba0c203dee1b0,1533151609.947025,13,5,768,propagated,defer,recover,2.0,0.37696388363838196,1.5206937789916992,0.03015710972249508,0.0,0.9605029821395874,1.0,0.7165449261665344,"[0.3309147357940674, 0.22128401696681976, 0.0, 0.0, 0.0, 0.44780123233795166]","[0.0, 0.0, 0.0, 0.9999707937240601, 0.0, 8.6571239543351e-15]","[6.11468505859375, -17.94195556640625, -1.7716083526611328]","[7.346138000488281, -18.76244354248047, -1.7756547927856445]","[623.7765502929688, 1621.912841796875, 1.1017805337905884]","[6.108592510223389, -18.06719398498535, -1.7716083526611328]",pedestrian,0.022064736112952232,False,False,-1,False,True,True,False,False,False,True,21,-1,True,True,True,True,4eb1a864acc24ef89aa487d5002cc071,pedestrian,True,0.20140227332911212,0.116883553004803,True,False,13,0,0,True,False
r2_a_50iter,compound,recovery_1_5,fcbccedd61424f1b85dcbf8f897f9754,de7593d76648450e947ba0c203dee1b0,1533151609.947025,13,5,772,propagated,defer,recover,1.0,0.5464845299720764,0.7906503677368164,0.04371876269578934,0.0,0.9842603206634521,1.0,0.6880542039871216,"[0.0, 0.0, 0.14991453289985657, 0.0, 0.850085437297821, 0.0]","[0.0, 0.0, 0.0, 0.9999529123306274, 0.00032789644319564104, 0.0]","[-20.38848876953125, -28.2808837890625, -2.6986255645751953]","[-19.762928009033203, -28.91130256652832, -2.765625476837158]","[633.3134765625, 1649.2608642578125, 1.010736346244812]","[-20.38848876953125, -28.2808837890625, -2.6986255645751953]",pedestrian,0.02002345211803913,False,False,-1,False,True,True,False,False,False,True,22,-1,False,False,False,False,,,False,4.8421865651651,,False,True,,5,0,False,False
r2_a_50iter,compound,recovery_1_5,fcbccedd61424f1b85dcbf8f897f9754,de7593d76648450e947ba0c203dee1b0,1533151609.947025,13,5,796,propagated,defer,defer,1.0,0.42944595217704773,0.0,0.0,0.0,0.9745126366615295,1.0,0.7589851021766663,"[0.0, 0.0, 0.0, 0.0, 0.0, 0.0]","[0.0, 0.0, 0.0, 0.9999507665634155, 2.5924494758053774e-35, 0.0]","[-9.880615234375, -45.541351318359375, -3.580608367919922]","[-8.879180908203125, -46.232337951660156, -3.261716842651367]","[613.0381469726562, 1651.989990234375, 1.4392491579055786]","[-9.958097457885742, -46.07379913330078, -3.580608367919922]",pedestrian,0.13626685738563538,False,False,65,True,True,True,False,False,False,True,23,-1,False,False,False,False,,,False,2.222787358658845,,False,True,,0,0,False,False
r2_a_50iter,compound,recovery_1_5,fcbccedd61424f1b85dcbf8f897f9754,de7593d76648450e947ba0c203dee1b0,1533151609.947025,13,5,813,propagated,defer,recover,1.0,0.3597537875175476,0.877655029296875,0.02878030203282833,0.0,0.9822005033493042,1.0,0.7193503379821777,"[0.011549455113708973, 0.0, 0.3799975514411926, 0.0, 0.6084529757499695, 0.0]","[0.0, 0.0, 0.0, 0.9999812841415405, 2.482244781276677e-06, 0.0]","[-17.76458740234375, -26.752105712890625, -2.5171661376953125]","[-16.834266662597656, -26.92209243774414, -2.5771303176879883]","[632.97119140625, 1645.7322998046875, 1.0483938455581665]","[-17.76458740234375, -26.752105712890625, -2.5171661376953125]",pedestrian,0.015378359705209732,False,False,-1,False,True,True,False,False,False,True,24,-1,False,False,False,True,c97be344ac4143ffa69b0b5ed22f31c2,pedestrian,True,1.4665215999369468,1.846411141907209e-07,True,False,13,0,0,True,False
r2_a_50iter,compound,recovery_1_5,fcbccedd61424f1b85dcbf8f897f9754,de7593d76648450e947ba0c203dee1b0,1533151609.947025,13,5,814,propagated,defer,recover,1.0,0.3676093816757202,1.025771141052246,0.02940874919295311,0.0,0.9811838865280151,1.0,0.6932941675186157,"[0.09355135262012482, 0.0, 0.3585800528526306, 0.0, 0.5478686690330505, 0.0]","[0.0, 0.0, 0.0, 0.9999475479125977, 0.00020202240557409823, 0.0]","[-16.2935791015625, -22.27789306640625, -2.2628345489501953]","[-15.336891174316406, -22.446950912475586, -2.3398795127868652]","[635.4542236328125, 1641.712646484375, 1.0007591247558594]","[-16.2935791015625, -22.27789306640625, -2.2628345489501953]",pedestrian,0.016201453283429146,False,False,-1,False,True,True,False,False,False,True,25,-1,False,False,False,False,,,False,2.862318027646724,,False,True,,5,0,False,False
r2_a_50iter,compound,recovery_1_5,fcbccedd61424f1b85dcbf8f897f9754,de7593d76648450e947ba0c203dee1b0,1533151609.947025,13,5,820,propagated,defer,recover,1.0,0.47851619124412537,0.6365900039672852,0.03828129544854164,0.0,0.9709433317184448,1.0,0.6835545301437378,"[0.0, 0.0, 0.003288443898782134, 0.0, 0.9967116117477417, 0.0]","[0.0, 0.0, 0.0, 0.9999557733535767, 0.00025033715064637363, 0.0]","[-19.9410400390625, -27.2606201171875, -2.600238800048828]","[-18.764617919921875, -27.550037384033203, -2.6816446781158447]","[633.7216186523438, 1647.6207275390625, 1.0022685527801514]","[-19.9410400390625, -27.2606201171875, -2.600238800048828]",pedestrian,0.017500046640634537,False,False,-1,False,True,True,False,False,False,True,26,-1,False,False,False,False,,,False,3.4620824556358665,,False,True,,2,0,False,False
r2_a_50iter,compound,recovery_1_5,fcbccedd61424f1b85dcbf8f897f9754,de7593d76648450e947ba0c203dee1b0,1533151609.947025,13,5,821,propagated,defer,recover,2.0,0.41286134719848633,0.4726390838623047,0.03302890807390213,0.0,0.9701644778251648,1.0,0.7040359973907471,"[0.0, 1.5184135744450824e-19, 0.0, 0.0, 0.0, 1.0]","[0.0, 0.0, 0.0, 0.9999737739562988, 0.0, 1.23360369660679e-16]","[5.15362548828125, -16.792083740234375, -1.6999778747558594]","[6.295299530029297, -17.353572845458984, -1.6965007781982422]","[625.5332641601562, 1621.816162109375, 1.1074159145355225]","[5.101613521575928, -17.05426597595215, -1.6999778747558594]",pedestrian,0.01819620281457901,False,False,-1,False,True,True,False,False,False,True,27,-1,True,True,True,True,0e9b314c6a1f41189116b67fb257d8ba,pedestrian,True,0.438893914882627,0.07388984086702644,True,False,13,0,0,True,False
r2_a_50iter,compound,recovery_1_5,fcbccedd61424f1b85dcbf8f897f9754,de7593d76648450e947ba0c203dee1b0,1533151609.947025,13,5,822,propagated,defer,recover,1.0,0.4460948407649994,0.6983060836791992,0.03568758815526962,0.0,0.9815289974212646,1.0,0.7121739983558655,"[0.0, 0.0, 0.17194955050945282, 0.0, 0.828050434589386, 0.0]","[0.0, 0.0, 0.0, 0.9999778270721436, 1.3328131899470463e-05, 0.0]","[-19.7486572265625, -29.0526123046875, -2.6609344482421875]","[-18.79940414428711, -29.210968017578125, -2.7385644912719727]","[632.4676513671875, 1648.7110595703125, 1.0454885959625244]","[-19.7486572265625, -29.0526123046875, -2.6609344482421875]",pedestrian,0.01545774843543768,False,False,-1,False,True,True,False,False,False,True,28,-1,False,False,False,False,,,False,4.14724205187155,,False,True,,5,0,False,False
r2_a_50iter,compound,recovery_1_5,fcbccedd61424f1b85dcbf8f897f9754,de7593d76648450e947ba0c203dee1b0,1533151609.947025,13,5,830,propagated,defer,defer,1.0,0.4012073874473572,0.0,0.0,0.0,0.9002613425254822,1.0,0.755668580532074,"[0.0, 0.0, 0.0, 0.0, 0.0, 0.0]","[0.0, 0.0, 0.0, 0.9999411106109619, 0.0, 0.0]","[-4.7579345703125, -36.06072998046875, -3.3821468353271484]","[-3.3225784301757812, -38.99030303955078, -2.6672818660736084]","[615.0580444335938, 1643.06884765625, 1.538967251777649]","[-4.980915546417236, -40.401824951171875, -3.3821468353271484]",traffic_cone,0.0006950721144676208,False,False,-1,False,True,True,False,False,False,True,29,-1,False,False,False,True,cf11445013d14ce98d71c50b898e0744,car,False,1.1450200985831365,1.3321842058928488,False,True,,0,0,False,False
r2_a_50iter,compound,recovery_1_5,fcbccedd61424f1b85dcbf8f897f9754,de7593d76648450e947ba0c203dee1b0,1533151609.947025,13,5,843,propagated,defer,recover,1.0,0.42575913667678833,0.6827163696289062,0.034060731530189514,0.0,0.9922826886177063,1.0,0.7201051115989685,"[0.0, 0.0, 0.16760271787643433, 0.0, 0.8323973417282104, 0.0]","[0.0, 0.0, 0.0, 0.9999799728393555, 2.5204337816830957e-06, 0.0]","[-18.66021728515625, -28.79705810546875, -2.640840530395508]","[-18.25006103515625, -29.259117126464844, -2.7159059047698975]","[632.079833984375, 1648.3189697265625, 1.0651559829711914]","[-18.66021728515625, -28.79705810546875, -2.640840530395508]",pedestrian,0.01419390831142664,False,False,-1,False,True,True,False,False,False,True,30,-1,False,False,False,False,,,False,3.7350278329944,,False,True,,0,0,False,False
r2_a_50iter,compound,recovery_1_5,fcbccedd61424f1b85dcbf8f897f9754,de7593d76648450e947ba0c203dee1b0,1533151609.947025,13,5,848,propagated,defer,defer,1.0,0.3809819519519806,0.0,0.0,0.0,0.9804491400718689,1.0,0.7538729906082153,"[0.0, 0.0, 0.0, 0.0, 0.0, 0.0]","[0.0, 0.0, 0.0, 0.9999779462814331, 1.7962117908609798e-06, 0.0]","[-29.0870361328125, -45.904693603515625, -4.001432418823242]","[-28.692625045776367, -46.81594467163086, -4.037297248840332]","[625.2484130859375, 1667.6151123046875, 0.9106985330581665]","[-29.0870361328125, -45.904693603515625, -4.001432418823242]",pedestrian,0.049666959792375565,False,False,-1,False,True,True,False,False,False,True,31,-1,False,False,False,False,,,False,19.2390759599982,,False,True,,0,0,False,False
r2_a_50iter,compound,recovery_1_5,fcbccedd61424f1b85dcbf8f897f9754,de7593d76648450e947ba0c203dee1b0,1533151609.947025,13,5,854,propagated,defer,defer,1.0,0.30701181292533875,0.0,0.0,0.0,0.9882307648658752,1.0,0.7221313118934631,"[0.0, 0.0, 0.0, 0.0, 0.0, 0.0]","[0.0, 0.0, 0.0, 0.9999758005142212, 3.1613276405551005e-06, 0.0]","[-31.96722412109375, -50.253143310546875, -4.218681335449219]","[-31.25093650817871, -50.53341293334961, -4.236931324005127]","[624.0274047851562, 1671.9637451171875, 0.9616907835006714]","[-31.96722412109375, -50.253143310546875, -4.218681335449219]",pedestrian,0.0424523651599884,False,False,-1,False,True,True,False,False,False,True,32,-1,False,False,False,False,,,False,22.676461112510818,,False,True,,0,0,False,False
r2_a_50iter,compound,recovery_1_5,fcbccedd61424f1b85dcbf8f897f9754,de7593d76648450e947ba0c203dee1b0,1533151609.947025,13,5,877,propagated,defer,recover,1.0,0.41675543785095215,0.14691495895385742,0.03334043547511101,0.0,0.976635754108429,1.0,0.7647058963775635,"[0.0, 0.0, 0.0, 0.0, 1.0, 0.0]","[0.0, 0.0, 0.0, 0.9999724626541138, 0.0001359789166599512, 0.0]","[-32.3509521484375, -46.6630859375, -4.1981658935546875]","[-31.469646453857422, -47.29951858520508, -4.216307640075684]","[626.6488037109375, 1670.0650634765625, 0.7905505895614624]","[-32.3509521484375, -46.6630859375, -4.1981658935546875]",pedestrian,0.012100058607757092,False,False,-1,False,True,True,False,False,False,True,33,-1,False,False,False,False,,,False,22.060775975566262,,False,True,,0,0,False,False
r2_a_50iter,compound,recovery_1_5,fcbccedd61424f1b85dcbf8f897f9754,de7593d76648450e947ba0c203dee1b0,1533151609.947025,13,5,883,propagated,defer,defer,4.0,0.36713916063308716,0.0,0.0,0.0,0.9995131492614746,1.0,0.680042028427124,"[0.0, 0.0, 0.0, 0.0, 0.0, 0.0]","[0.0, 0.0, 0.0, 0.9999516010284424, 4.1359425058103994e-24, 0.0]","[-12.1917724609375, -39.681427001953125, -2.919271469116211]","[-12.086166381835938, -39.86985778808594, -2.827892303466797]","[619.9891967773438, 1650.368408203125, 1.5245686769485474]","[-12.211166381835938, -39.88924789428711, -2.919271469116211]",pedestrian,0.0987863838672638,False,False,103,True,True,True,False,False,False,True,34,-1,False,False,False,False,,,False,4.074041227469874,,False,True,,0,0,False,False
r2_a_50iter,compound,recovery_1_5,fcbccedd61424f1b85dcbf8f897f9754,de7593d76648450e947ba0c203dee1b0,1533151609.947025,13,5,884,propagated,defer,recover,1.0,0.3883676826953888,0.5182380676269531,0.03106941469013691,0.0,0.9687008261680603,1.0,0.6949338912963867,"[0.0, 0.0, 0.0756215900182724, 0.0, 0.9243783354759216, 0.0]","[0.0, 0.0, 0.0, 0.9999821186065674, 5.629534030049399e-07, 0.0]","[-16.10137939453125, -24.071044921875, -2.304037094116211]","[-14.873432159423828, -24.37472915649414, -2.347419023513794]","[633.678466796875, 1642.5885009765625, 1.1039847135543823]","[-16.133596420288086, -24.383665084838867, -2.304037094116211]",pedestrian,0.008698279969394207,False,False,-1,False,True,True,False,False,False,True,35,-1,True,True,True,True,84b1b1dde33e44bea0d99dc3094fd49a,pedestrian,True,1.9737696939649938,0.7093080490053304,True,False,13,0,0,True,False
r2_a_50iter,compound,recovery_1_5,fcbccedd61424f1b85dcbf8f897f9754,de7593d76648450e947ba0c203dee1b0,1533151609.947025,13,5,893,propagated,defer,defer,3.0,0.4415132403373718,0.0,0.0,0.0,0.9095441102981567,1.0,0.7492923736572266,"[0.0, 0.0, 0.0, 0.0, 0.0, 0.0]","[0.0, 0.0, 0.0, 0.9999434947967529, 0.0, 0.0]","[-6.48846435546875, -35.55743408203125, -3.225994110107422]","[-4.914752960205078, -39.406978607177734, -2.7174363136291504]","[615.756103515625, 1644.56005859375, 1.5308295488357544]","[-7.002298355102539, -39.75927734375, -3.225994110107422]",bicycle,0.0015609211986884475,False,False,-1,False,True,True,False,False,False,True,36,-1,False,False,False,False,,,False,2.5005080207439008,,False,True,,0,0,False,False
r2_a_50iter,compound,recovery_1_5,fcbccedd61424f1b85dcbf8f897f9754,f753d3f87e5b40af87ff2cbf7c8e7082,1533151610.446899,14,5,2,base,defer,defer,0.0,0.37481895089149475,0.0,0.0,0.0,0.0,1.0,0.7558945417404175,"[0.0, 0.0, 0.0, 0.0, 0.0, 0.0]","[0.0, 0.0, 0.0, 0.9999393224716187, 4.158081750761844e-32, 0.0]","[0.0, 0.0, 0.0]","[-10.327884674072266, -47.1475830078125, -3.0906736850738525]","[614.7992553710938, 1652.3543701171875, 1.726976990699768]","[0.0, 0.0, 0.0]",pedestrian,0.13357140123844147,False,False,46,True,False,False,False,False,True,True,-1,-1,False,False,False,True,2b5c84ef9b6e417aabc0ee048e3c4ca0,pedestrian,True,1.5793298266113776,0.5993592420002463,True,False,,0,0,False,False
r2_a_50iter,compound,recovery_1_5,fcbccedd61424f1b85dcbf8f897f9754,f753d3f87e5b40af87ff2cbf7c8e7082,1533151610.446899,14,5,10,base,defer,defer,0.0,0.5066975355148315,0.0,0.0,0.0,0.0,1.0,0.6997069716453552,"[0.0, 0.0, 0.0, 0.0, 0.0, 0.0]","[0.0, 0.0, 0.0, 0.9999624490737915, 0.0, 9.143314571628197e-20]","[0.0, 0.0, 0.0]","[6.344524383544922, -20.34760856628418, -1.7802317142486572]","[624.7433471679688, 1622.37548828125, 1.1730810403823853]","[0.0, 0.0, 0.0]",pedestrian,0.7054460048675537,False,False,0,True,False,False,False,False,True,True,-1,-1,True,True,True,True,135bbe9c408f42dc8731b501122e9973,pedestrian,True,0.9802467958729248,0.3209799559144748,True,False,14,0,0,True,False
r2_a_50iter,compound,recovery_1_5,fcbccedd61424f1b85dcbf8f897f9754,f753d3f87e5b40af87ff2cbf7c8e7082,1533151610.446899,14,5,13,base,defer,defer,0.0,0.391531378030777,0.0,0.0,0.0,0.0,1.0,0.7547005414962769,"[0.0, 0.0, 0.0, 0.0, 0.0, 0.0]","[0.0, 0.0, 0.0, 0.9999117851257324, 0.0, 5.607223031463501e-33]","[0.0, 0.0, 0.0]","[6.464759826660156, -42.57200241088867, -2.5853171348571777]","[607.5807495117188, 1636.5089111328125, 1.7006789445877075]","[0.0, 0.0, 0.0]",pedestrian,0.12225321680307388,False,False,55,True,False,False,False,False,True,True,-1,-1,False,False,False,False,,,False,2.11280292653722,,False,True,,0,0,False,False
r2_a_50iter,compound,recovery_1_5,fcbccedd61424f1b85dcbf8f897f9754,f753d3f87e5b40af87ff2cbf7c8e7082,1533151610.446899,14,5,20,base,defer,defer,0.0,0.31576430797576904,0.0,0.0,0.0,0.0,1.0,0.7137200832366943,"[0.0, 0.0, 0.0, 0.0, 0.0, 0.0]","[0.0, 0.0, 0.0, 0.9999847412109375, 3.3818143947428325e-06, 0.0]","[0.0, 0.0, 0.0]","[-17.18946075439453, -27.340885162353516, -2.7677955627441406]","[634.4036865234375, 1644.9666748046875, 0.9659757614135742]","[0.0, 0.0, 0.0]",pedestrian,0.11285606771707535,False,False,65,True,False,False,False,False,True,True,-1,-1,False,False,False,False,,,False,2.3757093465599164,,False,True,,0,0,False,False
r2_a_50iter,compound,recovery_1_5,fcbccedd61424f1b85dcbf8f897f9754,f753d3f87e5b40af87ff2cbf7c8e7082,1533151610.446899,14,5,44,base,defer,defer,0.0,0.41053491830825806,0.0,0.0,0.0,0.0,1.0,0.6846351027488708,"[0.0, 0.0, 0.0, 0.0, 0.0, 0.0]","[0.0, 0.0, 0.0, 0.999982476234436, 1.218522902490804e-05, 0.0]","[0.0, 0.0, 0.0]","[-19.557416915893555, -30.48940086364746, -3.035574436187744]","[633.4932250976562, 1648.8087158203125, 0.9236866235733032]","[0.0, 0.0, 0.0]",pedestrian,0.09290961176156998,False,False,92,True,False,False,False,False,True,True,-1,-1,False,False,False,False,,,False,4.461527248952469,,False,True,,5,0,False,False
r2_a_50iter,compound,recovery_1_5,fcbccedd61424f1b85dcbf8f897f9754,f753d3f87e5b40af87ff2cbf7c8e7082,1533151610.446899,14,5,50,base,defer,defer,0.0,0.37992995977401733,0.0,0.0,0.0,0.0,1.0,0.7754030823707581,"[0.0, 0.0, 0.0, 0.0, 0.0, 0.0]","[0.0, 0.0, 0.0, 0.9999349117279053, 1.1913262163880742e-34, 0.0]","[0.0, 0.0, 0.0]","[-9.610416412353516, -48.80585479736328, -3.1218318939208984]","[613.0662231445312, 1652.8631591796875, 1.784389853477478]","[0.0, 0.0, 0.0]",pedestrian,0.14814984798431396,False,False,40,True,False,False,False,False,True,True,-1,-1,False,False,False,False,,,False,2.682231193197966,,False,True,,0,0,False,False
r2_a_50iter,compound,recovery_1_5,fcbccedd61424f1b85dcbf8f897f9754,f753d3f87e5b40af87ff2cbf7c8e7082,1533151610.446899,14,5,62,base,defer,defer,0.0,0.3968041241168976,0.0,0.0,0.0,0.0,1.0,0.7778512239456177,"[0.0, 0.0, 0.0, 0.0, 0.0, 0.0]","[0.0, 0.0, 0.0, 0.9999164342880249, 0.0, 1.1119290529911908e-32]","[0.0, 0.0, 0.0]","[6.245567321777344, -40.248722076416016, -2.5101075172424316]","[609.5068359375, 1635.1905517578125, 1.639743685722351]","[0.0, 0.0, 0.0]",pedestrian,0.12347489595413208,False,False,54,True,False,False,False,False,True,True,-1,-1,False,False,False,False,,,False,4.319684604384097,,False,True,,0,0,False,False
r2_a_50iter,compound,recovery_1_5,fcbccedd61424f1b85dcbf8f897f9754,f753d3f87e5b40af87ff2cbf7c8e7082,1533151610.446899,14,5,122,base,defer,defer,0.0,0.44763267040252686,0.0,0.0,0.0,0.0,1.0,0.8149363994598389,"[0.0, 0.0, 0.0, 0.0, 0.0, 0.0]","[0.0, 0.0, 0.0, 0.9999730587005615, 7.940967761826956e-13, 0.0]","[0.0, 0.0, 0.0]","[-11.84170913696289, -24.65549087524414, -2.1302120685577393]","[633.0648803710938, 1639.1126708984375, 1.359667181968689]","[0.0, 0.0, 0.0]",pedestrian,0.07676255702972412,False,False,134,True,False,False,False,False,True,True,-1,-1,False,False,False,False,,,False,2.550990511623283,,False,True,,0,0,False,False
r2_a_50iter,compound,recovery_1_5,fcbccedd61424f1b85dcbf8f897f9754,f753d3f87e5b40af87ff2cbf7c8e7082,1533151610.446899,14,5,162,base,defer,defer,0.0,0.4776778817176819,0.0,0.0,0.0,0.0,1.0,0.6952607035636902,"[0.0, 0.0, 0.0, 0.0, 0.0, 0.0]","[0.0, 0.0, 0.0, 0.9999579191207886, 0.0, 4.938495953753258e-22]","[0.0, 0.0, 0.0]","[6.083831787109375, -21.74591636657715, -1.825688123703003]","[623.8353881835938, 1623.470458984375, 1.21555757522583]","[0.0, 0.0, 0.0]",pedestrian,0.26242196559906006,False,False,19,True,False,False,False,False,True,True,-1,-1,True,True,True,True,78fc00fbc8fa4c8ba304d3165d719b92,pedestrian,True,0.053849308926904954,0.5004555685655743,True,False,14,0,0,True,False
r2_a_50iter,compound,recovery_1_5,fcbccedd61424f1b85dcbf8f897f9754,f753d3f87e5b40af87ff2cbf7c8e7082,1533151610.446899,14,5,237,base,defer,defer,0.0,0.4017144739627838,0.0,0.0,0.0,0.0,1.0,0.717803955078125,"[0.0, 0.0, 0.0, 0.0, 0.0, 0.0]","[0.0, 0.0, 0.0, 0.9999641180038452, 0.0, 6.564797832285426e-17]","[0.0, 0.0, 0.0]","[7.214813232421875, -20.336200714111328, -1.806391954421997]","[624.194091796875, 1621.700927734375, 1.1330064535140991]","[0.0, 0.0, 0.0]",pedestrian,0.4266543388366699,False,False,4,True,False,False,False,False,True,True,-1,-1,True,True,True,True,2c9deea58db742879c21342d4685e0ce,pedestrian,True,0.6805158501040403,0.4479881476736267,True,False,14,0,0,True,False
r2_a_50iter,compound,recovery_1_5,fcbccedd61424f1b85dcbf8f897f9754,f753d3f87e5b40af87ff2cbf7c8e7082,1533151610.446899,14,5,255,base,defer,defer,0.0,0.47956356406211853,0.0,0.0,0.0,0.0,1.0,0.7999833226203918,"[0.0, 0.0, 0.0, 0.0, 0.0, 0.0]","[0.0, 0.0, 0.0, 0.99993896484375, 0.0, 0.0]","[0.0, 0.0, 0.0]","[-4.876514434814453, -45.45035171508789, -3.021773099899292]","[612.6150512695312, 1647.0799560546875, 1.6107624769210815]","[0.0, 0.0, 0.0]",bicycle,0.005652174353599548,False,False,-1,False,False,False,False,False,True,True,-1,-1,False,False,False,False,,,False,2.852001957347828,,False,True,,0,0,False,False
r2_a_50iter,compound,recovery_1_5,fcbccedd61424f1b85dcbf8f897f9754,f753d3f87e5b40af87ff2cbf7c8e7082,1533151610.446899,14,5,261,base,defer,defer,0.0,0.3916266858577728,0.0,0.0,0.0,0.0,1.0,0.7137376666069031,"[0.0, 0.0, 0.0, 0.0, 0.0, 0.0]","[0.0, 0.0, 0.0, 0.9999749660491943, 1.5739566094907786e-08, 0.0]","[0.0, 0.0, 0.0]","[-28.691150665283203, -51.19894790649414, -4.218003273010254]","[623.4027099609375, 1669.102783203125, 1.125019907951355]","[0.0, 0.0, 0.0]",pedestrian,0.01856827735900879,False,False,-1,False,False,False,False,False,True,True,-1,-1,False,False,False,False,,,False,19.744974935892195,,False,True,,0,0,False,False
r2_a_50iter,compound,recovery_1_5,fcbccedd61424f1b85dcbf8f897f9754,f753d3f87e5b40af87ff2cbf7c8e7082,1533151610.446899,14,5,298,base,defer,defer,0.0,0.4986134171485901,0.0,0.0,0.0,0.0,1.0,0.7427538633346558,"[0.0, 0.0, 0.0, 0.0, 0.0, 0.0]","[0.0, 0.0, 0.0, 0.9999442100524902, 0.001779613783583045, 0.0]","[0.0, 0.0, 0.0]","[-33.74003601074219, -48.268104553222656, -4.488948345184326]","[628.873779296875, 1671.1240234375, 0.7558532953262329]","[0.0, 0.0, 0.0]",pedestrian,0.045126210898160934,False,False,-1,False,False,False,False,False,True,True,-1,-1,False,False,False,False,,,False,24.14207708242899,,False,True,,0,0,False,False
r2_a_50iter,compound,recovery_1_5,fcbccedd61424f1b85dcbf8f897f9754,f753d3f87e5b40af87ff2cbf7c8e7082,1533151610.446899,14,5,314,base,defer,defer,0.0,0.40920770168304443,0.0,0.0,0.0,0.0,1.0,0.7370151281356812,"[0.0, 0.0, 0.0, 0.0, 0.0, 0.0]","[0.0, 0.0, 0.0, 0.9999749660491943, 9.492724314941192e-12, 0.0]","[0.0, 0.0, 0.0]","[-14.957511901855469, -30.070236206054688, -2.5894088745117188]","[630.8869018554688, 1644.9853515625, 1.2736626863479614]","[0.0, 0.0, 0.0]",pedestrian,0.10582643747329712,False,False,72,True,False,False,False,False,True,True,-1,-1,False,False,False,True,081c19290123437ba6a3617344bbb55d,pedestrian,True,1.2389096565668822,1.031890219136872,True,False,,0,0,False,False
r2_a_50iter,compound,recovery_1_5,fcbccedd61424f1b85dcbf8f897f9754,f753d3f87e5b40af87ff2cbf7c8e7082,1533151610.446899,14,5,342,base,defer,defer,0.0,0.3544284403324127,0.0,0.0,0.0,0.0,1.0,0.7195841670036316,"[0.0, 0.0, 0.0, 0.0, 0.0, 0.0]","[0.0, 0.0, 0.0, 0.9999474287033081, 1.1087892781927857e-31, 0.0]","[0.0, 0.0, 0.0]","[-10.977561950683594, -49.33927917480469, -3.3798062801361084]","[613.5225219726562, 1654.266845703125, 1.5797659158706665]","[0.0, 0.0, 0.0]",pedestrian,0.016868535429239273,False,False,-1,False,False,False,False,False,True,True,-1,-1,False,False,False,False,,,False,3.3268807956536928,,False,True,,0,0,False,False
r2_a_50iter,compound,recovery_1_5,fcbccedd61424f1b85dcbf8f897f9754,f753d3f87e5b40af87ff2cbf7c8e7082,1533151610.446899,14,5,386,base,defer,defer,0.0,0.336788535118103,0.0,0.0,0.0,0.0,1.0,0.6977187991142273,"[0.0, 0.0, 0.0, 0.0, 0.0, 0.0]","[0.0, 0.0, 0.0, 0.9999520778656006, 0.0, 7.262047001234084e-22]","[0.0, 0.0, 0.0]","[6.96881103515625, -24.98470115661621, -1.9890809059143066]","[620.7774047851562, 1624.8660888671875, 1.2332292795181274]","[0.0, 0.0, 0.0]",pedestrian,0.1361924111843109,False,False,43,True,False,False,False,False,True,True,-1,-1,True,True,False,True,1bf77b2cec7b435593052cad0182316c,pedestrian,True,0.9914260625829162,0.9571189543643392,True,False,14,0,0,True,False
r2_a_50iter,compound,recovery_1_5,fcbccedd61424f1b85dcbf8f897f9754,f753d3f87e5b40af87ff2cbf7c8e7082,1533151610.446899,14,5,433,base,defer,defer,0.0,0.43893614411354065,0.0,0.0,0.0,0.0,1.0,0.7565463185310364,"[0.0, 0.0, 0.0, 0.0, 0.0, 0.0]","[0.0, 0.0, 0.0, 0.9999791383743286, 5.736992534366436e-06, 0.0]","[0.0, 0.0, 0.0]","[-29.93470573425293, -47.8062858581543, -4.216372966766357]","[626.8024291992188, 1667.8924560546875, 0.9421385526657104]","[0.0, 0.0, 0.0]",pedestrian,0.026105035096406937,False,False,-1,False,False,False,False,False,True,True,-1,-1,False,False,False,False,,,False,20.304068398641835,,False,True,,0,0,False,False
r2_a_50iter,compound,recovery_1_5,fcbccedd61424f1b85dcbf8f897f9754,f753d3f87e5b40af87ff2cbf7c8e7082,1533151610.446899,14,5,467,base,defer,defer,0.0,0.26338884234428406,0.0,0.0,0.0,0.0,1.0,0.694184422492981,"[0.0, 0.0, 0.0, 0.0, 0.0, 0.0]","[0.0, 0.0, 0.0, 0.9999699592590332, 0.0, 1.4645584793320058e-16]","[0.0, 0.0, 0.0]","[7.684349060058594, -21.387088775634766, -1.9720497131347656]","[623.0810546875, 1622.019287109375, 1.0235313177108765]","[0.0, 0.0, 0.0]",pedestrian,0.00683846790343523,False,False,-1,False,False,False,False,False,True,True,-1,-1,True,True,True,True,2c9deea58db742879c21342d4685e0ce,pedestrian,True,0.48681853358435456,0.7487194811939633,True,False,14,0,0,True,False
r2_a_50iter,compound,recovery_1_5,fcbccedd61424f1b85dcbf8f897f9754,f753d3f87e5b40af87ff2cbf7c8e7082,1533151610.446899,14,5,476,base,defer,defer,0.0,0.3993566036224365,0.0,0.0,0.0,0.0,1.0,0.808377742767334,"[0.0, 0.0, 0.0, 0.0, 0.0, 0.0]","[0.0, 0.0, 0.0, 0.9999328851699829, 0.0, 7.719036991138007e-25]","[0.0, 0.0, 0.0]","[9.977527618408203, -42.55023956298828, -2.875021457672119]","[605.3385620117188, 1633.8111572265625, 1.3566209077835083]","[0.0, 0.0, 0.0]",traffic_cone,0.09217870235443115,False,False,94,True,False,False,False,False,True,True,-1,-1,False,False,False,False,,,False,2.731626691835042,,False,True,,0,0,False,False
r2_a_50iter,compound,recovery_1_5,fcbccedd61424f1b85dcbf8f897f9754,f753d3f87e5b40af87ff2cbf7c8e7082,1533151610.446899,14,5,530,base,defer,defer,0.0,0.3194214701652527,0.0,0.0,0.0,0.0,1.0,0.7180885672569275,"[0.0, 0.0, 0.0, 0.0, 0.0, 0.0]","[0.0, 0.0, 0.0, 0.9999504089355469, 1.429779427922554e-24, 0.0]","[0.0, 0.0, 0.0]","[-12.671585083007812, -42.6884880065918, -2.988943099975586]","[619.7252197265625, 1651.303466796875, 1.5968295335769653]","[0.0, 0.0, 0.0]",pedestrian,0.016320280730724335,False,False,-1,False,False,False,False,False,True,True,-1,-1,False,False,False,False,,,False,4.166031044839876,,False,True,,0,0,False,False
r2_a_50iter,compound,recovery_1_5,fcbccedd61424f1b85dcbf8f897f9754,f753d3f87e5b40af87ff2cbf7c8e7082,1533151610.446899,14,5,567,base,defer,defer,0.0,0.4281676709651947,0.0,0.0,0.0,0.0,1.0,0.6544649004936218,"[0.0, 0.0, 0.0, 0.0, 0.0, 0.0]","[0.0, 0.0, 0.0, 0.9999712705612183, 1.8073881150396098e-12, 0.0]","[0.0, 0.0, 0.0]","[-13.030658721923828, -26.838436126708984, -2.258162021636963]","[632.1458740234375, 1641.42578125, 1.381034255027771]","[0.0, 0.0, 0.0]",pedestrian,0.603077232837677,False,False,1,True,False,False,False,False,True,True,-1,-1,True,True,True,True,0af15fef1ea54711846a22c13ab87a73,pedestrian,True,0.4109242669577566,0.1551744822105708,True,False,14,0,0,True,False
r2_a_50iter,compound,recovery_1_5,fcbccedd61424f1b85dcbf8f897f9754,f753d3f87e5b40af87ff2cbf7c8e7082,1533151610.446899,14,5,587,base,defer,defer,0.0,0.46983596682548523,0.0,0.0,0.0,0.0,1.0,0.7184652090072632,"[0.0, 0.0, 0.0, 0.0, 0.0, 0.0]","[0.0, 0.0, 0.0, 0.999972939491272, 9.516717545920983e-05, 0.0]","[0.0, 0.0, 0.0]","[-19.3148250579834, -28.90809440612793, -2.946275234222412]","[634.5548095703125, 1647.608642578125, 0.9142690896987915]","[0.0, 0.0, 0.0]",pedestrian,0.10872795432806015,False,False,69,True,False,False,False,False,True,True,-1,-1,False,False,False,False,,,False,3.921419148302041,,False,True,,1,0,False,False
r2_a_50iter,compound,recovery_1_5,fcbccedd61424f1b85dcbf8f897f9754,f753d3f87e5b40af87ff2cbf7c8e7082,1533151610.446899,14,5,602,base,defer,defer,0.0,0.44461074471473694,0.0,0.0,0.0,0.0,1.0,0.7295951247215271,"[0.0, 0.0, 0.0, 0.0, 0.0, 0.0]","[0.0, 0.0, 0.0, 0.9999675750732422, 0.0, 1.3659704948037301e-18]","[0.0, 0.0, 0.0]","[6.371143341064453, -19.300378799438477, -1.7660067081451416]","[625.530517578125, 1621.685791015625, 1.1240618228912354]","[0.0, 0.0, 0.0]",pedestrian,0.02128301002085209,False,False,-1,False,False,False,False,False,True,True,-1,-1,True,True,True,True,135bbe9c408f42dc8731b501122e9973,pedestrian,True,0.16236086302693492,0.3772452927109983,True,False,14,0,0,True,False
r2_a_50iter,compound,recovery_1_5,fcbccedd61424f1b85dcbf8f897f9754,f753d3f87e5b40af87ff2cbf7c8e7082,1533151610.446899,14,5,612,base,defer,defer,0.0,0.31832054257392883,0.0,0.0,0.0,0.0,1.0,0.6641460061073303,"[0.0, 0.0, 0.0, 0.0, 0.0, 0.0]","[0.0, 0.0, 0.0, 0.9999691247940063, 1.4881511685915436e-14, 0.0]","[0.0, 0.0, 0.0]","[-12.411354064941406, -27.806882858276367, -2.295241117477417]","[631.0048828125, 1641.570068359375, 1.392661452293396]","[0.0, 0.0, 0.0]",pedestrian,0.08596528321504593,False,False,108,True,False,False,False,False,True,True,-1,-1,True,True,True,True,dbed4cee903546d5b402f9ace1d3f399,pedestrian,True,0.7459660570359563,0.32650196651438196,True,False,14,0,0,True,False
r2_a_50iter,compound,recovery_1_5,fcbccedd61424f1b85dcbf8f897f9754,f753d3f87e5b40af87ff2cbf7c8e7082,1533151610.446899,14,5,667,propagated,defer,keep,0.0,0.4829268455505371,0.0,0.0,0.0,0.9867835640907288,1.0,0.6504834890365601,"[0.06042557582259178, 0.0, 0.32170069217681885, 0.1243664100766182, 0.4935073256492615, 0.0]","[0.0, 0.0, 0.0, 0.9999529123306274, 0.00022940120834391564, 0.0]","[-16.62799072265625, -23.396820068359375, -2.4750843048095703]","[-16.52765655517578, -24.203123092651367, -2.5460565090179443]","[636.396240234375, 1642.4444580078125, 0.9889942407608032]","[-16.62799072265625, -23.396820068359375, -2.4750843048095703]",pedestrian,0.04032919928431511,False,False,-1,False,False,True,False,False,False,True,25,-1,False,False,False,False,,,False,4.261536396522914,,False,True,,5,0,False,False
r2_a_50iter,compound,recovery_1_5,fcbccedd61424f1b85dcbf8f897f9754,f753d3f87e5b40af87ff2cbf7c8e7082,1533151610.446899,14,5,678,propagated,defer,defer,0.0,0.3507336378097534,0.0,0.0,0.0,0.9928503632545471,1.0,0.7411163449287415,"[0.0, 0.0, 0.0, 0.9999988675117493, 0.0, 1.1296298225715873e-06]","[0.0, 0.0, 0.0, 0.9999703168869019, 0.0, 1.1520731959535624e-06]","[8.84661865234375, -16.52545166015625, -1.6439933776855469]","[9.312591552734375, -16.37689208984375, -1.597736120223999]","[625.8975830078125, 1617.5518798828125, 1.0717791318893433]","[8.83880615234375, -16.01336669921875, -1.6439933776855469]",pedestrian,0.022602548822760582,False,False,-1,False,False,True,False,False,False,True,7,-1,False,False,False,False,,,False,2.129811391029121,,False,True,,0,0,False,False
r2_a_50iter,compound,recovery_1_5,fcbccedd61424f1b85dcbf8f897f9754,f753d3f87e5b40af87ff2cbf7c8e7082,1533151610.446899,14,5,692,propagated,defer,defer,0.0,0.3280867040157318,0.0,0.0,0.0,0.5347276329994202,1.0,0.7594237327575684,"[0.0, 0.0, 0.0, 1.0, 0.0, 0.0]","[0.0, 0.0, 0.0, 0.9999251365661621, 0.0, 0.0]","[-4.02410888671875, -44.78338623046875, -3.0972023010253906]","[-2.5954055786132812, -45.88969421386719, -2.856750726699829]","[610.8237915039062, 1645.599853515625, 1.7670100927352905]","[-3.8252205848693848, -51.34218215942383, -3.0972023010253906]",traffic_cone,0.00011100825940957293,False,False,-1,False,False,False,False,False,True,True,-1,-1,False,False,False,True,b5be02d305d14d3ca7b4cd5146b99fcb,car,False,0.8873235913400377,3.0296471898174273,False,True,,0,0,False,False
r2_a_50iter,compound,recovery_1_5,fcbccedd61424f1b85dcbf8f897f9754,f753d3f87e5b40af87ff2cbf7c8e7082,1533151610.446899,14,5,733,propagated,defer,defer,0.0,0.41189372539520264,0.0,0.0,0.0,0.9956803321838379,1.0,0.7492591738700867,"[0.0, 0.0, 0.0, 1.0, 5.945261273544161e-35, 0.0]","[0.0, 0.0, 0.0, 0.9999394416809082, 1.0228021259802063e-35, 0.0]","[-9.07977294921875, -49.631591796875, -3.5139026641845703]","[-9.504138946533203, -50.578792572021484, -3.311473846435547]","[611.630615234375, 1653.9227294921875, 1.6998270750045776]","[-9.110343933105469, -50.43596649169922, -3.5139026641845703]",pedestrian,0.011350221931934357,False,False,-1,False,False,False,False,False,True,True,-1,-1,False,False,False,True,82a62ee4c5bc4e44a889b406e868444d,pedestrian,True,1.4679890909741187,0.5797088171205643,True,False,,0,0,False,False
r2_a_50iter,compound,recovery_1_5,fcbccedd61424f1b85dcbf8f897f9754,f753d3f87e5b40af87ff2cbf7c8e7082,1533151610.446899,14,5,775,propagated,defer,defer,0.0,0.34140580892562866,0.0,0.0,0.0,0.9771287441253662,1.0,0.7682621479034424,"[0.0, 0.0, 0.0, 1.0, 1.116442360809197e-20, 0.0]","[0.0, 0.0, 0.0, 0.9999727010726929, 9.141490563656613e-23, 0.0]","[-8.18170166015625, -24.184661865234375, -2.2014713287353516]","[-8.261299133300781, -25.25727653503418, -2.199474811553955]","[630.308837890625, 1636.75, 1.271994948387146]","[-8.18170166015625, -24.184661865234375, -2.2014713287353516]",pedestrian,0.028000611811876297,False,False,-1,False,False,True,False,False,False,True,6,-1,True,True,True,True,492dd3a15f894562b56ba7a00b39e47b,pedestrian,True,0.5033497740432586,0.7548261943807767,True,False,14,0,0,True,False
r2_a_50iter,compound,recovery_1_5,fcbccedd61424f1b85dcbf8f897f9754,f753d3f87e5b40af87ff2cbf7c8e7082,1533151610.446899,14,5,776,propagated,defer,keep,0.0,0.38874441385269165,0.0,0.0,0.0,0.9907347559928894,1.0,0.67618727684021,"[0.0, 0.0, 0.07342734932899475, 0.1954285055398941, 0.73114413022995, 0.0]","[0.0, 0.0, 0.0, 0.9999618530273438, 0.00013714091619476676, 0.0]","[-16.62786865234375, -23.396270751953125, -2.483856201171875]","[-16.195030212402344, -23.92087745666504, -2.537328004837036]","[636.4002685546875, 1642.00830078125, 0.9757015705108643]","[-16.62786865234375, -23.396270751953125, -2.483856201171875]",pedestrian,0.017593909054994583,False,False,-1,False,False,True,False,False,False,True,17,-1,False,False,False,False,,,False,4.392938062036316,,False,True,,5,0,False,False
r2_a_50iter,compound,recovery_1_5,fcbccedd61424f1b85dcbf8f897f9754,f753d3f87e5b40af87ff2cbf7c8e7082,1533151610.446899,14,5,779,propagated,defer,defer,0.0,0.3213503658771515,0.0,0.0,0.0,0.9953615665435791,1.0,0.6992562413215637,"[0.0, 0.0, 0.0, 1.0, 4.451129742566451e-11, 0.0]","[0.0, 0.0, 0.0, 0.999972939491272, 3.2825486578035024e-13, 0.0]","[-14.32623291015625, -29.290008544921875, -2.604299545288086]","[-14.264015197753906, -30.41338348388672, -2.5704658031463623]","[630.1803588867188, 1644.670654296875, 1.3025683164596558]","[-14.314756393432617, -29.935115814208984, -2.604299545288086]",pedestrian,0.010149679146707058,False,False,-1,False,False,False,False,False,True,True,-1,-1,False,False,False,True,081c19290123437ba6a3617344bbb55d,pedestrian,True,1.8806385616798855,1.3680978377117836,True,False,,0,0,False,False
r2_a_50iter,compound,recovery_1_5,fcbccedd61424f1b85dcbf8f897f9754,f753d3f87e5b40af87ff2cbf7c8e7082,1533151610.446899,14,5,781,propagated,defer,keep,0.0,0.481756329536438,0.0,0.0,0.0,0.9960420727729797,1.0,0.6894370913505554,"[0.0, 0.0, 0.06652694195508957, 0.1948094666004181, 0.7386636137962341, 0.0]","[0.0, 0.0, 0.0, 0.9999740123748779, 6.819840200478211e-05, 0.0]","[-19.1875, -28.12060546875, -2.8363380432128906]","[-18.902626037597656, -28.462703704833984, -2.846541166305542]","[634.6364135742188, 1647.002685546875, 0.9808082580566406]","[-19.1875, -28.12060546875, -2.8363380432128906]",pedestrian,0.017462152987718582,False,False,-1,False,False,True,False,False,False,True,19,-1,False,False,False,False,,,False,3.534558035628918,,False,True,,1,0,False,False
r2_a_50iter,compound,recovery_1_5,fcbccedd61424f1b85dcbf8f897f9754,f753d3f87e5b40af87ff2cbf7c8e7082,1533151610.446899,14,5,819,propagated,defer,defer,0.0,0.33427688479423523,0.0,0.0,0.0,0.9176326394081116,1.0,0.7503656148910522,"[0.0, 0.0, 0.0, 1.0, 2.390243667889276e-37, 0.0]","[0.0, 0.0, 0.0, 0.9999432563781738, 1.9781721017514105e-36, 0.0]","[-9.3365478515625, -52.44671630859375, -3.6263866424560547]","[-9.324317932128906, -51.19902038574219, -3.4248814582824707]","[611.035400390625, 1654.1861572265625, 1.6210929155349731]","[-9.381241798400879, -53.261558532714844, -3.6263866424560547]",pedestrian,0.004388107918202877,False,False,-1,False,False,False,False,False,True,True,-1,-1,False,False,False,True,82a62ee4c5bc4e44a889b406e868444d,pedestrian,True,1.2366766308658697,0.6528842496720725,True,False,,0,0,False,False
r2_a_50iter,compound,recovery_1_5,fcbccedd61424f1b85dcbf8f897f9754,f753d3f87e5b40af87ff2cbf7c8e7082,1533151610.446899,14,5,829,propagated,defer,defer,0.0,0.3804873824119568,0.0,0.0,0.0,0.9940752387046814,1.0,0.6830949187278748,"[0.0, 0.0, 0.0, 1.0, 1.963655106573814e-11, 0.0]","[0.0, 0.0, 0.0, 0.9999719858169556, 2.87103457327631e-13, 0.0]","[-13.43115234375, -27.249755859375, -2.406330108642578]","[-13.341434478759766, -28.437076568603516, -2.3968188762664795]","[631.1129150390625, 1642.69189453125, 1.343268871307373]","[-13.425737380981445, -27.898632049560547, -2.406330108642578]",pedestrian,0.021263249218463898,False,False,-1,False,False,True,False,False,False,True,1,-1,True,True,True,True,0af15fef1ea54711846a22c13ab87a73,pedestrian,True,1.2923095025469753,0.2834154903022864,True,False,14,0,0,True,False
r2_a_50iter,compound,recovery_1_5,fcbccedd61424f1b85dcbf8f897f9754,f753d3f87e5b40af87ff2cbf7c8e7082,1533151610.446899,14,5,853,propagated,defer,defer,0.0,0.28968098759651184,0.0,0.0,0.0,0.973377525806427,1.0,0.728233814239502,"[0.0, 0.0, 0.0, 0.9999357461929321, 6.420569843612611e-05, 0.0]","[0.0, 0.0, 0.0, 0.9999799728393555, 7.670916602364741e-06, 0.0]","[-30.9613037109375, -48.2911376953125, -4.398141860961914]","[-31.108625411987305, -49.443199157714844, -4.41269063949585]","[626.2904052734375, 1669.848876953125, 0.862289547920227]","[-30.961305618286133, -48.2911376953125, -4.398141860961914]",pedestrian,0.003652986604720354,False,False,-1,False,False,False,False,False,True,True,-1,-1,False,False,False,False,,,False,21.703270521733355,,False,True,,0,0,False,False
r2_a_50iter,compound,recovery_1_5,fcbccedd61424f1b85dcbf8f897f9754,f753d3f87e5b40af87ff2cbf7c8e7082,1533151610.446899,14,5,862,propagated,defer,keep,0.0,0.48368752002716064,0.0,0.0,0.0,0.9919155836105347,1.0,0.7077284455299377,"[0.0, 0.0, 2.7655480039356917e-07, 0.21030579507350922, 0.7896938920021057, 0.0]","[0.0, 0.0, 0.0, 0.9999773502349854, 3.9201389881782234e-05, 0.0]","[-20.85174560546875, -30.803497314453125, -3.010343551635742]","[-20.5649356842041, -31.371885299682617, -3.033507823944092]","[633.4609375, 1650.1458740234375, 0.9940532445907593]","[-20.85174560546875, -30.803497314453125, -3.010343551635742]",pedestrian,0.013946187682449818,False,False,-1,False,False,False,False,False,True,True,-1,-1,False,False,False,False,,,False,5.735840950243871,,False,True,,5,0,False,False
r2_a_50iter,compound,recovery_1_5,fcbccedd61424f1b85dcbf8f897f9754,f753d3f87e5b40af87ff2cbf7c8e7082,1533151610.446899,14,5,892,propagated,defer,defer,0.0,0.38290828466415405,0.0,0.0,0.0,0.9821687340736389,1.0,0.7435386180877686,"[0.0, 0.0, 0.0, 0.9999995827674866, 4.201476997423015e-07, 0.0]","[0.0, 0.0, 0.0, 0.9999810457229614, 9.838679204676737e-09, 0.0]","[-18.48291015625, -32.082550048828125, -3.079364776611328]","[-18.547508239746094, -33.02660369873047, -3.014578104019165]","[630.900390625, 1649.6513671875, 1.081407904624939]","[-18.48291015625, -32.082550048828125, -3.079364776611328]",pedestrian,0.003729113843291998,False,False,-1,False,False,False,False,False,True,True,-1,-1,False,False,False,False,,,False,5.198132924116973,,False,True,,0,0,False,False
r2_a_50iter,compound,recovery_1_5,fcbccedd61424f1b85dcbf8f897f9754,b22fa0b3c34f47b6a360b60f35d5d567,1533151610.946785,15,5,44,base,defer,defer,0.0,0.45279383659362793,0.0,0.0,0.0,0.0,1.0,0.6922642588615417,"[0.0, 0.0, 0.0, 0.0, 0.0, 0.0]","[0.0, 0.0, 0.0, 0.9999808073043823, 4.155265287408838e-07, 0.0]","[0.0, 0.0, 0.0]","[-18.486568450927734, -30.68490219116211, -2.812983274459839]","[633.72998046875, 1647.182373046875, 0.9809008836746216]","[0.0, 0.0, 0.0]",pedestrian,0.1611747443675995,False,False,36,True,False,False,False,False,True,True,-1,-1,False,False,False,False,,,False,3.110424806901634,,False,True,,0,0,False,False
r2_a_50iter,compound,recovery_1_5,fcbccedd61424f1b85dcbf8f897f9754,b22fa0b3c34f47b6a360b60f35d5d567,1533151610.946785,15,5,673,propagated,defer,keep,0.0,0.5282796025276184,0.0,0.0,0.0,0.996218204498291,1.0,0.6842188835144043,"[0.07049035280942917, 0.0, 0.2683952748775482, 0.20486128330230713, 0.4562530517578125, 0.0]","[0.0, 0.0, 0.0, 0.999893069267273, 0.001319855684414506, 0.0]","[-17.5267333984375, -24.95294189453125, -2.4096813201904297]","[-17.819366455078125, -25.271451950073242, -2.458329916000366]","[637.471923828125, 1643.1983642578125, 1.026747703552246]","[-17.5267333984375, -24.95294189453125, -2.4096813201904297]",pedestrian,0.040555503219366074,False,False,-1,False,False,True,False,False,False,True,25,-1,False,False,False,False,,,False,3.057501913488458,,False,True,,5,0,False,False
r2_a_50iter,compound,recovery_1_5,fcbccedd61424f1b85dcbf8f897f9754,b22fa0b3c34f47b6a360b60f35d5d567,1533151610.946785,15,5,730,propagated,defer,defer,0.0,0.3100215196609497,0.0,0.0,0.0,0.9916402101516724,1.0,0.6833981871604919,"[0.0, 0.0, 0.0, 0.9999962449073792, 3.7129018437553896e-06, 0.0]","[0.0, 0.0, 0.0, 0.9999839067459106, 1.880634385997837e-07, 0.0]","[-14.70843505859375, -25.205535888671875, -2.5131893157958984]","[-15.260093688964844, -25.54425621032715, -2.487002372741699]","[635.624267578125, 1641.4071044921875, 0.9764482975006104]","[-14.70843505859375, -25.205535888671875, -2.5131893157958984]",pedestrian,0.018572989851236343,False,False,-1,False,False,True,False,False,False,True,17,-1,False,False,False,False,,,False,4.4194003791716945,,False,True,,5,0,False,False
r2_a_50iter,compound,recovery_1_5,fcbccedd61424f1b85dcbf8f897f9754,b22fa0b3c34f47b6a360b60f35d5d567,1533151610.946785,15,5,742,propagated,defer,defer,0.0,0.44302019476890564,0.0,0.0,0.0,0.9991844892501831,1.0,0.6989884972572327,"[0.0, 0.0, 0.0, 1.0, 6.781848303424876e-13, 0.0]","[0.0, 0.0, 0.0, 0.9999569654464722, 2.7323311409238995e-15, 0.0]","[-13.37225341796875, -29.95782470703125, -2.4004440307617188]","[-13.276649475097656, -30.742753982543945, -2.2814712524414062]","[630.370361328125, 1643.1910400390625, 1.4399807453155518]","[-13.367660522460938, -30.60727310180664, -2.4004440307617188]",pedestrian,0.030631253495812416,False,False,-1,False,False,True,False,False,False,True,1,-1,True,True,True,True,40510ce822614183a46ea070927b1c35,pedestrian,True,1.5624401898968894,0.1728862080401433,True,False,15,0,0,True,False
r2_a_50iter,compound,recovery_1_5,fcbccedd61424f1b85dcbf8f897f9754,b22fa0b3c34f47b6a360b60f35d5d567,1533151610.946785,15,5,803,propagated,defer,defer,0.0,0.3467518091201782,0.0,0.0,0.0,0.9934837818145752,1.0,0.6716500520706177,"[0.0, 0.0, 0.0, 0.9999982714653015, 0.0, 1.7130344076576876e-06]","[0.0, 0.0, 0.0, 0.9999641180038452, 0.0, 7.079496100459437e-08]","[9.17120361328125, -16.42803955078125, -1.496633529663086]","[8.600028991699219, -15.935138702392578, -1.4902374744415283]","[627.7725219726562, 1616.8924560546875, 1.0990850925445557]","[9.170008659362793, -15.890883445739746, -1.496633529663086]",pedestrian,0.021186120808124542,False,False,-1,False,False,True,False,False,False,True,7,-1,True,True,True,True,f2924215f98a4e8b82d61823f687548a,pedestrian,True,1.058175182457746,0.4647285131116045,True,False,15,0,0,True,False
r2_a_50iter,compound,recovery_1_5,fcbccedd61424f1b85dcbf8f897f9754,b22fa0b3c34f47b6a360b60f35d5d567,1533151610.946785,15,5,869,propagated,defer,defer,0.0,0.2961202561855316,0.0,0.0,0.0,0.9955664873123169,1.0,0.722529947757721,"[0.0, 0.0, 0.0, 1.0, 1.0625987947763238e-22, 0.0]","[0.0, 0.0, 0.0, 0.9999616146087646, 4.48048465521763e-26, 0.0]","[-8.1207275390625, -26.894805908203125, -2.191802978515625]","[-7.810733795166016, -27.247480392456055, -2.150625228881836]","[629.5620727539062, 1636.7537841796875, 1.2993497848510742]","[-8.1207275390625, -26.894805908203125, -2.191802978515625]",pedestrian,0.018235018476843834,False,False,-1,False,False,True,False,False,False,True,6,-1,True,True,True,True,a99ef7b74b354895aa2c60a68b33e333,pedestrian,True,1.11952978502884,0.22758451149391215,True,False,15,0,0,True,False
r2_a_50iter,compound,recovery_1_5,fcbccedd61424f1b85dcbf8f897f9754,0a0d6b8c2e884134a3b48df43d54c36a,1533151611.446636,16,5,567,base,defer,defer,0.0,0.40114715695381165,0.0,0.0,0.0,0.0,1.0,0.7962474226951599,"[0.0, 0.0, 0.0, 0.0, 0.0, 0.0]","[0.0, 0.0, 0.0, 0.99997878074646, 2.4642446305733756e-08, 0.0]","[0.0, 0.0, 0.0]","[-15.115715026855469, -26.29901695251465, -2.3829338550567627]","[635.6383666992188, 1641.1741943359375, 0.9861264228820801]","[0.0, 0.0, 0.0]",pedestrian,0.007048807572573423,False,False,-1,False,False,False,False,False,True,True,-1,-1,False,False,False,False,,,False,4.901350373992929,,False,True,,5,0,False,False
r2_a_50iter,compound,recovery_1_5,fcbccedd61424f1b85dcbf8f897f9754,0a0d6b8c2e884134a3b48df43d54c36a,1533151611.446636,16,5,651,propagated,defer,keep,0.0,0.5504335761070251,0.0,0.0,0.0,0.9978113174438477,1.0,0.7472561001777649,"[0.031421829015016556, 0.16920703649520874, 0.0, 0.4740576148033142, 0.0, 0.3253135681152344]","[0.0, 0.0, 0.0, 0.9999507665634155, 0.0, 2.898525153227638e-08]","[8.4970703125, -15.823089599609375, -1.330434799194336]","[8.220268249511719, -15.472099304199219, -1.350609302520752]","[629.06982421875, 1616.2806396484375, 1.122352123260498]","[8.465666770935059, -15.250906944274902, -1.330434799194336]",pedestrian,0.0709696039557457,False,False,98,True,False,True,False,False,False,True,7,-1,True,True,True,True,ca8a7df86d6a4da18f32807ba2b74fe0,pedestrian,True,0.8200661478955966,0.36009421686851806,True,False,16,0,0,True,False
r2_a_50iter,compound,recovery_1_5,fcbccedd61424f1b85dcbf8f897f9754,0a0d6b8c2e884134a3b48df43d54c36a,1533151611.446636,16,5,679,propagated,defer,keep,0.0,0.44834068417549133,0.0,0.0,0.0,0.9969912171363831,1.0,0.7482270002365112,"[0.0, 0.0, 0.0, 1.0, 2.7060254611029296e-23, 0.0]","[0.0, 0.0, 0.0, 0.9999512434005737, 3.138496340153101e-29, 0.0]","[-7.07647705078125, -26.805328369140625, -1.91839599609375]","[-6.883125305175781, -27.111833572387695, -2.0104129314422607]","[629.7614135742188, 1635.3470458984375, 1.270509958267212]","[-6.684112071990967, -26.79153060913086, -1.91839599609375]",pedestrian,0.056235309690237045,False,False,160,True,False,True,False,False,False,True,6,-1,True,True,True,True,26bff5d4630648b1b6098b9686ceb66d,pedestrian,True,0.26741041561032663,0.17509030495419764,True,False,16,0,0,True,False
r2_a_50iter,compound,recovery_1_5,fcbccedd61424f1b85dcbf8f897f9754,0a0d6b8c2e884134a3b48df43d54c36a,1533151611.446636,16,5,703,propagated,defer,defer,0.0,0.4067809581756592,0.0,0.0,0.0,0.9997835755348206,1.0,0.7259730696678162,"[0.0, 0.0, 0.0, 1.0, 8.711707922126469e-16, 0.0]","[0.0, 0.0, 0.0, 0.9999440908432007, 6.294559911397822e-17, 0.0]","[-13.23077392578125, -31.917022705078125, -2.1385536193847656]","[-13.146793365478516, -32.57806396484375, -2.224740743637085]","[629.5587768554688, 1643.659423828125, 1.422632098197937]","[-13.198304176330566, -32.60530471801758, -2.1385536193847656]",pedestrian,0.020488271489739418,False,False,-1,False,False,True,False,False,False,True,1,-1,True,True,True,True,f5c91bd47b4c4888bcd88928a18e9411,pedestrian,True,1.8528212480106405,0.1096507823482287,True,False,16,0,0,True,False
r2_a_50iter,compound,recovery_1_5,fcbccedd61424f1b85dcbf8f897f9754,0a0d6b8c2e884134a3b48df43d54c36a,1533151611.446636,16,5,766,propagated,defer,keep,0.0,0.5020542740821838,0.0,0.0,0.0,0.9953293204307556,1.0,0.6601473689079285,"[0.0, 0.0, 0.0, 0.515525221824646, 0.4844748079776764, 0.0]","[0.0, 0.0, 0.0, 0.9998952150344849, 0.0014358269982039928, 0.0]","[-19.106689453125, -26.386444091796875, -2.370767593383789]","[-18.637592315673828, -26.444334030151367, -2.474090576171875]","[637.7755126953125, 1643.9786376953125, 0.9568506479263306]","[-19.106689453125, -26.386444091796875, -2.370767593383789]",pedestrian,0.01825225166976452,False,False,-1,False,False,True,False,False,False,True,25,-1,False,False,False,False,,,False,2.6788406266714317,,False,True,,5,0,False,False
r2_a_50iter,compound,recovery_1_5,325cef682f064c55a255f2625c533b75,61a7bd24f88a46c2963280d8b13ac675,1538984239.948316,53,5,680,propagated,defer,recover,1.0,0.5398164987564087,1.2210731506347656,0.04318531975150108,0.0,0.9752410054206848,1.0,0.7617447972297668,"[0.0874171108007431, 0.0, 0.3073740303516388, 0.0, 0.6052088737487793, 0.0]","[0.0, 0.0, 0.0, 0.9999972581863403, 1.8058489148486956e-09, 0.0]","[-7.63262939453125, -14.50909423828125, -1.6881637573242188]","[-7.561363220214844, -12.746826171875, -1.5782759189605713]","[716.54345703125, 1787.5357666015625, 1.1512960195541382]","[-7.678365707397461, -13.85487174987793, -1.6881637573242188]",pedestrian,0.05662616714835167,False,False,145,True,True,True,False,False,False,True,0,-1,False,False,False,True,293abeb43b2a439abcd4ff08b981eeb9,pedestrian,True,1.4255509377932327,0.20601934327540394,True,False,13,0,0,True,False
r2_a_50iter,compound,recovery_1_5,325cef682f064c55a255f2625c533b75,61a7bd24f88a46c2963280d8b13ac675,1538984239.948316,53,5,729,propagated,defer,defer,4.0,0.336174339056015,0.0,0.0,0.0,0.9886780977249146,1.0,0.682367205619812,"[0.0, 0.0, 0.0, 0.0, 0.0, 0.0]","[0.0, 0.0, 0.0, 0.9999973773956299, 0.0, 0.0]","[4.259033203125, -42.25531005859375, -4.092533111572266]","[4.9913330078125, -42.07644271850586, -4.12521505355835]","[732.9468994140625, 1815.0064697265625, 0.39183151721954346]","[4.259032249450684, -42.25531005859375, -4.092533111572266]",car,0.0020424886606633663,False,False,-1,False,True,True,False,False,False,True,1,-1,False,False,False,False,,,False,7.275108573898412,,False,True,,0,0,False,False
r2_a_50iter,compound,recovery_1_5,325cef682f064c55a255f2625c533b75,61a7bd24f88a46c2963280d8b13ac675,1538984239.948316,53,5,837,propagated,defer,defer,1.0,0.3252854347229004,0.0,0.0,0.0,0.9844681024551392,1.0,0.78575199842453,"[0.0, 0.0, 0.0, 0.0, 0.0, 0.0]","[0.0, 0.0, 0.0, 0.9999957084655762, 4.6011795312413464e-15, 0.0]","[-12.0535888671875, -27.33172607421875, -2.749805450439453]","[-12.076835632324219, -26.47469711303711, -2.531521797180176]","[730.3248291015625, 1791.9886474609375, 1.155726671218872]","[-12.053589820861816, -27.33172607421875, -2.749805450439453]",pedestrian,0.10811294615268707,False,False,65,True,True,True,False,False,False,True,2,-1,False,False,False,False,,,False,3.4595745551597687,,False,True,,0,0,False,False
r2_a_50iter,compound,recovery_1_5,325cef682f064c55a255f2625c533b75,61a7bd24f88a46c2963280d8b13ac675,1538984239.948316,53,5,852,propagated,defer,defer,4.0,0.31903696060180664,0.0,0.0,0.0,0.989703893661499,1.0,0.6841222047805786,"[0.0, 0.0, 0.0, 0.0, 0.0, 0.0]","[0.0, 0.0, 0.0, 0.9999973773956299, 0.0, 0.0]","[3.4503173828125, -41.6702880859375, -4.012836456298828]","[3.6506729125976562, -40.979400634765625, -4.015164852142334]","[732.8453979492188, 1813.2744140625, 0.4451826810836792]","[3.4503164291381836, -41.6702880859375, -4.012836456298828]",bicycle,0.0019006107468158007,False,False,-1,False,True,True,False,False,False,True,3,-1,False,False,False,False,,,False,6.737017345864761,,False,True,,0,0,False,False
r2_a_50iter,compound,recovery_1_5,325cef682f064c55a255f2625c533b75,61a7bd24f88a46c2963280d8b13ac675,1538984239.948316,53,5,870,propagated,defer,defer,1.0,0.23464104533195496,0.0,0.0,0.0,0.9748303890228271,1.0,0.7906436324119568,"[0.0, 0.0, 0.0, 0.0, 0.0, 0.0]","[0.0, 0.0, 0.0, 0.9999959468841553, 5.412175885271186e-15, 0.0]","[-13.30596923828125, -30.73846435546875, -3.0374069213867188]","[-13.498741149902344, -29.6451473236084, -2.8322548866271973]","[733.735595703125, 1792.7130126953125, 1.080783724784851]","[-13.305970191955566, -30.73846435546875, -3.0374069213867188]",pedestrian,0.04851599410176277,False,False,162,True,True,True,False,False,False,True,4,-1,False,False,False,True,0b4e0eb8ab06454d8904248794faa095,pedestrian,True,0.08666286794032234,1.2581971506794408e-06,True,False,,0,0,False,False
r2_a_50iter,compound,recovery_1_5,325cef682f064c55a255f2625c533b75,61a7bd24f88a46c2963280d8b13ac675,1538984239.948316,53,5,886,propagated,defer,defer,1.0,0.3703630864620209,0.0,0.0,0.0,0.9812355637550354,1.0,0.787357747554779,"[0.0, 0.0, 0.0, 0.0, 0.0, 0.0]","[0.0, 0.0, 0.0, 0.9999934434890747, 5.045274698602691e-24, 0.0]","[-10.000732421875, -31.307861328125, -2.8306312561035156]","[-9.760971069335938, -30.407936096191406, -2.548170566558838]","[732.1326904296875, 1796.1741943359375, 1.3706609010696411]","[-10.000733375549316, -31.307861328125, -2.8306312561035156]",pedestrian,0.16874080896377563,False,False,45,True,True,True,False,False,False,True,5,-1,True,False,False,True,26ae4a920a9c4457909454cd8a84c959,pedestrian,True,1.3545937528140137,1.3009482733572366e-06,True,False,13,0,0,True,False
r2_a_50iter,compound,recovery_1_5,325cef682f064c55a255f2625c533b75,609d5177362340458a3bfd4949cd1e64,1538984240.448191,54,5,13,base,defer,defer,0.0,0.31719622015953064,0.0,0.0,0.0,0.0,1.0,0.6846703290939331,"[0.0, 0.0, 0.0, 0.0, 0.0, 0.0]","[0.0, 0.0, 0.0, 0.9999954700469971, 0.0, 9.91109929432148e-37]","[0.0, 0.0, 0.0]","[6.388984680175781, -40.82352066040039, -3.485762596130371]","[733.222412109375, 1809.716552734375, 1.3000162839889526]","[0.0, 0.0, 0.0]",car,0.010043052956461906,False,False,-1,False,False,False,False,False,True,True,-1,-1,False,False,False,False,,,False,6.903517457067616,,False,True,,0,0,False,False
r2_a_50iter,compound,recovery_1_5,325cef682f064c55a255f2625c533b75,609d5177362340458a3bfd4949cd1e64,1538984240.448191,54,5,23,base,defer,defer,0.0,0.38176026940345764,0.0,0.0,0.0,0.0,1.0,0.6449869275093079,"[0.0, 0.0, 0.0, 0.0, 0.0, 0.0]","[0.0, 0.0, 0.0, 0.9999947547912598, 0.0, 6.691038079398936e-27]","[0.0, 0.0, 0.0]","[10.624805450439453, -43.068153381347656, -3.4929723739624023]","[733.25048828125, 1814.5081787109375, 1.4405790567398071]","[0.0, 0.0, 0.0]",car,0.008164878003299236,False,False,-1,False,False,False,False,False,True,True,-1,-1,False,False,False,False,,,False,6.9887564642674835,,False,True,,0,0,False,False
r2_a_50iter,compound,recovery_1_5,325cef682f064c55a255f2625c533b75,609d5177362340458a3bfd4949cd1e64,1538984240.448191,54,5,362,base,defer,defer,0.0,0.3397267758846283,0.0,0.0,0.0,0.0,1.0,0.8176705837249756,"[0.0, 0.0, 0.0, 0.0, 0.0, 0.0]","[0.0, 0.0, 0.0, 0.9999953508377075, 1.0184567916812474e-28, 0.0]","[0.0, 0.0, 0.0]","[-8.068649291992188, -30.151683807373047, -2.744058132171631]","[730.4161376953125, 1791.9517822265625, 1.313266634941101]","[0.0, 0.0, 0.0]",pedestrian,0.02317146584391594,False,False,-1,False,False,False,False,False,True,True,-1,-1,False,False,False,False,,,False,3.377053270670727,,False,True,,0,0,False,False
r2_a_50iter,compound,recovery_1_5,325cef682f064c55a255f2625c533b75,609d5177362340458a3bfd4949cd1e64,1538984240.448191,54,5,507,base,defer,defer,0.0,0.29211950302124023,0.0,0.0,0.0,0.0,1.0,0.7934050559997559,"[0.0, 0.0, 0.0, 0.0, 0.0, 0.0]","[0.0, 0.0, 0.0, 0.999994158744812, 3.427709207485911e-28, 0.0]","[0.0, 0.0, 0.0]","[-9.045867919921875, -33.325439453125, -2.8494443893432617]","[733.6812744140625, 1792.5517578125, 1.4464536905288696]","[0.0, 0.0, 0.0]",pedestrian,0.031238865107297897,False,False,-1,False,False,False,False,False,True,True,-1,-1,False,False,False,True,32beeedcb9c44706802f47214e2c1d8f,pedestrian,True,0.08702478753411423,2.6164835823372976e-06,True,False,,0,0,False,False
r2_a_50iter,compound,recovery_1_5,325cef682f064c55a255f2625c533b75,609d5177362340458a3bfd4949cd1e64,1538984240.448191,54,5,684,propagated,defer,defer,0.0,0.3887113630771637,0.0,0.0,0.0,0.9851208329200745,1.0,0.7600621581077576,"[0.0, 0.0, 0.0, 1.0, 3.96801534298519e-26, 0.0]","[0.0, 0.0, 0.0, 0.9999927282333374, 0.0, 0.0]","[-5.06585693359375, -32.3555908203125, -2.725879669189453]","[-4.228813171386719, -32.52793502807617, -2.587306022644043]","[730.7325439453125, 1796.447998046875, 1.6287232637405396]","[-5.065857410430908, -32.3555908203125, -2.725879669189453]",pedestrian,0.019823871552944183,False,False,-1,False,False,True,False,False,False,True,5,-1,True,False,False,True,a146d0e0204643deb471d728e0243ddc,pedestrian,True,1.5790353410802593,1.4551927433396982e-06,True,False,14,0,0,True,False
r2_a_50iter,compound,recovery_1_5,325cef682f064c55a255f2625c533b75,609d5177362340458a3bfd4949cd1e64,1538984240.448191,54,5,849,propagated,defer,defer,0.0,0.36860325932502747,0.0,0.0,0.0,0.9966853260993958,1.0,0.7181775569915771,"[0.0, 0.0, 0.0, 1.0, 1.5773830852605641e-10, 0.0]","[0.0, 0.0, 0.0, 0.9999969005584717, 2.0943817290994857e-21, 0.0]","[-5.22613525390625, -15.3819580078125, -1.7429046630859375]","[-5.361499786376953, -14.377666473388672, -1.5598435401916504]","[715.1368408203125, 1787.043212890625, 1.3189963102340698]","[-5.359435081481934, -14.741662979125977, -1.7429046630859375]",pedestrian,0.010562741197645664,False,False,-1,False,False,False,False,False,True,True,-1,-1,False,False,False,False,,,False,2.227713279009009,,False,True,,0,0,False,False
r2_a_50iter,compound,recovery_1_5,325cef682f064c55a255f2625c533b75,b1303058fa624645b753d7283d70de45,1538984240.947518,55,5,743,propagated,defer,keep,0.0,0.3890973627567291,0.0,0.0,0.0,0.9970632195472717,1.0,0.7633546590805054,"[0.0, 0.0, 0.0, 1.0, 1.885134703712231e-27, 0.0]","[0.0, 0.0, 0.0, 0.9999908208847046, 0.0, 0.0]","[2.05841064453125, -32.9581298828125, -2.5086593627929688]","[1.8422126770019531, -33.252174377441406, -2.3909614086151123]","[729.2703247070312, 1795.9935302734375, 1.7227611541748047]","[2.058410406112671, -32.9581298828125, -2.5086593627929688]",pedestrian,0.016854265704751015,False,False,-1,False,False,True,False,False,False,True,5,-1,False,False,False,False,,,False,3.0368344274507044,,False,True,,0,0,False,False
r2_a_50iter,compound,recovery_1_5,325cef682f064c55a255f2625c533b75,a19a80c905674faab7203a3a4e0f5246,1538984241.447959,56,5,492,base,defer,defer,0.0,0.2595904767513275,0.0,0.0,0.0,0.0,1.0,0.7239207625389099,"[0.0, 0.0, 0.0, 0.0, 0.0, 0.0]","[0.0, 0.0, 0.0, 0.9999790191650391, 0.0, 5.686683378600096e-31]","[0.0, 0.0, 0.0]","[7.326454162597656, -34.96973419189453, -1.8188586235046387]","[730.1113891601562, 1795.12744140625, 1.873913049697876]","[0.0, 0.0, 0.0]",pedestrian,0.03687185421586037,False,False,225,True,False,False,False,False,True,True,-1,-1,False,False,False,False,,,False,16.24969564608605,,False,True,,0,0,False,False
r2_b_50iter,camera_crash_5,recovery_1_5,fcbccedd61424f1b85dcbf8f897f9754,fa65a298c01f44e7a182bbf9e5fe3697,1533151607.548824,8,5,655,propagated,defer,recover,1.0,0.37906402349472046,0.13605761528015137,0.03032512031495571,0.0,0.9011992812156677,1.0,0.7333067655563354,"[0.0, 0.0, 0.0, 0.0, 1.0, 0.0]","[0.0, 0.0, 0.0, 0.9998984336853027, 0.0, 0.0]","[-4.4727783203125, -17.782196044921875, -1.6111316680908203]","[-2.9796791076660156, -20.59765625, -1.2660624980926514]","[615.1172485351562, 1642.69189453125, 1.6269035339355469]","[-4.495535850524902, -22.266353607177734, -1.6111316680908203]",barrier,5.6621571275172755e-05,False,False,-1,False,True,True,False,False,False,True,0,-1,False,False,False,False,,,False,2.1512631002295035,,False,True,,0,0,False,False
r2_b_50iter,camera_crash_5,recovery_1_5,fcbccedd61424f1b85dcbf8f897f9754,fa65a298c01f44e7a182bbf9e5fe3697,1533151607.548824,8,5,666,propagated,defer,recover,2.0,0.5782889723777771,1.3284292221069336,0.04626311734318733,0.0,0.9951408505439758,1.0,0.6981909275054932,"[0.20446635782718658, 0.4040149748325348, 0.0, 0.0, 0.0, 0.39151862263679504]","[0.0, 0.0, 0.0, 0.9997046589851379, 0.0, 5.166165304493943e-19]","[6.65521240234375, -20.262725830078125, -1.3687705993652344]","[6.642753601074219, -20.793746948242188, -0.8764872550964355]","[608.8422241210938, 1635.3927001953125, 1.9840896129608154]","[6.663997173309326, -20.82122230529785, -1.3687705993652344]",pedestrian,0.06899653375148773,False,False,236,True,True,True,False,False,False,True,1,-1,True,True,False,True,aa0ab0cab40d4467aa12cd5c491829d3,pedestrian,True,0.4854220532697491,0.22117752625623713,True,False,8,0,0,True,False
r2_b_50iter,camera_crash_5,recovery_1_5,fcbccedd61424f1b85dcbf8f897f9754,fa65a298c01f44e7a182bbf9e5fe3697,1533151607.548824,8,5,678,propagated,defer,recover,2.0,0.5423049926757812,1.2152676582336426,0.04338439926505089,0.0,0.9957537055015564,1.0,0.7099838256835938,"[0.008623676374554634, 0.0, 0.39639633893966675, 0.0, 0.594980001449585, 0.0]","[0.0, 0.0, 0.0, 0.9998935461044312, 6.81829307732262e-21, 0.0]","[-9.17193603515625, -26.214813232421875, -1.85198974609375]","[-9.403656005859375, -26.95921516418457, -1.4976990222930908]","[614.3131103515625, 1651.6990966796875, 1.7454662322998047]","[-9.126909255981445, -26.855989456176758, -1.85198974609375]",pedestrian,0.06473273783922195,False,False,-1,False,True,True,False,False,False,True,2,-1,False,False,False,True,101185cd967c4b039511966867bd0c55,pedestrian,True,0.4541111790418171,0.06401022842681038,True,False,8,0,0,True,False
r2_b_50iter,camera_crash_5,recovery_1_5,fcbccedd61424f1b85dcbf8f897f9754,fa65a298c01f44e7a182bbf9e5fe3697,1533151607.548824,8,5,688,propagated,defer,recover,1.0,0.49737146496772766,0.7911539077758789,0.03978971764445305,0.0,0.9989155530929565,1.0,0.7048504948616028,"[0.07982170581817627, 0.0, 0.4105135202407837, 0.0, 0.50966477394104, 0.0]","[0.0, 0.0, 0.0, 0.9999234676361084, 3.4658599368285817e-14, 0.0]","[-10.1826171875, -21.864471435546875, -1.650430679321289]","[-10.280464172363281, -22.534284591674805, -1.4390182495117188]","[618.2785034179688, 1649.5538330078125, 1.5839157104492188]","[-10.188197135925293, -22.501928329467773, -1.650430679321289]",pedestrian,0.05843697115778923,False,False,-1,False,True,True,False,False,False,True,3,-1,True,True,False,True,09ed64da038c4baba2468c94874e1e19,pedestrian,True,0.4006553713961066,0.026550590032471177,True,False,8,0,0,True,False
r2_b_50iter,camera_crash_5,recovery_1_5,fcbccedd61424f1b85dcbf8f897f9754,fa65a298c01f44e7a182bbf9e5fe3697,1533151607.548824,8,5,714,propagated,defer,defer,1.0,0.633529782295227,0.0,0.0,0.0,0.9784237742424011,1.0,0.7123686075210571,"[0.0, 0.0, 0.0, 0.0, 0.0, 0.0]","[0.0, 0.0, 0.0, 0.999727189540863, 0.0, 4.4762672053153954e-20]","[9.3145751953125, -29.728912353515625, -1.8783245086669922]","[8.680408477783203, -29.07176971435547, -1.1529808044433594]","[601.1644287109375, 1639.1058349609375, 2.11808705329895]","[9.289432525634766, -29.51175308227539, -1.8783245086669922]",pedestrian,0.4314690828323364,False,False,4,True,True,True,False,False,False,True,4,-1,True,True,False,True,9e8c9ceb4d984442b41fcc25342df4b4,pedestrian,True,1.1603549952222494,0.2003281108707153,True,False,8,0,0,True,False
r2_b_50iter,camera_crash_5,recovery_1_5,fcbccedd61424f1b85dcbf8f897f9754,fa65a298c01f44e7a182bbf9e5fe3697,1533151607.548824,8,5,741,propagated,defer,recover,2.0,0.5741966366767883,0.8871350288391113,0.0459357313811779,0.0,0.9932020902633667,1.0,0.7082579135894775,"[0.0, 0.21135030686855316, 0.0, 0.0, 0.0, 0.7886496782302856]","[0.0, 0.0, 0.0, 0.9998672008514404, 0.0, 7.453737605432609e-13]","[9.977294921875, -22.687835693359375, -1.760812759399414]","[9.624858856201172, -22.914960861206055, -1.3542897701263428]","[605.2908325195312, 1634.4642333984375, 1.6013104915618896]","[9.977294921875, -22.687835693359375, -1.760812759399414]",traffic_cone,0.02540852315723896,False,False,-1,False,True,True,False,False,False,True,5,-1,False,False,False,False,,,False,3.4178939569681894,,False,True,,0,0,False,False
r2_b_50iter,camera_crash_5,recovery_1_5,fcbccedd61424f1b85dcbf8f897f9754,fa65a298c01f44e7a182bbf9e5fe3697,1533151607.548824,8,5,789,propagated,defer,defer,2.0,0.4669371247291565,0.0,0.0,0.0,0.992254376411438,1.0,0.7583730816841125,"[0.0, 0.0, 0.0, 0.0, 0.0, 0.0]","[0.0, 0.0, 0.0, 0.9997348189353943, 0.0, 8.224017712492315e-14]","[10.986328125, -27.05682373046875, -1.594747543334961]","[10.631427764892578, -26.63483238220215, -1.1207036972045898]","[601.795654296875, 1636.050048828125, 2.018500804901123]","[10.978763580322266, -26.42643928527832, -1.594747543334961]",pedestrian,0.14378637075424194,False,False,77,True,True,True,False,False,False,True,6,-1,False,False,False,False,,,False,2.671019175220351,,False,True,,0,0,False,False
r2_b_50iter,camera_crash_5,recovery_1_5,fcbccedd61424f1b85dcbf8f897f9754,a98fba72bde9433fb882032d18aedb2e,1533151608.048151,9,5,22,base,defer,defer,0.0,0.4902413487434387,0.0,0.0,0.0,0.0,1.0,0.775976836681366,"[0.0, 0.0, 0.0, 0.0, 0.0, 0.0]","[0.0, 0.0, 0.0, 0.9998406171798706, 0.0, 0.0]","[0.0, 0.0, 0.0]","[-1.4589653015136719, -30.45633888244629, -1.4799678325653076]","[610.08056640625, 1645.025146484375, 1.7726062536239624]","[0.0, 0.0, 0.0]",car,0.0028232005424797535,False,False,-1,False,False,False,False,False,True,True,-1,-1,True,False,False,True,e891b3d6e16345b98532385e3a092bec,car,True,1.7240518664958522,1.0997731800608015,True,False,9,0,0,True,False
r2_b_50iter,camera_crash_5,recovery_1_5,fcbccedd61424f1b85dcbf8f897f9754,a98fba72bde9433fb882032d18aedb2e,1533151608.048151,9,5,432,base,defer,defer,0.0,0.37828466296195984,0.0,0.0,0.0,0.0,1.0,0.7316343188285828,"[0.0, 0.0, 0.0, 0.0, 0.0, 0.0]","[0.0, 0.0, 0.0, 0.9998542070388794, 5.8437020892064386e-27, 0.0]","[0.0, 0.0, 0.0]","[-8.708869934082031, -31.859821319580078, -1.5362548828125]","[613.6547241210938, 1651.4873046875, 1.759941816329956]","[0.0, 0.0, 0.0]",pedestrian,0.1964421570301056,False,False,44,True,False,False,False,False,True,True,-1,-1,True,False,False,True,ead8e7366a4e42b68b1f4dc053697652,pedestrian,True,0.3300827044775218,0.21016235507799694,True,False,10,0,0,True,False
r2_b_50iter,camera_crash_5,recovery_1_5,fcbccedd61424f1b85dcbf8f897f9754,a98fba72bde9433fb882032d18aedb2e,1533151608.048151,9,5,612,base,defer,defer,0.0,0.3987177610397339,0.0,0.0,0.0,0.0,1.0,0.7792593240737915,"[0.0, 0.0, 0.0, 0.0, 0.0, 0.0]","[0.0, 0.0, 0.0, 0.9998288154602051, 6.376049040756813e-20, 0.0]","[0.0, 0.0, 0.0]","[-10.135112762451172, -28.082365036010742, -1.2651851177215576]","[617.4739990234375, 1650.15234375, 1.850904107093811]","[0.0, 0.0, 0.0]",pedestrian,0.22553688287734985,False,False,34,True,False,False,False,False,True,True,-1,-1,True,False,False,True,5db23fd0e3e04ee5b67ef422e0587c05,pedestrian,True,0.7388898708277459,0.2009404075706494,True,False,9,0,0,True,False
r2_b_50iter,camera_crash_5,recovery_1_5,fcbccedd61424f1b85dcbf8f897f9754,a98fba72bde9433fb882032d18aedb2e,1533151608.048151,9,5,631,base,defer,defer,0.0,0.49346137046813965,0.0,0.0,0.0,0.0,1.0,0.7654644846916199,"[0.0, 0.0, 0.0, 0.0, 0.0, 0.0]","[0.0, 0.0, 0.0, 0.9997404217720032, 0.0, 1.1012202414045867e-23]","[0.0, 0.0, 0.0]","[6.551979064941406, -25.78712272644043, -1.086458444595337]","[608.5327758789062, 1635.8765869140625, 1.9726309776306152]","[0.0, 0.0, 0.0]",pedestrian,0.01250987034291029,False,False,-1,False,False,False,False,False,True,True,-1,-1,True,True,False,True,ceb756ea79d746f391bac2cbc7b8a9be,pedestrian,True,0.7181674902920686,0.14674025046995562,True,False,9,0,0,True,False
r2_b_50iter,camera_crash_5,recovery_1_5,fcbccedd61424f1b85dcbf8f897f9754,a98fba72bde9433fb882032d18aedb2e,1533151608.048151,9,5,690,propagated,defer,defer,0.0,0.406831294298172,0.0,0.0,0.0,0.9986386299133301,1.0,0.7456845641136169,"[0.0, 0.0, 0.0, 1.0, 0.0, 8.305768093530173e-19]","[0.0, 0.0, 0.0, 0.9997069239616394, 0.0, 5.34661275179434e-21]","[9.46435546875, -34.332672119140625, -1.303670883178711]","[9.544353485107422, -33.582542419433594, -1.2466650009155273]","[600.6345825195312, 1638.5826416015625, 2.1838202476501465]","[9.392218589782715, -33.786800384521484, -1.303670883178711]",pedestrian,0.01686229556798935,False,False,-1,False,False,False,False,False,True,True,4,-1,False,False,False,False,,,False,2.1447930336588397,,False,True,,1,0,False,False
r2_b_50iter,camera_crash_5,recovery_1_5,fcbccedd61424f1b85dcbf8f897f9754,a98fba72bde9433fb882032d18aedb2e,1533151608.048151,9,5,738,propagated,defer,defer,0.0,0.41398775577545166,0.0,0.0,0.0,0.9920977354049683,1.0,0.7661137580871582,"[0.0, 0.0, 0.0, 1.0, 0.0, 3.7768704450828056e-14]","[0.0, 0.0, 0.0, 0.999707043170929, 0.0, 1.0534710230657304e-16]","[11.444580078125, -32.022552490234375, -1.2823066711425781]","[11.131172180175781, -32.04267883300781, -1.220728874206543]","[600.7971801757812, 1636.377685546875, 2.142906665802002]","[11.379356384277344, -31.46709442138672, -1.2823066711425781]",pedestrian,0.01054746750742197,False,False,-1,False,False,False,False,False,True,True,-1,-1,False,False,False,False,,,False,2.7438579362839444,,False,True,,0,0,False,False
r2_b_50iter,camera_crash_5,recovery_1_5,fcbccedd61424f1b85dcbf8f897f9754,a98fba72bde9433fb882032d18aedb2e,1533151608.048151,9,5,794,propagated,defer,defer,0.0,0.4926682710647583,0.0,0.0,0.0,0.9945867657661438,1.0,0.775427520275116,"[0.0, 0.0, 0.0, 1.0, 0.0, 1.389279941088617e-10]","[0.0, 0.0, 0.0, 0.9997890591621399, 0.0, 1.4287963173709173e-13]","[11.498779296875, -27.39471435546875, -1.5648260116577148]","[11.052024841308594, -27.388471603393555, -1.2969346046447754]","[604.4108276367188, 1633.4571533203125, 1.850250005722046]","[11.498779296875, -27.39471435546875, -1.5648260116577148]",traffic_cone,0.011302975006401539,False,False,-1,False,False,False,False,False,True,True,-1,-1,False,False,False,False,,,False,4.407639294883571,,False,True,,0,0,False,False
r2_b_50iter,camera_crash_5,recovery_1_5,325cef682f064c55a255f2625c533b75,5b7cb170eee6468aa1fdbd3abcf63c5a,1538984237.446737,48,5,743,propagated,defer,recover,1.0,0.41450169682502747,0.6342220306396484,0.03316013514995575,0.0,0.9707537889480591,1.0,0.6993628740310669,"[0.0, 0.0, 0.20091085135936737, 0.0, 0.7990891337394714, 0.0]","[0.0, 0.0, 0.0, 0.9999885559082031, 9.542137080487123e-10, 0.0]","[-14.5728759765625, -26.90325927734375, -1.9712677001953125]","[-14.516361236572266, -25.686616897583008, -1.9446156024932861]","[737.097412109375, 1805.5599365234375, 1.0027154684066772]","[-14.572876930236816, -26.90325927734375, -1.9712677001953125]",bicycle,0.020020058378577232,False,False,-1,False,True,True,False,False,False,True,0,-1,False,False,False,True,4568d80512604a31a3adc93ff236bf5a,bicycle,True,1.0421370377758237,2.1734549441383354e-06,True,False,8,0,0,True,False
r2_b_50iter,camera_crash_5,recovery_1_5,325cef682f064c55a255f2625c533b75,5b7cb170eee6468aa1fdbd3abcf63c5a,1538984237.446737,48,5,836,propagated,defer,defer,4.0,0.38966038823127747,0.0,0.0,0.0,0.9056054353713989,1.0,0.7173305749893188,"[0.0, 0.0, 0.0, 0.0, 0.0, 0.0]","[0.0, 0.0, 0.0, 0.9999839067459106, 0.0, 0.0]","[-3.741241455078125, -28.62298583984375, -2.0039596557617188]","[-3.0203857421875, -26.943464279174805, -1.7037129402160645]","[728.7802734375, 1813.59521484375, 1.2356889247894287]","[-4.350577354431152, -28.703584671020508, -2.0039596557617188]",pedestrian,0.047217290848493576,False,False,214,True,True,True,False,False,False,True,1,-1,False,False,False,False,,,False,5.258735864669784,,False,True,,0,0,False,False
r2_b_50iter,camera_crash_5,recovery_1_5,325cef682f064c55a255f2625c533b75,5b7cb170eee6468aa1fdbd3abcf63c5a,1538984237.446737,48,5,842,propagated,defer,defer,4.0,0.35992735624313354,0.0,0.0,0.0,0.9509709477424622,1.0,0.7408245205879211,"[0.0, 0.0, 0.0, 0.0, 0.0, 0.0]","[0.0, 0.0, 0.0, 0.999985933303833, 0.0, 0.0]","[-0.799102783203125, -25.07415771484375, -1.8866767883300781]","[-2.1843032836914062, -23.821548461914062, -1.5995094776153564]","[726.204345703125, 1811.6407470703125, 1.2082812786102295]","[-1.387932538986206, -25.162038803100586, -1.8866767883300781]",pedestrian,0.074933260679245,False,False,146,True,True,True,False,False,False,True,2,-1,False,False,False,False,,,False,2.0433510337571237,,False,True,,0,0,False,False
r2_b_50iter,camera_crash_5,recovery_1_5,325cef682f064c55a255f2625c533b75,5b7cb170eee6468aa1fdbd3abcf63c5a,1538984237.446737,48,5,856,propagated,defer,defer,4.0,0.46241313219070435,0.0,0.0,0.0,0.9747868776321411,1.0,0.7785420417785645,"[0.0, 0.0, 0.0, 0.0, 0.0, 0.0]","[0.0, 0.0, 0.0, 0.9999847412109375, 0.0, 0.0]","[-2.81610107421875, -24.11090087890625, -1.7819976806640625]","[-2.7478256225585938, -23.086057662963867, -1.5219354629516602]","[726.1965942382812, 1810.7122802734375, 1.2587040662765503]","[-3.402035713195801, -23.969911575317383, -1.7819976806640625]",pedestrian,0.07707799971103668,False,False,141,True,True,True,False,False,False,True,3,-1,False,False,False,True,1549e245295746028d52a8225503af6c,pedestrian,True,1.497941920470286,0.942262255573845,True,False,,0,0,False,False
r2_b_50iter,camera_crash_5,recovery_1_5,325cef682f064c55a255f2625c533b75,5b7cb170eee6468aa1fdbd3abcf63c5a,1538984237.446737,48,5,862,propagated,defer,defer,3.0,0.4394466280937195,0.0,0.0,0.0,0.9988132119178772,1.0,0.7987309694290161,"[0.0, 0.0, 0.0, 0.0, 0.0, 0.0]","[0.0, 0.0, 0.0, 0.999985933303833, 3.036695463682624e-31, 0.0]","[-5.22808837890625, -23.45391845703125, -1.69671630859375]","[-5.718376159667969, -23.04970359802246, -1.5894911289215088]","[728.5225830078125, 1808.8638916015625, 1.204956293106079]","[-5.83823299407959, -23.232772827148438, -1.69671630859375]",pedestrian,0.017421919852495193,False,False,-1,False,True,True,False,False,False,True,4,-1,False,False,False,False,,,False,3.929329858239374,,False,True,,0,0,False,False
r2_b_50iter,camera_crash_5,recovery_1_5,325cef682f064c55a255f2625c533b75,d8251bbc2105497ab8ec80827d4429aa,1538984237.947155,49,5,22,base,defer,defer,0.0,0.2669438421726227,0.0,0.0,0.0,0.0,1.0,0.7769176959991455,"[0.0, 0.0, 0.0, 0.0, 0.0, 0.0]","[0.0, 0.0, 0.0, 0.9999899864196777, 0.0, 0.0]","[0.0, 0.0, 0.0]","[-3.27520751953125, -28.696470260620117, -2.094215154647827]","[729.100830078125, 1812.48291015625, 1.0932884216308594]","[0.0, 0.0, 0.0]",pedestrian,0.024073496460914612,False,False,-1,False,False,False,False,False,True,True,-1,-1,False,False,False,False,,,False,5.253732231582057,,False,True,,0,0,False,False
r2_b_50iter,camera_crash_5,recovery_1_5,325cef682f064c55a255f2625c533b75,d8251bbc2105497ab8ec80827d4429aa,1538984237.947155,49,5,314,base,defer,defer,0.0,0.44078516960144043,0.0,0.0,0.0,0.0,1.0,0.7644497156143188,"[0.0, 0.0, 0.0, 0.0, 0.0, 0.0]","[0.0, 0.0, 0.0, 0.9999889135360718, 2.5022947377898765e-14, 0.0]","[0.0, 0.0, 0.0]","[-13.642959594726562, -29.147626876831055, -2.158777952194214]","[737.4092407226562, 1806.2646484375, 1.1268829107284546]","[0.0, 0.0, 0.0]",pedestrian,0.007008356973528862,False,False,-1,False,False,False,False,False,True,True,-1,-1,False,False,False,True,0cab2896be4349ed88f59c84642e4b87,bicycle,False,0.8837819068567474,2.226550570831662e-06,False,True,,0,0,True,False
r2_b_50iter,camera_crash_5,recovery_1_5,325cef682f064c55a255f2625c533b75,d8251bbc2105497ab8ec80827d4429aa,1538984237.947155,49,5,481,base,defer,defer,0.0,0.5155590772628784,0.0,0.0,0.0,0.0,1.0,0.811206579208374,"[0.0, 0.0, 0.0, 0.0, 0.0, 0.0]","[0.0, 0.0, 0.0, 0.9999874830245972, 3.7580764904449036e-38, 0.0]","[0.0, 0.0, 0.0]","[-4.852073669433594, -25.89212417602539, -1.8003065586090088]","[728.5361328125, 1809.3067626953125, 1.2673932313919067]","[0.0, 0.0, 0.0]",pedestrian,0.018186623230576515,False,False,-1,False,False,False,False,False,True,True,-1,-1,False,False,False,False,,,False,6.313094451877597,,False,True,,0,0,False,False
r2_b_50iter,camera_crash_5,recovery_1_5,325cef682f064c55a255f2625c533b75,d8251bbc2105497ab8ec80827d4429aa,1538984237.947155,49,5,686,propagated,defer,defer,0.0,0.3598272204399109,0.0,0.0,0.0,0.9954344630241394,1.0,0.7909332513809204,"[0.0, 0.0, 0.0, 1.0, 0.0, 0.0]","[0.0, 0.0, 0.0, 0.9999884366989136, 0.0, 0.0]","[-1.3721923828125, -26.6949462890625, -1.8908576965332031]","[-2.5065879821777344, -26.554079055786133, -1.8603599071502686]","[727.1425170898438, 1811.306396484375, 1.2209571599960327]","[-2.0525946617126465, -26.701597213745117, -1.8908576965332031]",pedestrian,0.0058135599829256535,False,False,-1,False,False,False,False,False,True,True,-1,-1,False,False,False,False,,,False,3.9511826595282575,,False,True,,0,0,False,False
r2_b_50iter,camera_crash_5,recovery_1_5,325cef682f064c55a255f2625c533b75,d8251bbc2105497ab8ec80827d4429aa,1538984237.947155,49,5,856,propagated,defer,defer,0.0,0.35924673080444336,0.0,0.0,0.0,0.9952459931373596,1.0,0.7558777928352356,"[0.0, 0.0, 0.0, 1.0, 0.0, 0.0]","[0.0, 0.0, 0.0, 0.99998939037323, 0.0, 0.0]","[-1.866424560546875, -24.516845703125, -1.779815673828125]","[-2.415241241455078, -24.89790916442871, -1.8046648502349854]","[726.0220947265625, 1810.082275390625, 1.1984386444091797]","[-2.534815788269043, -24.425308227539062, -1.779815673828125]",pedestrian,0.002617244841530919,False,False,-1,False,False,False,False,False,True,True,-1,-1,False,False,False,False,,,False,4.136532297479902,,False,True,,0,0,False,False
r2_b_50iter,camera_crash_10,recovery_1_5,fcbccedd61424f1b85dcbf8f897f9754,de7593d76648450e947ba0c203dee1b0,1533151609.947025,13,5,658,propagated,defer,recover,2.0,0.53631991147995,2.0086498260498047,0.04290559142827988,0.0,0.9769583344459534,1.0,0.6983579397201538,"[0.2305731326341629, 0.0, 0.34317299723625183, 0.0, 0.42625388503074646, 0.0]","[0.0, 0.0, 0.0, 0.9999736547470093, 2.7193108875778194e-11, 0.0]","[-13.6055908203125, -23.95159912109375, -2.1490001678466797]","[-12.828739166259766, -25.14460563659668, -2.1730597019195557]","[631.785400390625, 1641.501953125, 1.3024864196777344]","[-13.654777526855469, -24.449878692626953, -2.1490001678466797]",pedestrian,0.0665702223777771,False,False,209,True,True,True,False,False,False,True,0,-1,True,True,True,True,84b1b1dde33e44bea0d99dc3094fd49a,pedestrian,True,0.4684485180597908,0.205926977896078,True,False,13,0,0,True,False
r2_b_50iter,camera_crash_10,recovery_1_5,fcbccedd61424f1b85dcbf8f897f9754,de7593d76648450e947ba0c203dee1b0,1533151609.947025,13,5,659,propagated,defer,recover,2.0,0.5799594521522522,1.9589653015136719,0.046396754682064056,0.0,0.9607535004615784,1.0,0.7276380062103271,"[0.41947272419929504, 0.3269467055797577, 0.0, 0.0, 0.0, 0.25358060002326965]","[0.0, 0.0, 0.0, 0.9999750852584839, 0.0, 2.069179729156088e-16]","[5.15399169921875, -16.79010009765625, -1.7331161499023438]","[6.444538116455078, -17.602638244628906, -1.7368440628051758]","[625.2450561523438, 1621.862548828125, 1.080506682395935]","[5.079439640045166, -17.23066520690918, -1.7331161499023438]",pedestrian,0.07329665869474411,False,False,182,True,True,True,False,False,False,True,1,-1,True,True,True,True,0e9b314c6a1f41189116b67fb257d8ba,pedestrian,True,0.7182541935777152,0.095322442548586,True,False,13,0,0,True,False
r2_b_50iter,camera_crash_10,recovery_1_5,fcbccedd61424f1b85dcbf8f897f9754,de7593d76648450e947ba0c203dee1b0,1533151609.947025,13,5,664,propagated,defer,defer,2.0,0.5208116769790649,0.0,0.0,0.0,0.9552937150001526,1.0,0.7508172392845154,"[0.0, 0.0, 0.0, 0.0, 0.0, 0.0]","[0.0, 0.0, 0.0, 0.9999524354934692, 7.486762076601856e-31, 0.0]","[-11.93170166015625, -44.655792236328125, -3.38287353515625]","[-10.518379211425781, -45.53548049926758, -3.2356255054473877]","[614.6234130859375, 1652.802490234375, 1.440897822380066]","[-11.98247241973877, -45.18680953979492, -3.38287353515625]",pedestrian,0.30243125557899475,False,False,9,True,True,True,False,False,False,True,2,-1,False,False,False,False,,,False,2.4110892051333486,,False,True,,0,0,False,False
r2_b_50iter,camera_crash_10,recovery_1_5,fcbccedd61424f1b85dcbf8f897f9754,de7593d76648450e947ba0c203dee1b0,1533151609.947025,13,5,681,propagated,defer,recover,3.0,0.5828163623809814,2.014204978942871,0.046543899923563004,0.0,0.9776923060417175,1.0,0.7108519077301025,"[0.1821340173482895, 0.4734449088573456, 0.0, 0.0, 0.0, 0.34442102909088135]","[0.0, 0.0, 0.0, 0.9999629259109497, 0.0, 2.4292630535934513e-21]","[5.73236083984375, -22.159423828125, -2.0263137817382812]","[6.633018493652344, -23.08738136291504, -1.9879469871520996]","[620.907470703125, 1625.2330322265625, 1.1569797992706299]","[5.6693115234375, -22.642621994018555, -2.0263137817382812]",pedestrian,0.06144411861896515,False,False,236,True,True,True,False,False,False,True,3,-1,True,True,True,True,b73d145dba9145689b3ff2621c381fe4,pedestrian,True,1.317497525770852,0.5794780449232294,True,False,13,0,0,True,False
r2_b_50iter,camera_crash_10,recovery_1_5,fcbccedd61424f1b85dcbf8f897f9754,de7593d76648450e947ba0c203dee1b0,1533151609.947025,13,5,684,propagated,defer,recover,3.0,0.466511994600296,2.6930437088012695,0.03732096031308174,0.0,0.974666953086853,1.0,0.7767842411994934,"[0.34088999032974243, 0.0, 0.2763473093509674, 0.0, 0.3827626407146454, 0.0]","[0.0, 0.0, 0.0, 0.9999748468399048, 1.0137186456336151e-20, 0.0]","[-9.251220703125, -22.926300048828125, -2.121255874633789]","[-8.123371124267578, -22.851369857788086, -2.04836368560791]","[630.5360107421875, 1636.4176025390625, 1.2393382787704468]","[-9.251220703125, -22.926298141479492, -2.121255874633789]",pedestrian,0.05683036893606186,False,False,-1,False,True,True,False,False,False,True,4,-1,True,True,True,True,e833662c5eb64d2580f877fee97117c5,pedestrian,True,0.2462696967947004,0.27003927372331227,True,False,13,0,0,True,False
r2_b_50iter,camera_crash_10,recovery_1_5,fcbccedd61424f1b85dcbf8f897f9754,de7593d76648450e947ba0c203dee1b0,1533151609.947025,13,5,685,propagated,defer,defer,2.0,0.5106461048126221,0.0,0.0,0.0,0.9595338106155396,1.0,0.7514177560806274,"[0.0, 0.0, 0.0, 0.0, 0.0, 0.0]","[0.0, 0.0, 0.0, 0.9999516010284424, 6.794493998971105e-33, 0.0]","[-11.41815185546875, -46.826416015625, -3.545093536376953]","[-10.072929382324219, -47.47825241088867, -3.3522417545318604]","[612.8433837890625, 1653.706787109375, 1.4363404512405396]","[-11.494099617004395, -47.38622283935547, -3.545093536376953]",pedestrian,0.23935984075069427,False,False,13,True,True,True,False,False,False,True,5,-1,False,False,False,False,,,False,2.0384220386024765,,False,True,,0,0,False,False
r2_b_50iter,camera_crash_10,recovery_1_5,fcbccedd61424f1b85dcbf8f897f9754,de7593d76648450e947ba0c203dee1b0,1533151609.947025,13,5,689,propagated,defer,recover,1.0,0.5195602178573608,1.0307340621948242,0.04156481474637985,0.0,0.9898980259895325,1.0,0.7441140413284302,"[0.15057989954948425, 0.42650824785232544, 0.0, 0.0, 0.0, 0.42291179299354553]","[0.0, 0.0, 0.0, 0.9999771118164062, 0.0, 2.788121093999507e-07]","[7.4580078125, -14.87518310546875, -1.5748882293701172]","[8.149139404296875, -14.6669921875, -1.5354909896850586]","[626.4131469726562, 1618.6688232421875, 1.0872161388397217]","[7.4640984535217285, -14.475075721740723, -1.5748882293701172]",pedestrian,0.05845029279589653,False,False,250,True,True,True,False,False,False,True,6,-1,True,True,True,True,16a95164fcdd44e99cf99a93dd13b017,pedestrian,True,0.971499236095859,0.6568218460857318,True,False,13,0,0,True,False
r2_b_50iter,camera_crash_10,recovery_1_5,fcbccedd61424f1b85dcbf8f897f9754,de7593d76648450e947ba0c203dee1b0,1533151609.947025,13,5,690,propagated,defer,recover,3.0,0.4912206828594208,1.090057373046875,0.03929765522480011,0.0,0.9635956287384033,1.0,0.7262891530990601,"[5.207126621729663e-26, 0.4613940119743347, 0.0, 0.0, 0.0, 0.5386059880256653]","[0.0, 0.0, 0.0, 0.9999743700027466, 0.0, 1.062411029825984e-18]","[5.02716064453125, -18.192474365234375, -1.8755226135253906]","[6.231037139892578, -18.95775604248047, -1.8343393802642822]","[624.3385620117188, 1622.8966064453125, 1.0667755603790283]","[5.0003790855407715, -18.37640953063965, -1.8755226135253906]",pedestrian,0.047183070331811905,False,False,-1,False,True,True,False,False,False,True,7,-1,True,True,True,True,ebc5a02f9ea64bbd9f3ccc3b84563d35,pedestrian,True,0.39457468949015256,0.19360204073131201,True,False,13,0,0,True,False
r2_b_50iter,camera_crash_10,recovery_1_5,fcbccedd61424f1b85dcbf8f897f9754,de7593d76648450e947ba0c203dee1b0,1533151609.947025,13,5,692,propagated,defer,recover,2.0,0.48262161016464233,1.6513986587524414,0.03860972821712494,0.0,0.9746214747428894,1.0,0.7238196134567261,"[0.3488540053367615, 0.3884468972682953, 0.0, 0.0, 0.0, 0.26269909739494324]","[0.0, 0.0, 0.0, 0.999974250793457, 0.0, 3.595406293320433e-18]","[5.34747314453125, -18.57611083984375, -1.8937149047851562]","[6.413505554199219, -19.062393188476562, -1.8430242538452148]","[624.14111328125, 1622.82373046875, 1.0624464750289917]","[5.324245452880859, -18.75214958190918, -1.8937149047851562]",pedestrian,0.04937444254755974,False,False,-1,False,True,True,False,False,False,True,8,-1,True,True,True,True,ebc5a02f9ea64bbd9f3ccc3b84563d35,pedestrian,True,0.3358884201521319,0.19012980223038195,True,False,13,0,0,True,False
r2_b_50iter,camera_crash_10,recovery_1_5,fcbccedd61424f1b85dcbf8f897f9754,de7593d76648450e947ba0c203dee1b0,1533151609.947025,13,5,701,propagated,defer,recover,2.0,0.5085541009902954,2.003220558166504,0.040684327483177185,0.0,0.9526057839393616,1.0,0.6860862374305725,"[0.2509828507900238, 0.0, 0.33575814962387085, 0.0, 0.4132590591907501, 0.0]","[0.0, 0.0, 0.0, 0.9999754428863525, 1.964195889270215e-10, 0.0]","[-14.6937255859375, -24.20538330078125, -2.198333740234375]","[-13.279060363769531, -25.140783309936523, -2.208484649658203]","[632.0753173828125, 1641.846923828125, 1.2716838121414185]","[-14.774842262268066, -24.704620361328125, -2.198333740234375]",pedestrian,0.03605346009135246,False,False,-1,False,True,True,False,False,False,True,9,-1,True,True,True,True,84b1b1dde33e44bea0d99dc3094fd49a,pedestrian,True,0.5783046959672967,0.2141082860279747,True,False,13,0,0,True,False
r2_b_50iter,camera_crash_10,recovery_1_5,fcbccedd61424f1b85dcbf8f897f9754,de7593d76648450e947ba0c203dee1b0,1533151609.947025,13,5,706,propagated,defer,defer,5.0,0.5308486223220825,0.0,0.0,0.0,0.9730273485183716,1.0,0.75947505235672,"[0.0, 0.0, 0.0, 0.0, 0.0, 0.0]","[0.0, 0.0, 0.0, 0.9999377727508545, 0.0, 2.3950304283004983e-22]","[9.70806884765625, -40.96087646484375, -2.89923095703125]","[10.875255584716797, -41.0176887512207, -2.8592214584350586]","[604.4032592773438, 1633.46923828125, 1.318149209022522]","[9.708067893981934, -40.96087646484375, -2.89923095703125]",traffic_cone,0.17842307686805725,False,False,31,True,True,True,False,False,False,True,10,-1,False,False,False,False,,,False,3.475869355758352,,False,True,,0,0,False,False
r2_b_50iter,camera_crash_10,recovery_1_5,fcbccedd61424f1b85dcbf8f897f9754,de7593d76648450e947ba0c203dee1b0,1533151609.947025,13,5,710,propagated,defer,recover,2.0,0.5339359045028687,2.0038223266601562,0.04271487146615982,0.0,0.9616892337799072,1.0,0.6809778809547424,"[0.323062539100647, 0.43559956550598145, 0.0, 0.0, 0.0, 0.24133794009685516]","[0.0, 0.0, 0.0, 0.9999721050262451, 0.0, 3.2021410262955685e-12]","[7.00994873046875, -15.89898681640625, -1.6147956848144531]","[7.577919006347656, -17.177879333496094, -1.667632818222046]","[624.8477783203125, 1620.717529296875, 1.1120564937591553]","[7.009674549102783, -15.902142524719238, -1.6147956848144531]",pedestrian,0.049854155629873276,False,False,-1,False,True,True,False,False,False,True,11,-1,True,True,True,True,bff8170575c24b5d8714061f5349892b,pedestrian,True,0.30111504887066975,0.2986334718762595,True,False,13,0,0,True,False
r2_b_50iter,camera_crash_10,recovery_1_5,fcbccedd61424f1b85dcbf8f897f9754,de7593d76648450e947ba0c203dee1b0,1533151609.947025,13,5,711,propagated,defer,defer,2.0,0.40619030594825745,0.0,0.0,0.0,0.9821406602859497,1.0,0.7338153123855591,"[0.0, 0.0, 0.0, 0.0, 0.0, 0.0]","[0.0, 0.0, 0.0, 0.9999167919158936, 0.0, 1.240007361586376e-31]","[5.92547607421875, -39.577728271484375, -2.450315475463867]","[6.652050018310547, -40.443267822265625, -2.526498317718506]","[607.5614013671875, 1636.3302001953125, 1.6606682538986206]","[5.940436363220215, -39.819698333740234, -2.450315475463867]",pedestrian,0.15773172676563263,False,False,40,True,True,True,False,False,False,True,12,-1,False,False,False,False,,,False,2.2668405769206497,,False,True,,0,0,False,False
r2_b_50iter,camera_crash_10,recovery_1_5,fcbccedd61424f1b85dcbf8f897f9754,de7593d76648450e947ba0c203dee1b0,1533151609.947025,13,5,730,propagated,defer,defer,1.0,0.3371064364910126,0.0,0.0,0.0,0.9203693270683289,1.0,0.7804079651832581,"[0.0, 0.0, 0.0, 0.0, 0.0, 0.0]","[0.0, 0.0, 0.0, 0.99997878074646, 1.5207066161870841e-10, 0.0]","[-13.349609375, -21.133880615234375, -2.0805606842041016]","[-11.943717956542969, -22.60780906677246, -2.0847108364105225]","[633.1679077148438, 1639.1976318359375, 1.2290446758270264]","[-13.349609375, -21.133880615234375, -2.0805606842041016]",pedestrian,0.11197466403245926,False,False,82,True,True,True,False,False,False,True,13,-1,False,False,False,False,,,False,2.0596257762995265,,False,True,,0,0,False,False
r2_b_50iter,camera_crash_10,recovery_1_5,fcbccedd61424f1b85dcbf8f897f9754,de7593d76648450e947ba0c203dee1b0,1533151609.947025,13,5,733,propagated,defer,defer,2.0,0.4098156690597534,0.0,0.0,0.0,0.9645799994468689,1.0,0.7342385053634644,"[0.0, 0.0, 0.0, 0.0, 0.0, 0.0]","[0.0, 0.0, 0.0, 0.999951958656311, 2.88326347068602e-36, 0.0]","[-10.0089111328125, -46.95172119140625, -3.589487075805664]","[-8.787940979003906, -47.69191360473633, -3.387516975402832]","[611.855224609375, 1652.858154296875, 1.4002951383590698]","[-10.100146293640137, -47.49079132080078, -3.589487075805664]",pedestrian,0.1707998812198639,False,False,34,True,True,True,False,False,False,True,14,-1,False,False,False,True,7a0cca0f12d547518dd80d8df2c501bb,pedestrian,True,0.8642272944338324,0.5744860327612171,True,False,,0,0,False,False
r2_b_50iter,camera_crash_10,recovery_1_5,fcbccedd61424f1b85dcbf8f897f9754,de7593d76648450e947ba0c203dee1b0,1533151609.947025,13,5,737,propagated,defer,recover,2.0,0.43242985010147095,2.037045478820801,0.03459438681602478,0.0,0.9634326100349426,1.0,0.7011619806289673,"[0.08161266893148422, 0.0, 0.36025309562683105, 0.0, 0.5581342577934265, 0.0]","[0.0, 0.0, 0.0, 0.9999810457229614, 1.6351487275301224e-08, 0.0]","[-16.67626953125, -26.497344970703125, -2.4844017028808594]","[-15.50625991821289, -27.19866371154785, -2.5276379585266113]","[631.9105834960938, 1644.8868408203125, 1.1002765893936157]","[-16.67626953125, -26.497344970703125, -2.4844017028808594]",pedestrian,0.02295975759625435,False,False,-1,False,True,True,False,False,False,True,15,-1,False,False,False,True,c97be344ac4143ffa69b0b5ed22f31c2,pedestrian,True,0.33725364501997057,7.223422107313304e-08,True,False,13,0,0,True,False
r2_b_50iter,camera_crash_10,recovery_1_5,fcbccedd61424f1b85dcbf8f897f9754,de7593d76648450e947ba0c203dee1b0,1533151609.947025,13,5,765,propagated,defer,defer,1.0,0.4486852288246155,0.0,0.0,0.0,0.97408527135849,1.0,0.7564605474472046,"[0.0, 0.0, 0.0, 0.0, 0.0, 0.0]","[0.0, 0.0, 0.0, 0.9999529123306274, 2.5692890992589456e-30, 0.0]","[-11.48321533203125, -43.629302978515625, -3.3878002166748047]","[-10.55410385131836, -44.70182418823242, -3.191559076309204]","[615.2874755859375, 1652.2952880859375, 1.435238242149353]","[-11.55432415008545, -44.178497314453125, -3.3878002166748047]",pedestrian,0.14677108824253082,False,False,49,True,True,True,False,False,False,True,16,-1,False,False,False,True,2f009793dd694578990c045dc8c77e31,pedestrian,True,1.648235996154486,0.5250658681384749,True,False,,0,0,False,False
r2_b_50iter,camera_crash_10,recovery_1_5,fcbccedd61424f1b85dcbf8f897f9754,de7593d76648450e947ba0c203dee1b0,1533151609.947025,13,5,772,propagated,defer,recover,1.0,0.4678128659725189,0.9379138946533203,0.03742503002285957,0.0,0.9913922548294067,1.0,0.6800733804702759,"[0.021695127710700035, 0.0, 0.3684998154640198, 0.0, 0.6098051071166992, 0.0]","[0.0, 0.0, 0.0, 0.999975323677063, 3.428472700761631e-05, 0.0]","[-18.08465576171875, -26.366973876953125, -2.5238285064697266]","[-17.510929107666016, -26.674163818359375, -2.617232084274292]","[633.5931396484375, 1646.095458984375, 1.000680923461914]","[-18.08465576171875, -26.366973876953125, -2.5238285064697266]",pedestrian,0.023389974609017372,False,False,-1,False,True,True,False,False,False,True,17,-1,False,False,False,False,,,False,2.1536231616408092,,False,True,,3,0,False,False
r2_b_50iter,camera_crash_10,recovery_1_5,fcbccedd61424f1b85dcbf8f897f9754,de7593d76648450e947ba0c203dee1b0,1533151609.947025,13,5,780,propagated,defer,recover,1.0,0.3481370508670807,0.37270259857177734,0.027850963175296783,0.0,0.9767903685569763,1.0,0.6929388046264648,"[0.0, 0.0, 0.0, 0.0, 1.0, 0.0]","[0.0, 0.0, 0.0, 0.9999436140060425, 0.00021027956972829998, 0.0]","[-15.84613037109375, -21.257415771484375, -2.1673717498779297]","[-14.945503234863281, -21.849462509155273, -2.27923321723938]","[635.664306640625, 1641.027587890625, 1.0212808847427368]","[-15.84613037109375, -21.257415771484375, -2.1673717498779297]",pedestrian,0.021958017721772194,False,False,-1,False,True,True,False,False,False,True,18,-1,False,False,False,False,,,False,3.0023961215826036,,False,True,,5,0,False,False
r2_b_50iter,camera_crash_10,recovery_1_5,fcbccedd61424f1b85dcbf8f897f9754,de7593d76648450e947ba0c203dee1b0,1533151609.947025,13,5,794,propagated,defer,recover,1.0,0.5400369167327881,0.7832117080688477,0.043202951550483704,0.0,0.97977614402771,1.0,0.6863234043121338,"[0.0, 0.0, 0.15159571170806885, 0.0, 0.8484042882919312, 0.0]","[0.0, 0.0, 0.0, 0.9999598264694214, 0.0002224448398919776, 0.0]","[-20.38836669921875, -28.280303955078125, -2.708372116088867]","[-19.666000366210938, -28.982763290405273, -2.7876980304718018]","[633.1957397460938, 1649.233154296875, 0.9919627904891968]","[-20.38836669921875, -28.280303955078125, -2.708372116088867]",pedestrian,0.02068953774869442,False,False,-1,False,True,True,False,False,False,True,19,-1,False,False,False,False,,,False,4.786106238530448,,False,True,,1,0,False,False
r2_b_50iter,camera_crash_10,recovery_1_5,fcbccedd61424f1b85dcbf8f897f9754,de7593d76648450e947ba0c203dee1b0,1533151609.947025,13,5,813,propagated,defer,defer,1.0,0.4035643935203552,0.0,0.0,0.0,0.9742336869239807,1.0,0.7593768835067749,"[0.0, 0.0, 0.0, 0.0, 0.0, 0.0]","[0.0, 0.0, 0.0, 0.9999525547027588, 2.230608006914388e-35, 0.0]","[-9.88055419921875, -45.541046142578125, -3.585481643676758]","[-8.85702133178711, -46.21712875366211, -3.29805326461792]","[613.0341796875, 1651.9649658203125, 1.4018319845199585]","[-9.956005096435547, -46.09537124633789, -3.585481643676758]",pedestrian,0.1326693296432495,False,False,64,True,True,True,False,False,False,True,20,-1,False,False,False,False,,,False,2.2290188749277164,,False,True,,0,0,False,False
r2_b_50iter,camera_crash_10,recovery_1_5,fcbccedd61424f1b85dcbf8f897f9754,de7593d76648450e947ba0c203dee1b0,1533151609.947025,13,5,841,propagated,defer,recover,1.0,0.3625301420688629,0.8804302215576172,0.029002411291003227,0.0,0.9810534715652466,1.0,0.7213476300239563,"[0.011513041332364082, 0.0, 0.3789958357810974, 0.0, 0.6094911098480225, 0.0]","[0.0, 0.0, 0.0, 0.9999816417694092, 2.2421174890041584e-06, 0.0]","[-17.764404296875, -26.751129150390625, -2.5337352752685547]","[-16.802066802978516, -26.917518615722656, -2.585099697113037]","[632.9537963867188, 1645.705078125, 1.0398224592208862]","[-17.764404296875, -26.751129150390625, -2.5337352752685547]",pedestrian,0.015902604907751083,False,False,-1,False,True,True,False,False,False,True,21,-1,False,False,False,True,c97be344ac4143ffa69b0b5ed22f31c2,pedestrian,True,1.4343907194479357,2.1593203507252704e-07,True,False,13,0,0,True,False
r2_b_50iter,camera_crash_10,recovery_1_5,fcbccedd61424f1b85dcbf8f897f9754,de7593d76648450e947ba0c203dee1b0,1533151609.947025,13,5,847,propagated,defer,defer,1.0,0.23239323496818542,0.0,0.0,0.0,0.9798797965049744,1.0,0.6825460195541382,"[0.0, 0.0, 0.0, 0.0, 0.0, 0.0]","[0.0, 0.0, 0.0, 0.9999698400497437, 0.0, 3.228027914414788e-11]","[7.52227783203125, -18.07672119140625, -1.6590824127197266]","[8.499622344970703, -18.497955322265625, -1.7500121593475342]","[623.2417602539062, 1620.8568115234375, 1.0992461442947388]","[7.517416000366211, -18.289941787719727, -1.6590824127197266]",pedestrian,0.03658999502658844,False,False,-1,False,True,True,False,False,False,True,22,-1,True,True,True,True,4eb1a864acc24ef89aa487d5002cc071,pedestrian,True,1.0704746511449073,0.059722916856597884,True,False,13,0,0,True,False
r2_b_50iter,camera_crash_10,recovery_1_5,fcbccedd61424f1b85dcbf8f897f9754,de7593d76648450e947ba0c203dee1b0,1533151609.947025,13,5,849,propagated,defer,recover,1.0,0.4812856614589691,0.6400303840637207,0.038502853363752365,0.0,0.9710873365402222,1.0,0.6813042163848877,"[0.0, 0.0, 0.0033142638858407736, 0.0, 0.9966857433319092, 0.0]","[0.0, 0.0, 0.0, 0.9999568462371826, 0.00024265226966235787, 0.0]","[-19.94085693359375, -27.259429931640625, -2.619731903076172]","[-18.7705078125, -27.55983543395996, -2.703291177749634]","[633.717041015625, 1647.632568359375, 0.9813128709793091]","[-19.94085693359375, -27.259429931640625, -2.619731903076172]",pedestrian,0.01821700856089592,False,False,-1,False,True,True,False,False,False,True,23,-1,False,False,False,False,,,False,3.470283713369398,,False,True,,3,0,False,False
r2_b_50iter,camera_crash_10,recovery_1_5,fcbccedd61424f1b85dcbf8f897f9754,de7593d76648450e947ba0c203dee1b0,1533151609.947025,13,5,852,propagated,defer,recover,1.0,0.4270821213722229,0.6860389709472656,0.034166570752859116,0.0,0.9929471015930176,1.0,0.7240604758262634,"[0.0, 0.0, 0.1683972030878067, 0.0, 0.8316028118133545, 0.0]","[0.0, 0.0, 0.0, 0.9999803304672241, 2.9410136903607054e-06, 0.0]","[-18.65997314453125, -28.795654296875, -2.6642322540283203]","[-18.318260192871094, -29.27715301513672, -2.7369375228881836]","[632.1088256835938, 1648.3837890625, 1.0459704399108887]","[-18.65997314453125, -28.795654296875, -2.6642322540283203]",pedestrian,0.014920741319656372,False,False,-1,False,True,True,False,False,False,True,24,-1,False,False,False,False,,,False,3.8001157243220587,,False,True,,0,0,False,False
r2_b_50iter,camera_crash_10,recovery_1_5,fcbccedd61424f1b85dcbf8f897f9754,de7593d76648450e947ba0c203dee1b0,1533151609.947025,13,5,854,propagated,defer,recover,1.0,0.432238906621933,0.7001428604125977,0.034579113125801086,0.0,0.9786302447319031,1.0,0.7190505862236023,"[0.0, 0.0, 0.17117427289485931, 0.0, 0.8288257718086243, 0.0]","[0.0, 0.0, 0.0, 0.9999788999557495, 9.967209734895732e-06, 0.0]","[-19.7484130859375, -29.0511474609375, -2.685300827026367]","[-18.736671447753906, -29.27756118774414, -2.7573063373565674]","[632.3756713867188, 1648.706298828125, 1.0301107168197632]","[-19.7484130859375, -29.0511474609375, -2.685300827026367]",pedestrian,0.015364192426204681,False,False,-1,False,True,True,False,False,False,True,25,-1,False,False,False,False,,,False,4.134444145895147,,False,True,,1,0,False,False
r2_b_50iter,camera_crash_10,recovery_1_5,fcbccedd61424f1b85dcbf8f897f9754,de7593d76648450e947ba0c203dee1b0,1533151609.947025,13,5,869,propagated,defer,recover,2.0,0.3769056499004364,0.4646570682525635,0.030152451246976852,0.0,0.9753162264823914,1.0,0.701435923576355,"[0.0, 8.342911087973218e-19, 0.0, 0.0, 0.0, 1.0]","[0.0, 0.0, 0.0, 0.9999759197235107, 0.0, 8.121903793178927e-17]","[5.15399169921875, -16.79022216796875, -1.7311668395996094]","[6.209259033203125, -17.255687713623047, -1.7184443473815918]","[625.66259765625, 1621.8206787109375, 1.0805538892745972]","[5.10354471206665, -17.091646194458008, -1.7311668395996094]",pedestrian,0.013892728835344315,False,False,-1,False,True,True,False,False,False,True,26,-1,True,True,True,True,0e9b314c6a1f41189116b67fb257d8ba,pedestrian,True,0.3375799608254873,0.07700632174762373,True,False,13,0,0,True,False
r2_b_50iter,camera_crash_10,recovery_1_5,fcbccedd61424f1b85dcbf8f897f9754,de7593d76648450e947ba0c203dee1b0,1533151609.947025,13,5,870,propagated,defer,defer,2.0,0.31534481048583984,0.0,0.0,0.0,0.9820365309715271,1.0,0.6565383076667786,"[0.0, 0.0, 0.0, 0.0, 0.0, 0.0]","[0.0, 0.0, 0.0, 0.9999717473983765, 2.5877397447082728e-11, 0.0]","[-14.501220703125, -25.99652099609375, -2.273649215698242]","[-13.660530090332031, -26.870121002197266, -2.2665634155273438]","[630.9908447265625, 1643.247314453125, 1.3215358257293701]","[-14.560240745544434, -26.558977127075195, -2.273649215698242]",pedestrian,0.08146361261606216,False,False,143,True,True,True,False,False,False,True,27,-1,False,False,False,True,c97be344ac4143ffa69b0b5ed22f31c2,pedestrian,True,1.7110476145908249,1.4357793538624648,True,False,13,0,0,True,False
r2_b_50iter,camera_crash_10,recovery_1_5,fcbccedd61424f1b85dcbf8f897f9754,de7593d76648450e947ba0c203dee1b0,1533151609.947025,13,5,885,propagated,defer,recover,1.0,0.3851342499256134,0.5139822959899902,0.03081073984503746,0.0,0.983913779258728,1.0,0.6896875500679016,"[0.0, 0.0, 0.04038915038108826, 0.0, 0.9596108794212341, 0.0]","[0.0, 0.0, 0.0, 0.9999806880950928, 1.2433928304744768e-06, 0.0]","[-16.10150146484375, -24.071685791015625, -2.293315887451172]","[-15.29913330078125, -24.71484375, -2.3493919372558594]","[633.6901245117188, 1643.1328125, 1.1269481182098389]","[-16.16745376586914, -24.48305320739746, -2.293315887451172]",pedestrian,0.01003172341734171,False,False,-1,False,True,True,False,False,False,True,28,-1,False,False,False,False,,,False,2.1832343742452975,,False,True,,0,0,False,False
r2_b_50iter,camera_crash_10,recovery_1_5,fcbccedd61424f1b85dcbf8f897f9754,de7593d76648450e947ba0c203dee1b0,1533151609.947025,13,5,889,propagated,defer,recover,1.0,0.48236024379730225,0.6434521675109863,0.03858881816267967,0.0,0.9832852482795715,1.0,0.7007356286048889,"[0.0, 0.0, 3.438047144754819e-07, 0.0, 0.9999996423721313, 0.0]","[0.0, 0.0, 0.0, 0.9999375343322754, 0.000693760986905545, 0.0]","[-21.15667724609375, -28.920440673828125, -2.7305755615234375]","[-20.48847007751465, -29.543272018432617, -2.8221282958984375]","[633.2911376953125, 1650.2244873046875, 0.999970555305481]","[-21.15667724609375, -28.920440673828125, -2.7305755615234375]",pedestrian,0.013959754258394241,False,False,-1,False,True,True,False,False,False,True,29,-1,False,False,False,False,,,False,5.773496370012737,,False,True,,1,0,False,False
r2_b_50iter,camera_crash_10,recovery_1_5,fcbccedd61424f1b85dcbf8f897f9754,de7593d76648450e947ba0c203dee1b0,1533151609.947025,13,5,892,propagated,defer,defer,1.0,0.36319905519485474,0.0,0.0,0.0,0.9713722467422485,1.0,0.7042860388755798,"[0.0, 0.0, 0.0, 0.0, 0.0, 0.0]","[0.0, 0.0, 0.0, 0.9999803304672241, 2.0405408918122703e-08, 0.0]","[-19.6817626953125, -32.239532470703125, -2.9878177642822266]","[-18.516441345214844, -32.54314422607422, -2.9417526721954346]","[629.7225341796875, 1650.6318359375, 1.0396183729171753]","[-19.6817626953125, -32.239532470703125, -2.9878177642822266]",pedestrian,0.040176279842853546,False,False,-1,False,True,True,False,False,False,True,30,-1,False,False,False,False,,,False,6.483470679844569,,False,True,,0,0,False,False
r2_b_50iter,camera_crash_10,recovery_1_5,fcbccedd61424f1b85dcbf8f897f9754,de7593d76648450e947ba0c203dee1b0,1533151609.947025,13,5,894,propagated,defer,defer,4.0,0.3664294481277466,0.0,0.0,0.0,0.9997354745864868,1.0,0.6775087118148804,"[0.0, 0.0, 0.0, 0.0, 0.0, 0.0]","[0.0, 0.0, 0.0, 0.999953031539917, 5.626016347656032e-24, 0.0]","[-12.19146728515625, -39.67950439453125, -2.951435089111328]","[-12.194061279296875, -40.018760681152344, -2.864950656890869]","[619.942626953125, 1650.548095703125, 1.4976609945297241]","[-12.229145050048828, -39.951560974121094, -2.951435089111328]",pedestrian,0.09787489473819733,False,False,98,True,True,True,False,False,False,True,31,-1,False,False,False,False,,,False,4.0133326730307965,,False,True,,0,0,False,False
r2_b_50iter,camera_crash_10,recovery_1_5,fcbccedd61424f1b85dcbf8f897f9754,f753d3f87e5b40af87ff2cbf7c8e7082,1533151610.446899,14,5,2,base,defer,defer,0.0,0.36108654737472534,0.0,0.0,0.0,0.0,1.0,0.7483319640159607,"[0.0, 0.0, 0.0, 0.0, 0.0, 0.0]","[0.0, 0.0, 0.0, 0.9999411106109619, 3.044279694459412e-32, 0.0]","[0.0, 0.0, 0.0]","[-10.267658233642578, -47.119266510009766, -3.121641159057617]","[614.7813110351562, 1652.29150390625, 1.6934517621994019]","[0.0, 0.0, 0.0]",pedestrian,0.1213332861661911,False,False,53,True,False,False,False,False,True,True,-1,-1,False,False,False,True,2b5c84ef9b6e417aabc0ee048e3c4ca0,pedestrian,True,1.5339848625954426,0.5852629134132408,True,False,,0,0,False,False
r2_b_50iter,camera_crash_10,recovery_1_5,fcbccedd61424f1b85dcbf8f897f9754,f753d3f87e5b40af87ff2cbf7c8e7082,1533151610.446899,14,5,10,base,defer,defer,0.0,0.49249523878097534,0.0,0.0,0.0,0.0,1.0,0.6954126358032227,"[0.0, 0.0, 0.0, 0.0, 0.0, 0.0]","[0.0, 0.0, 0.0, 0.9999639987945557, 0.0, 4.451818848335625e-20]","[0.0, 0.0, 0.0]","[6.246345520019531, -20.319015502929688, -1.7953026294708252]","[624.8275756835938, 1622.433349609375, 1.1578221321105957]","[0.0, 0.0, 0.0]",pedestrian,0.6748812794685364,False,False,3,True,False,False,False,False,True,True,-1,-1,True,True,True,True,135bbe9c408f42dc8731b501122e9973,pedestrian,True,0.945558714075052,0.3018807900637683,True,False,14,0,0,True,False
r2_b_50iter,camera_crash_10,recovery_1_5,fcbccedd61424f1b85dcbf8f897f9754,f753d3f87e5b40af87ff2cbf7c8e7082,1533151610.446899,14,5,13,base,defer,defer,0.0,0.3594609797000885,0.0,0.0,0.0,0.0,1.0,0.7354791164398193,"[0.0, 0.0, 0.0, 0.0, 0.0, 0.0]","[0.0, 0.0, 0.0, 0.9999139308929443, 0.0, 1.2971168738301155e-32]","[0.0, 0.0, 0.0]","[6.593589782714844, -42.51390075683594, -2.6067821979522705]","[607.5421142578125, 1636.3739013671875, 1.6738044023513794]","[0.0, 0.0, 0.0]",pedestrian,0.08359541743993759,False,False,115,True,False,False,False,False,True,True,-1,-1,False,False,False,False,,,False,2.117589398969345,,False,True,,0,0,False,False
r2_b_50iter,camera_crash_10,recovery_1_5,fcbccedd61424f1b85dcbf8f897f9754,f753d3f87e5b40af87ff2cbf7c8e7082,1533151610.446899,14,5,20,base,defer,defer,0.0,0.3121938705444336,0.0,0.0,0.0,0.0,1.0,0.7153756618499756,"[0.0, 0.0, 0.0, 0.0, 0.0, 0.0]","[0.0, 0.0, 0.0, 0.999984860420227, 3.4074023460561875e-06, 0.0]","[0.0, 0.0, 0.0]","[-17.22568130493164, -27.38545036315918, -2.7791123390197754]","[634.3922729492188, 1645.0235595703125, 0.9579063653945923]","[0.0, 0.0, 0.0]",pedestrian,0.1170387864112854,False,False,58,True,False,False,False,False,True,True,-1,-1,False,False,False,False,,,False,2.374315748043921,,False,True,,1,0,False,False
r2_b_50iter,camera_crash_10,recovery_1_5,fcbccedd61424f1b85dcbf8f897f9754,f753d3f87e5b40af87ff2cbf7c8e7082,1533151610.446899,14,5,44,base,defer,defer,0.0,0.4119493365287781,0.0,0.0,0.0,0.0,1.0,0.6819030046463013,"[0.0, 0.0, 0.0, 0.0, 0.0, 0.0]","[0.0, 0.0, 0.0, 0.9999828338623047, 1.2491334928199649e-05, 0.0]","[0.0, 0.0, 0.0]","[-19.55658531188965, -30.473955154418945, -3.051243782043457]","[633.5039672851562, 1648.799072265625, 0.9071081876754761]","[0.0, 0.0, 0.0]",pedestrian,0.10775592178106308,False,False,66,True,False,False,False,False,True,True,-1,-1,False,False,False,False,,,False,4.455868563996528,,False,True,,2,0,False,False
r2_b_50iter,camera_crash_10,recovery_1_5,fcbccedd61424f1b85dcbf8f897f9754,f753d3f87e5b40af87ff2cbf7c8e7082,1533151610.446899,14,5,50,base,defer,defer,0.0,0.36704206466674805,0.0,0.0,0.0,0.0,1.0,0.769568920135498,"[0.0, 0.0, 0.0, 0.0, 0.0, 0.0]","[0.0, 0.0, 0.0, 0.9999372959136963, 1.2253523008639417e-34, 0.0]","[0.0, 0.0, 0.0]","[-9.612144470214844, -48.785526275634766, -3.1603002548217773]","[613.08154296875, 1652.853515625, 1.7448023557662964]","[0.0, 0.0, 0.0]",pedestrian,0.12446913123130798,False,False,50,True,False,False,False,False,True,True,-1,-1,False,False,False,False,,,False,2.6984374468262033,,False,True,,0,0,False,False
r2_b_50iter,camera_crash_10,recovery_1_5,fcbccedd61424f1b85dcbf8f897f9754,f753d3f87e5b40af87ff2cbf7c8e7082,1533151610.446899,14,5,123,base,defer,defer,0.0,0.31004735827445984,0.0,0.0,0.0,0.0,1.0,0.646727442741394,"[0.0, 0.0, 0.0, 0.0, 0.0, 0.0]","[0.0, 0.0, 0.0, 0.9999734163284302, 9.285561685876131e-13, 0.0]","[0.0, 0.0, 0.0]","[-13.720836639404297, -28.651914596557617, -2.446122407913208]","[631.1890869140625, 1643.1229248046875, 1.3127349615097046]","[0.0, 0.0, 0.0]",pedestrian,0.12394636869430542,False,False,51,True,False,False,False,False,True,True,-1,-1,True,True,True,True,0af15fef1ea54711846a22c13ab87a73,pedestrian,True,1.6508929193551702,0.23279492584828432,True,False,14,0,0,True,False
r2_b_50iter,camera_crash_10,recovery_1_5,fcbccedd61424f1b85dcbf8f897f9754,f753d3f87e5b40af87ff2cbf7c8e7082,1533151610.446899,14,5,162,base,defer,defer,0.0,0.4567074179649353,0.0,0.0,0.0,0.0,1.0,0.6969008445739746,"[0.0, 0.0, 0.0, 0.0, 0.0, 0.0]","[0.0, 0.0, 0.0, 0.9999591112136841, 0.0, 2.4979796794399715e-22]","[0.0, 0.0, 0.0]","[6.017799377441406, -21.831043243408203, -1.8450169563293457]","[623.8116455078125, 1623.5765380859375, 1.2023792266845703]","[0.0, 0.0, 0.0]",pedestrian,0.2184259593486786,False,False,23,True,False,False,False,False,True,True,-1,-1,True,True,True,True,78fc00fbc8fa4c8ba304d3165d719b92,pedestrian,True,0.12195016578726497,0.47945303968105124,True,False,14,0,0,True,False
r2_b_50iter,camera_crash_10,recovery_1_5,fcbccedd61424f1b85dcbf8f897f9754,f753d3f87e5b40af87ff2cbf7c8e7082,1533151610.446899,14,5,195,base,defer,defer,0.0,0.37263014912605286,0.0,0.0,0.0,0.0,1.0,0.6712473630905151,"[0.0, 0.0, 0.0, 0.0, 0.0, 0.0]","[0.0, 0.0, 0.0, 0.9999622106552124, 0.0, 2.4220444083308273e-21]","[0.0, 0.0, 0.0]","[6.420654296875, -22.27362060546875, -1.9184165000915527]","[623.21142578125, 1623.55322265625, 1.1495177745819092]","[0.0, 0.0, 0.0]",pedestrian,0.3967200815677643,False,False,7,True,False,False,False,False,True,True,-1,-1,True,True,True,True,78fc00fbc8fa4c8ba304d3165d719b92,pedestrian,True,0.5794518459742624,0.43898723510568677,True,False,14,0,0,True,False
r2_b_50iter,camera_crash_10,recovery_1_5,fcbccedd61424f1b85dcbf8f897f9754,f753d3f87e5b40af87ff2cbf7c8e7082,1533151610.446899,14,5,237,base,defer,defer,0.0,0.386305034160614,0.0,0.0,0.0,0.0,1.0,0.7245847582817078,"[0.0, 0.0, 0.0, 0.0, 0.0, 0.0]","[0.0, 0.0, 0.0, 0.9999655485153198, 0.0, 5.577048889690545e-17]","[0.0, 0.0, 0.0]","[7.172111511230469, -20.279586791992188, -1.8198492527008057]","[624.264404296875, 1621.6982421875, 1.116830825805664]","[0.0, 0.0, 0.0]",pedestrian,0.3997122049331665,False,False,6,True,False,False,False,False,True,True,-1,-1,True,True,True,True,4d6aa69d243546859c9cd3081c2ca101,pedestrian,True,0.699426003112236,0.4306139592723233,True,False,14,0,0,True,False
r2_b_50iter,camera_crash_10,recovery_1_5,fcbccedd61424f1b85dcbf8f897f9754,f753d3f87e5b40af87ff2cbf7c8e7082,1533151610.446899,14,5,314,base,defer,defer,0.0,0.3993868827819824,0.0,0.0,0.0,0.0,1.0,0.7342331409454346,"[0.0, 0.0, 0.0, 0.0, 0.0, 0.0]","[0.0, 0.0, 0.0, 0.9999749660491943, 9.814120870144105e-12, 0.0]","[0.0, 0.0, 0.0]","[-14.990699768066406, -30.113088607788086, -2.5939769744873047]","[630.8750610351562, 1645.0384521484375, 1.2721799612045288]","[0.0, 0.0, 0.0]",pedestrian,0.10325891524553299,False,False,70,True,False,False,False,False,True,True,-1,-1,False,False,False,True,081c19290123437ba6a3617344bbb55d,pedestrian,True,1.2681633284772993,1.0414007118066855,True,False,,0,0,True,False
r2_b_50iter,camera_crash_10,recovery_1_5,fcbccedd61424f1b85dcbf8f897f9754,f753d3f87e5b40af87ff2cbf7c8e7082,1533151610.446899,14,5,329,base,defer,defer,0.0,0.38338425755500793,0.0,0.0,0.0,0.0,1.0,0.8161281943321228,"[0.0, 0.0, 0.0, 0.0, 0.0, 0.0]","[0.0, 0.0, 0.0, 0.9999309778213501, 1.557737505663663e-35, 0.0]","[0.0, 0.0, 0.0]","[-9.362106323242188, -49.36905288696289, -3.0919241905212402]","[612.4761352539062, 1653.0303955078125, 1.8442307710647583]","[0.0, 0.0, 0.0]",pedestrian,0.034122973680496216,False,False,-1,False,False,False,False,False,True,True,-1,-1,False,False,False,False,,,False,2.0813783490625637,,False,True,,0,0,False,False
r2_b_50iter,camera_crash_10,recovery_1_5,fcbccedd61424f1b85dcbf8f897f9754,f753d3f87e5b40af87ff2cbf7c8e7082,1533151610.446899,14,5,467,base,defer,defer,0.0,0.27243971824645996,0.0,0.0,0.0,0.0,1.0,0.6937194466590881,"[0.0, 0.0, 0.0, 0.0, 0.0, 0.0]","[0.0, 0.0, 0.0, 0.9999698400497437, 0.0, 2.9566828601108208e-18]","[0.0, 0.0, 0.0]","[7.108013153076172, -21.36549949645996, -1.9619174003601074]","[623.4668579101562, 1622.44775390625, 1.0411441326141357]","[0.0, 0.0, 0.0]",pedestrian,0.006256662774831057,False,False,-1,False,False,False,False,False,True,True,-1,-1,True,True,True,True,2c9deea58db742879c21342d4685e0ce,pedestrian,True,0.49929497724917693,0.7487195937888931,True,False,14,0,0,True,False
r2_b_50iter,camera_crash_10,recovery_1_5,fcbccedd61424f1b85dcbf8f897f9754,f753d3f87e5b40af87ff2cbf7c8e7082,1533151610.446899,14,5,490,base,defer,defer,0.0,0.3101300597190857,0.0,0.0,0.0,0.0,1.0,0.8068674206733704,"[0.0, 0.0, 0.0, 0.0, 0.0, 0.0]","[0.0, 0.0, 0.0, 0.9999178647994995, 0.0, 2.332969352491568e-23]","[0.0, 0.0, 0.0]","[11.078044891357422, -44.034236907958984, -2.771010398864746]","[603.4990234375, 1633.90771484375, 1.53264582157135]","[0.0, 0.0, 0.0]",pedestrian,0.0585712306201458,False,False,215,True,False,False,False,False,True,True,-1,-1,False,False,False,False,,,False,3.2509066409407925,,False,True,,0,0,False,False
r2_b_50iter,camera_crash_10,recovery_1_5,fcbccedd61424f1b85dcbf8f897f9754,f753d3f87e5b40af87ff2cbf7c8e7082,1533151610.446899,14,5,530,base,defer,defer,0.0,0.31473153829574585,0.0,0.0,0.0,0.0,1.0,0.716903567314148,"[0.0, 0.0, 0.0, 0.0, 0.0, 0.0]","[0.0, 0.0, 0.0, 0.999950647354126, 4.869166530500371e-25, 0.0]","[0.0, 0.0, 0.0]","[-12.471305847167969, -42.78266525268555, -3.0028464794158936]","[619.5242309570312, 1651.2103271484375, 1.5855447053909302]","[0.0, 0.0, 0.0]",pedestrian,0.019096605479717255,False,False,-1,False,False,False,False,False,True,True,-1,-1,False,False,False,False,,,False,3.959112412639235,,False,True,,0,0,False,False
r2_b_50iter,camera_crash_10,recovery_1_5,fcbccedd61424f1b85dcbf8f897f9754,f753d3f87e5b40af87ff2cbf7c8e7082,1533151610.446899,14,5,551,base,defer,defer,0.0,0.38986027240753174,0.0,0.0,0.0,0.0,1.0,0.7191306352615356,"[0.0, 0.0, 0.0, 0.0, 0.0, 0.0]","[0.0, 0.0, 0.0, 0.999975323677063, 1.092837556559978e-10, 0.0]","[0.0, 0.0, 0.0]","[-17.474632263183594, -33.7446403503418, -2.8824615478515625]","[629.6674194335938, 1649.2789306640625, 1.239965796470642]","[0.0, 0.0, 0.0]",pedestrian,0.0483071468770504,False,False,-1,False,False,False,False,False,True,True,-1,-1,False,False,False,False,,,False,5.2689687364763955,,False,True,,0,0,False,False
r2_b_50iter,camera_crash_10,recovery_1_5,fcbccedd61424f1b85dcbf8f897f9754,f753d3f87e5b40af87ff2cbf7c8e7082,1533151610.446899,14,5,567,base,defer,defer,0.0,0.4120016396045685,0.0,0.0,0.0,0.0,1.0,0.6550427675247192,"[0.0, 0.0, 0.0, 0.0, 0.0, 0.0]","[0.0, 0.0, 0.0, 0.9999717473983765, 1.8596285535771306e-12, 0.0]","[0.0, 0.0, 0.0]","[-13.025001525878906, -26.818880081176758, -2.26596736907959]","[632.156982421875, 1641.4093017578125, 1.3719847202301025]","[0.0, 0.0, 0.0]",pedestrian,0.577826201915741,False,False,4,True,False,False,False,False,True,True,-1,-1,True,True,True,True,0af15fef1ea54711846a22c13ab87a73,pedestrian,True,0.4274085354909357,0.14756486081437953,True,False,14,0,0,True,False
r2_b_50iter,camera_crash_10,recovery_1_5,fcbccedd61424f1b85dcbf8f897f9754,f753d3f87e5b40af87ff2cbf7c8e7082,1533151610.446899,14,5,587,base,defer,defer,0.0,0.43671444058418274,0.0,0.0,0.0,0.0,1.0,0.7228223085403442,"[0.0, 0.0, 0.0, 0.0, 0.0, 0.0]","[0.0, 0.0, 0.0, 0.9999737739562988, 9.338007657788694e-05, 0.0]","[0.0, 0.0, 0.0]","[-19.30228042602539, -28.88397216796875, -2.980121612548828]","[634.5640258789062, 1647.585205078125, 0.8788493871688843]","[0.0, 0.0, 0.0]",pedestrian,0.09913689643144608,False,False,78,True,False,False,False,False,True,True,-1,-1,False,False,False,False,,,False,3.9092693147125477,,False,True,,2,0,False,False
r2_b_50iter,camera_crash_10,recovery_1_5,fcbccedd61424f1b85dcbf8f897f9754,f753d3f87e5b40af87ff2cbf7c8e7082,1533151610.446899,14,5,602,base,defer,defer,0.0,0.4319677948951721,0.0,0.0,0.0,0.0,1.0,0.7293716073036194,"[0.0, 0.0, 0.0, 0.0, 0.0, 0.0]","[0.0, 0.0, 0.0, 0.999968409538269, 0.0, 3.839635918670083e-19]","[0.0, 0.0, 0.0]","[6.212554931640625, -19.28104019165039, -1.774226427078247]","[625.6466064453125, 1621.7957763671875, 1.117118000984192]","[0.0, 0.0, 0.0]",pedestrian,0.020658794790506363,False,False,-1,False,False,False,False,False,True,True,-1,-1,True,True,True,True,135bbe9c408f42dc8731b501122e9973,pedestrian,True,0.09307365307610223,0.4290502041595284,True,False,14,0,0,True,False
r2_b_50iter,camera_crash_10,recovery_1_5,fcbccedd61424f1b85dcbf8f897f9754,f753d3f87e5b40af87ff2cbf7c8e7082,1533151610.446899,14,5,612,base,defer,defer,0.0,0.305890828371048,0.0,0.0,0.0,0.0,1.0,0.6708102226257324,"[0.0, 0.0, 0.0, 0.0, 0.0, 0.0]","[0.0, 0.0, 0.0, 0.9999690055847168, 1.9672916182385258e-14, 0.0]","[0.0, 0.0, 0.0]","[-12.452320098876953, -27.761293411254883, -2.2898035049438477]","[631.0663452148438, 1641.5721435546875, 1.3959792852401733]","[0.0, 0.0, 0.0]",pedestrian,0.08916965126991272,False,False,98,True,False,False,False,False,True,True,-1,-1,True,True,True,True,0af15fef1ea54711846a22c13ab87a73,pedestrian,True,0.6966606411740017,0.24707967973839637,True,False,14,0,0,True,False
r2_b_50iter,camera_crash_10,recovery_1_5,fcbccedd61424f1b85dcbf8f897f9754,f753d3f87e5b40af87ff2cbf7c8e7082,1533151610.446899,14,5,697,propagated,defer,defer,0.0,0.3371576964855194,0.0,0.0,0.0,0.9911808967590332,1.0,0.7376519441604614,"[0.0, 0.0, 0.0, 0.9999989867210388, 0.0, 9.780832215255941e-07]","[0.0, 0.0, 0.0, 0.999970555305481, 0.0, 1.181149741569243e-06]","[8.8466796875, -16.5252685546875, -1.6469173431396484]","[9.360179901123047, -16.453998565673828, -1.6067931652069092]","[625.8076171875, 1617.56494140625, 1.0666379928588867]","[8.838619232177734, -16.042570114135742, -1.6469173431396484]",pedestrian,0.0197626743465662,False,False,-1,False,False,False,False,False,True,True,6,-1,False,False,False,False,,,False,2.215329349451462,,False,True,,0,0,False,False
r2_b_50iter,camera_crash_10,recovery_1_5,fcbccedd61424f1b85dcbf8f897f9754,f753d3f87e5b40af87ff2cbf7c8e7082,1533151610.446899,14,5,741,propagated,defer,keep,0.0,0.39490586519241333,0.0,0.0,0.0,0.9715177416801453,1.0,0.6628724932670593,"[0.0, 0.0, 0.07434843480587006, 0.1947653591632843, 0.7308861613273621, 0.0]","[0.0, 0.0, 0.0, 0.9999668598175049, 9.748440061230212e-05, 0.0]","[-15.85980224609375, -22.757965087890625, -2.4356956481933594]","[-16.097034454345703, -23.93153190612793, -2.5417428016662598]","[636.3292236328125, 1641.9400634765625, 0.9704389572143555]","[-15.85980224609375, -22.757965087890625, -2.4356956481933594]",pedestrian,0.020343421027064323,False,False,-1,False,False,False,False,False,True,True,18,-1,False,False,False,False,,,False,4.48374761762654,,False,True,,5,0,False,False
r2_b_50iter,camera_crash_10,recovery_1_5,fcbccedd61424f1b85dcbf8f897f9754,f753d3f87e5b40af87ff2cbf7c8e7082,1533151610.446899,14,5,746,propagated,defer,defer,0.0,0.3978021740913391,0.0,0.0,0.0,0.9959258437156677,1.0,0.7529084086418152,"[0.0, 0.0, 0.0, 1.0, 3.159598236414209e-35, 0.0]","[0.0, 0.0, 0.0, 0.9999418258666992, 8.233202180709983e-36, 0.0]","[-9.07928466796875, -49.629638671875, -3.5460662841796875]","[-9.474983215332031, -50.624229431152344, -3.3594021797180176]","[611.5753784179688, 1653.931640625, 1.6542707681655884]","[-9.10960578918457, -50.43507766723633, -3.5460662841796875]",pedestrian,0.009758754633367062,False,False,-1,False,False,False,False,False,True,True,-1,-1,False,False,False,True,82a62ee4c5bc4e44a889b406e868444d,pedestrian,True,1.4268925086827273,0.607886749820495,True,False,,0,0,False,False
r2_b_50iter,camera_crash_10,recovery_1_5,fcbccedd61424f1b85dcbf8f897f9754,f753d3f87e5b40af87ff2cbf7c8e7082,1533151610.446899,14,5,760,propagated,recover,defer,0.0,0.32215067744255066,0.0,0.0,0.004293819423764944,0.978545606136322,1.0,0.7731190323829651,"[0.0, 0.0, 0.0, 1.0, 1.1812870200435322e-20, 0.0]","[0.0, 0.0, 0.0, 0.9999728202819824, 9.803572686166469e-23, 0.0]","[-8.181640625, -24.184356689453125, -2.2063446044921875]","[-8.261680603027344, -25.22259521484375, -2.1995575428009033]","[630.335693359375, 1636.7281494140625, 1.2698382139205933]","[-8.181640625, -24.184356689453125, -2.2063446044921875]",pedestrian,0.07703088968992233,True,True,0,True,False,True,True,True,False,True,4,4,True,True,True,True,492dd3a15f894562b56ba7a00b39e47b,pedestrian,True,0.4699639750420902,0.7548263266704472,True,False,14,0,0,True,False
r2_b_50iter,camera_crash_10,recovery_1_5,fcbccedd61424f1b85dcbf8f897f9754,f753d3f87e5b40af87ff2cbf7c8e7082,1533151610.446899,14,5,769,propagated,defer,keep,0.0,0.48041999340057373,0.0,0.0,0.0,0.9959428906440735,1.0,0.6949384808540344,"[0.0, 0.0, 0.06553949415683746, 0.19290733337402344, 0.7415531277656555, 0.0]","[0.0, 0.0, 0.0, 0.999974250793457, 7.016565359663218e-05, 0.0]","[-19.1871337890625, -28.119171142578125, -2.860218048095703]","[-18.940757751464844, -28.496610641479492, -2.870537757873535]","[634.6339111328125, 1647.0548095703125, 0.9594732522964478]","[-19.1871337890625, -28.119171142578125, -2.860218048095703]",pedestrian,0.01810891181230545,False,False,-1,False,False,False,False,False,True,True,17,-1,False,False,False,False,,,False,3.568622601877292,,False,True,,2,0,False,False
r2_b_50iter,camera_crash_10,recovery_1_5,fcbccedd61424f1b85dcbf8f897f9754,f753d3f87e5b40af87ff2cbf7c8e7082,1533151610.446899,14,5,832,propagated,defer,defer,0.0,0.40825310349464417,0.0,0.0,0.0,0.9563615918159485,1.0,0.756417453289032,"[0.0, 0.0, 0.0, 1.0, 3.3495897722168877e-10, 0.0]","[0.0, 0.0, 0.0, 0.9999748468399048, 1.043128474223498e-12, 0.0]","[-12.08575439453125, -24.178192138671875, -2.2950477600097656]","[-12.306617736816406, -25.528696060180664, -2.2363061904907227]","[632.6884155273438, 1640.032470703125, 1.3132438659667969]","[-11.825389862060547, -24.115922927856445, -2.2950477600097656]",pedestrian,0.01938210427761078,False,False,-1,False,False,False,False,False,True,True,13,-1,True,True,True,True,dbed4cee903546d5b402f9ace1d3f399,pedestrian,True,1.7011831761781908,0.6641480188332268,True,False,14,0,0,True,False
r2_b_50iter,camera_crash_10,recovery_1_5,fcbccedd61424f1b85dcbf8f897f9754,f753d3f87e5b40af87ff2cbf7c8e7082,1533151610.446899,14,5,850,propagated,defer,defer,0.0,0.32384639978408813,0.0,0.0,0.0,0.9171867370605469,1.0,0.757199764251709,"[0.0, 0.0, 0.0, 1.0, 2.1658538569008203e-37, 0.0]","[0.0, 0.0, 0.0, 0.9999455213546753, 3.861597593863103e-36, 0.0]","[-9.33587646484375, -52.44415283203125, -3.669271469116211]","[-9.445411682128906, -51.19902420043945, -3.470085620880127]","[611.1112670898438, 1654.2813720703125, 1.577823281288147]","[-9.40287971496582, -53.26801681518555, -3.669271469116211]",pedestrian,0.0039632986299693584,False,False,-1,False,False,False,False,False,True,True,-1,-1,False,False,False,True,82a62ee4c5bc4e44a889b406e868444d,pedestrian,True,1.3574801480505958,0.6474481456368787,True,False,,0,0,False,False
r2_b_50iter,camera_crash_10,recovery_1_5,fcbccedd61424f1b85dcbf8f897f9754,f753d3f87e5b40af87ff2cbf7c8e7082,1533151610.446899,14,5,855,propagated,recover,defer,0.0,0.3729107677936554,0.0,0.0,0.003197635291144252,0.996130645275116,1.0,0.6892588138580322,"[0.0, 0.0, 0.0, 1.0, 2.6680279513469074e-11, 0.0]","[0.0, 0.0, 0.0, 0.999971866607666, 4.0908647454783453e-13, 0.0]","[-13.431396484375, -27.2506103515625, -2.3917102813720703]","[-13.3843994140625, -28.349071502685547, -2.386406183242798]","[631.2083129882812, 1642.668212890625, 1.34903883934021]","[-13.430168151855469, -27.911211013793945, -2.3917102813720703]",pedestrian,0.0658741295337677,True,True,2,True,False,True,True,True,False,True,0,0,True,True,True,True,0af15fef1ea54711846a22c13ab87a73,pedestrian,True,1.2258842136181065,0.28304837936414007,True,False,14,0,0,True,False
r2_b_50iter,camera_crash_10,recovery_1_5,fcbccedd61424f1b85dcbf8f897f9754,f753d3f87e5b40af87ff2cbf7c8e7082,1533151610.446899,14,5,863,propagated,defer,keep,0.0,0.4672045409679413,0.0,0.0,0.0,0.9862037897109985,1.0,0.7154728770256042,"[0.0, 0.0, 0.059749435633420944, 0.1783394068479538, 0.761911153793335, 0.0]","[0.0, 0.0, 0.0, 0.9999678134918213, 0.00017088474123738706, 0.0]","[-20.7227783203125, -29.393585205078125, -2.9926013946533203]","[-20.32126235961914, -30.123071670532227, -3.027912139892578]","[634.2635498046875, 1649.1612548828125, 0.9210184812545776]","[-20.7227783203125, -29.393585205078125, -2.9926013946533203]",pedestrian,0.013996039517223835,False,False,-1,False,False,False,False,False,True,True,-1,-1,False,False,False,False,,,False,5.0804824675987375,,False,True,,4,0,False,False
r2_b_50iter,camera_crash_10,recovery_1_5,fcbccedd61424f1b85dcbf8f897f9754,f753d3f87e5b40af87ff2cbf7c8e7082,1533151610.446899,14,5,870,propagated,defer,keep,0.0,0.48619353771209717,0.0,0.0,0.0,0.9876466393470764,1.0,0.7165589928627014,"[0.0, 0.0, 0.05219656229019165, 0.18087002635002136, 0.7669333815574646, 0.0]","[0.0, 0.0, 0.0, 0.9999697208404541, 0.0001412298297509551, 0.0]","[-21.17120361328125, -30.417266845703125, -3.0326194763183594]","[-20.943105697631836, -31.17122459411621, -3.0647778511047363]","[633.8558349609375, 1650.309814453125, 0.9565786123275757]","[-21.17120361328125, -30.417266845703125, -3.0326194763183594]",pedestrian,0.01414929423481226,False,False,-1,False,False,False,False,False,True,True,-1,-1,False,False,False,False,,,False,6.00113047920655,,False,True,,4,0,False,False
r2_b_50iter,camera_crash_10,recovery_1_5,fcbccedd61424f1b85dcbf8f897f9754,f753d3f87e5b40af87ff2cbf7c8e7082,1533151610.446899,14,5,878,propagated,defer,defer,0.0,0.362544447183609,0.0,0.0,0.0,0.9810900092124939,1.0,0.741805374622345,"[0.0, 0.0, 0.0, 0.9999995827674866, 4.5368366841103125e-07, 0.0]","[0.0, 0.0, 0.0, 0.9999816417694092, 1.1767456342681726e-08, 0.0]","[-18.48309326171875, -32.08319091796875, -3.068643569946289]","[-18.61846923828125, -33.05043029785156, -3.042715549468994]","[630.926513671875, 1649.7225341796875, 1.0558363199234009]","[-18.48309326171875, -32.08319091796875, -3.068643569946289]",pedestrian,0.003975317347794771,False,False,-1,False,False,False,False,False,True,True,-1,-1,False,False,False,False,,,False,5.261849370630639,,False,True,,0,0,False,False
r2_b_50iter,camera_crash_10,recovery_1_5,fcbccedd61424f1b85dcbf8f897f9754,f753d3f87e5b40af87ff2cbf7c8e7082,1533151610.446899,14,5,899,propagated,recover,defer,0.0,0.43694427609443665,0.0,0.0,0.006290214601904154,0.9856542348861694,1.0,0.7228708267211914,"[0.0, 0.0, 0.0, 1.0, 0.0, 1.4299612128402265e-19]","[0.0, 0.0, 0.0, 0.9999582767486572, 0.0, 4.456051343314158e-22]","[7.43890380859375, -24.19244384765625, -2.126384735107422]","[7.047618865966797, -25.53925895690918, -2.1050381660461426]","[620.297119140625, 1625.1654052734375, 1.1495531797409058]","[7.463157653808594, -24.798072814941406, -2.126384735107422]",pedestrian,0.08031976222991943,True,True,1,True,False,True,True,True,False,True,3,3,True,True,False,True,1bf77b2cec7b435593052cad0182316c,pedestrian,True,1.5384709392070903,0.844913318280956,True,False,14,0,0,True,False
r2_b_50iter,camera_crash_10,recovery_1_5,325cef682f064c55a255f2625c533b75,61a7bd24f88a46c2963280d8b13ac675,1538984239.948316,53,5,680,propagated,defer,recover,1.0,0.5437604188919067,1.219980239868164,0.043500833213329315,0.0,0.975051999092102,1.0,0.7629019021987915,"[0.08749540150165558, 0.0, 0.30805572867393494, 0.0, 0.6044489145278931, 0.0]","[0.0, 0.0, 0.0, 0.9999972581863403, 1.9223564962089768e-09, 0.0]","[-7.63262939453125, -14.509033203125, -1.6891403198242188]","[-7.567451477050781, -12.74285888671875, -1.580183506011963]","[716.5440063476562, 1787.528564453125, 1.1492030620574951]","[-7.687588691711426, -13.855027198791504, -1.6891403198242188]",pedestrian,0.056670501828193665,False,False,129,True,True,True,False,False,False,True,0,-1,False,False,False,True,293abeb43b2a439abcd4ff08b981eeb9,pedestrian,True,1.4249957337159664,0.2179269429619635,True,False,13,0,0,True,False
r2_b_50iter,camera_crash_10,recovery_1_5,325cef682f064c55a255f2625c533b75,61a7bd24f88a46c2963280d8b13ac675,1538984239.948316,53,5,737,propagated,defer,defer,4.0,0.3371410071849823,0.0,0.0,0.0,0.9883710145950317,1.0,0.6803755164146423,"[0.0, 0.0, 0.0, 0.0, 0.0, 0.0]","[0.0, 0.0, 0.0, 0.9999974966049194, 0.0, 0.0]","[4.25933837890625, -42.25341796875, -4.121513366699219]","[5.005889892578125, -42.09078598022461, -4.154149055480957]","[732.95166015625, 1815.0274658203125, 0.3637346029281616]","[4.259337425231934, -42.25341796875, -4.121513366699219]",car,0.0022212278563529253,False,False,-1,False,True,True,False,False,False,True,1,-1,False,False,False,False,,,False,7.287207964671558,,False,True,,0,0,False,False
r2_b_50iter,camera_crash_10,recovery_1_5,325cef682f064c55a255f2625c533b75,61a7bd24f88a46c2963280d8b13ac675,1538984239.948316,53,5,844,propagated,defer,defer,4.0,0.3173915445804596,0.0,0.0,0.0,0.9892298579216003,1.0,0.6807008981704712,"[0.0, 0.0, 0.0, 0.0, 0.0, 0.0]","[0.0, 0.0, 0.0, 0.9999973773956299, 0.0, 0.0]","[3.4505615234375, -41.66876220703125, -4.035976409912109]","[3.6396408081054688, -40.95765686035156, -4.038933753967285]","[732.8357543945312, 1813.25341796875, 0.42016589641571045]","[3.4505605697631836, -41.66876220703125, -4.035976409912109]",bicycle,0.0020271786488592625,False,False,-1,False,True,True,False,False,False,True,2,-1,False,False,False,False,,,False,6.724635639065021,,False,True,,0,0,False,False
r2_b_50iter,camera_crash_10,recovery_1_5,325cef682f064c55a255f2625c533b75,61a7bd24f88a46c2963280d8b13ac675,1538984239.948316,53,5,878,propagated,defer,defer,1.0,0.38582760095596313,0.0,0.0,0.0,0.9792739748954773,1.0,0.7832497358322144,"[0.0, 0.0, 0.0, 0.0, 0.0, 0.0]","[0.0, 0.0, 0.0, 0.9999932050704956, 1.680909352795137e-24, 0.0]","[-10.0009765625, -31.3092041015625, -2.8101730346679688]","[-9.587242126464844, -30.41643714904785, -2.52913761138916]","[732.0360717773438, 1796.319091796875, 1.388177752494812]","[-10.000977516174316, -31.3092041015625, -2.8101730346679688]",pedestrian,0.17937014997005463,False,False,40,True,True,True,False,False,False,True,3,-1,True,False,False,True,26ae4a920a9c4457909454cd8a84c959,pedestrian,True,1.1974375864087035,1.2098585452114272e-06,True,False,13,0,0,True,False
r2_b_50iter,camera_crash_10,recovery_1_5,325cef682f064c55a255f2625c533b75,61a7bd24f88a46c2963280d8b13ac675,1538984239.948316,53,5,881,propagated,defer,defer,1.0,0.2370007187128067,0.0,0.0,0.0,0.9740784764289856,1.0,0.7816277742385864,"[0.0, 0.0, 0.0, 0.0, 0.0, 0.0]","[0.0, 0.0, 0.0, 0.9999958276748657, 7.576403934295758e-15, 0.0]","[-13.306396484375, -30.7412109375, -2.9960060119628906]","[-13.581733703613281, -29.642454147338867, -2.822530508041382]","[733.78173828125, 1792.64404296875, 1.0912801027297974]","[-13.306397438049316, -30.7412109375, -2.9960060119628906]",pedestrian,0.04249683395028114,False,False,171,True,True,True,False,False,False,True,4,-1,False,False,False,True,0b4e0eb8ab06454d8904248794faa095,pedestrian,True,0.059242681767595645,1.1380806272284252e-06,True,False,,0,0,False,False
r2_b_50iter,camera_crash_10,recovery_1_5,325cef682f064c55a255f2625c533b75,609d5177362340458a3bfd4949cd1e64,1538984240.448191,54,5,13,base,defer,defer,0.0,0.31319883465766907,0.0,0.0,0.0,0.0,1.0,0.6914682388305664,"[0.0, 0.0, 0.0, 0.0, 0.0, 0.0]","[0.0, 0.0, 0.0, 0.9999957084655762, 0.0, 7.263629917204426e-37]","[0.0, 0.0, 0.0]","[6.378620147705078, -41.0263557434082, -3.568359375]","[733.4121704101562, 1809.8033447265625, 1.2326544523239136]","[0.0, 0.0, 0.0]",car,0.010737375356256962,False,False,-1,False,False,False,False,False,True,True,-1,-1,False,False,False,False,,,False,7.054782037463569,,False,True,,0,0,False,False
r2_b_50iter,camera_crash_10,recovery_1_5,325cef682f064c55a255f2625c533b75,609d5177362340458a3bfd4949cd1e64,1538984240.448191,54,5,23,base,defer,defer,0.0,0.3849439322948456,0.0,0.0,0.0,0.0,1.0,0.6393462419509888,"[0.0, 0.0, 0.0, 0.0, 0.0, 0.0]","[0.0, 0.0, 0.0, 0.9999947547912598, 0.0, 3.644311326093852e-28]","[0.0, 0.0, 0.0]","[10.121044158935547, -43.36531066894531, -3.5187816619873047]","[733.747802734375, 1814.19921875, 1.4388891458511353]","[0.0, 0.0, 0.0]",car,0.008120497688651085,False,False,-1,False,False,False,False,False,True,True,-1,-1,False,False,False,False,,,False,7.358717373805476,,False,True,,0,0,False,False
r2_b_50iter,camera_crash_10,recovery_1_5,325cef682f064c55a255f2625c533b75,609d5177362340458a3bfd4949cd1e64,1538984240.448191,54,5,683,propagated,defer,defer,0.0,0.39127615094184875,0.0,0.0,0.0,0.9849326014518738,1.0,0.7581598162651062,"[0.0, 0.0, 0.0, 1.0, 4.0371038426942047e-26, 0.0]","[0.0, 0.0, 0.0, 0.9999927282333374, 0.0, 0.0]","[-5.06585693359375, -32.35565185546875, -2.7249069213867188]","[-4.233131408691406, -32.572078704833984, -2.5876739025115967]","[730.7736206054688, 1796.464599609375, 1.6316317319869995]","[-5.065857410430908, -32.35565185546875, -2.7249069213867188]",pedestrian,0.020011737942695618,False,False,-1,False,False,False,False,False,True,True,3,-1,True,False,False,True,a146d0e0204643deb471d728e0243ddc,pedestrian,True,1.5375344659358021,1.4042810529320127e-06,True,False,14,0,0,True,False
r2_b_50iter,camera_crash_10,recovery_1_5,325cef682f064c55a255f2625c533b75,609d5177362340458a3bfd4949cd1e64,1538984240.448191,54,5,729,propagated,defer,defer,0.0,0.3014291226863861,0.0,0.0,0.0,0.9775633811950684,1.0,0.7840292453765869,"[0.0, 0.0, 0.0, 1.0, 2.761225594688759e-14, 0.0]","[0.0, 0.0, 0.0, 0.9999948740005493, 5.11216485173966e-28, 0.0]","[-10.2288818359375, -33.5809326171875, -3.1771583557128906]","[-9.184524536132812, -33.63475799560547, -2.9746148586273193]","[734.02734375, 1792.5751953125, 1.3450320959091187]","[-10.228882789611816, -33.5809326171875, -3.1771583557128906]",pedestrian,0.0024872347712516785,False,False,-1,False,False,False,False,False,True,True,-1,-1,False,False,False,True,32beeedcb9c44706802f47214e2c1d8f,pedestrian,True,0.30674984728768245,5.343031823969188e-07,True,False,,0,0,False,False
r2_b_50iter,camera_crash_10,recovery_1_5,325cef682f064c55a255f2625c533b75,609d5177362340458a3bfd4949cd1e64,1538984240.448191,54,5,877,propagated,defer,defer,0.0,0.3503758907318115,0.0,0.0,0.0,0.9948736429214478,1.0,0.7213631868362427,"[0.0, 0.0, 0.0, 0.9999997615814209, 2.2840953306513256e-07, 0.0]","[0.0, 0.0, 0.0, 0.9999943971633911, 1.1140081782927808e-18, 0.0]","[-6.57562255859375, -15.815673828125, -1.6367912292480469]","[-6.304962158203125, -15.368759155273438, -1.4600205421447754]","[716.4425048828125, 1786.6605224609375, 1.4956488609313965]","[-6.7546844482421875, -15.215537071228027, -1.6367912292480469]",pedestrian,0.004532719496637583,False,False,-1,False,False,False,False,False,True,True,-1,-1,False,False,False,True,50f20841589c4a7da2f67c96e2a6b25e,pedestrian,True,1.0498488881874453,0.37201868427288326,True,False,,0,0,True,False
r2_b_50iter,compound,recovery_1_5,fcbccedd61424f1b85dcbf8f897f9754,de7593d76648450e947ba0c203dee1b0,1533151609.947025,13,5,658,propagated,defer,recover,2.0,0.5867519974708557,1.2724885940551758,0.046543899923563004,0.0,0.9736045598983765,1.0,0.7250568866729736,"[0.36404746770858765, 0.23637577891349792, 0.0, 0.0, 0.0, 0.39957672357559204]","[0.0, 0.0, 0.0, 0.9999738931655884, 0.0, 3.8844780083338484e-16]","[5.47418212890625, -17.174407958984375, -1.7400989532470703]","[6.565074920654297, -17.73269271850586, -1.7301738262176514]","[625.068359375, 1621.8526611328125, 1.0936874151229858]","[5.4186882972717285, -17.580373764038086, -1.7400989532470703]",pedestrian,0.07775358855724335,False,False,153,True,True,True,False,False,False,True,0,-1,True,True,True,True,0e9b314c6a1f41189116b67fb257d8ba,pedestrian,True,0.8813770419491951,0.08662967615813197,True,False,13,0,0,True,False
r2_b_50iter,compound,recovery_1_5,fcbccedd61424f1b85dcbf8f897f9754,de7593d76648450e947ba0c203dee1b0,1533151609.947025,13,5,661,propagated,defer,recover,2.0,0.5369258522987366,1.9701433181762695,0.04295406863093376,0.0,0.9762958288192749,1.0,0.691874086856842,"[0.19911086559295654, 0.0, 0.3646276295185089, 0.0, 0.4362615644931793, 0.0]","[0.0, 0.0, 0.0, 0.9999734163284302, 2.4490617867023445e-11, 0.0]","[-13.60565185546875, -23.95184326171875, -2.145101547241211]","[-12.796913146972656, -25.129751205444336, -2.1651406288146973]","[631.7767333984375, 1641.4676513671875, 1.3091610670089722]","[-13.6496000289917, -24.442724227905273, -2.145101547241211]",pedestrian,0.06717005372047424,False,False,201,True,True,True,False,False,False,True,1,-1,True,True,True,True,84b1b1dde33e44bea0d99dc3094fd49a,pedestrian,True,0.46127596179913943,0.19163829288819806,True,False,13,0,0,True,False
r2_b_50iter,compound,recovery_1_5,fcbccedd61424f1b85dcbf8f897f9754,de7593d76648450e947ba0c203dee1b0,1533151609.947025,13,5,670,propagated,defer,defer,2.0,0.5388410091400146,0.0,0.0,0.0,0.9726237058639526,1.0,0.7568482756614685,"[0.0, 0.0, 0.0, 0.0, 0.0, 0.0]","[0.0, 0.0, 0.0, 0.9999507665634155, 6.40899362412953e-31, 0.0]","[-11.61163330078125, -45.040679931640625, -3.3801097869873047]","[-10.501216888427734, -45.60189437866211, -3.207429885864258]","[614.5626220703125, 1652.8304443359375, 1.4728437662124634]","[-11.66602611541748, -45.56583786010742, -3.3801097869873047]",pedestrian,0.29505643248558044,False,False,9,True,True,True,False,False,False,True,2,-1,False,False,False,False,,,False,2.467891592540302,,False,True,,0,0,False,False
r2_b_50iter,compound,recovery_1_5,fcbccedd61424f1b85dcbf8f897f9754,de7593d76648450e947ba0c203dee1b0,1533151609.947025,13,5,673,propagated,defer,recover,3.0,0.5284889936447144,0.912480354309082,0.042279116809368134,0.0,0.9781210422515869,1.0,0.728549599647522,"[3.0057156640315615e-26, 0.26753464341163635, 0.0, 0.0, 0.0, 0.7324653267860413]","[0.0, 0.0, 0.0, 0.9999731779098511, 0.0, 7.254413263169149e-19]","[5.34735107421875, -18.576568603515625, -1.8859176635742188]","[6.275337219238281, -19.254343032836914, -1.8394556045532227]","[624.0824584960938, 1623.0523681640625, 1.0789947509765625]","[5.30286169052124, -18.856569290161133, -1.8859176635742188]",pedestrian,0.06187376379966736,False,False,229,True,True,True,False,False,False,True,3,-1,True,True,True,True,ebc5a02f9ea64bbd9f3ccc3b84563d35,pedestrian,True,0.103174931386385,0.2562518903585033,True,False,13,0,0,True,False
r2_b_50iter,compound,recovery_1_5,fcbccedd61424f1b85dcbf8f897f9754,de7593d76648450e947ba0c203dee1b0,1533151609.947025,13,5,677,propagated,defer,defer,2.0,0.4282839000225067,0.0,0.0,0.0,0.9703503251075745,1.0,0.738691508769989,"[0.0, 0.0, 0.0, 0.0, 0.0, 0.0]","[0.0, 0.0, 0.0, 0.999919056892395, 0.0, 8.366056771497165e-32]","[5.60577392578125, -39.190673828125, -2.4891414642333984]","[6.546287536621094, -40.14521026611328, -2.534740447998047]","[607.8574829101562, 1636.221435546875, 1.6356803178787231]","[5.597351551055908, -39.36909866333008, -2.4891414642333984]",pedestrian,0.2419893741607666,False,False,14,True,True,True,False,False,False,True,4,-1,False,False,False,False,,,False,2.570085872617887,,False,True,,0,0,False,False
r2_b_50iter,compound,recovery_1_5,fcbccedd61424f1b85dcbf8f897f9754,de7593d76648450e947ba0c203dee1b0,1533151609.947025,13,5,678,propagated,defer,recover,3.0,0.5934213399887085,1.372283935546875,0.046543899923563004,0.0,0.976446270942688,1.0,0.7142391204833984,"[0.14756400883197784, 0.3391314446926117, 0.0, 0.0, 0.0, 0.5133045315742493]","[0.0, 0.0, 0.0, 0.999962329864502, 0.0, 2.6463309175225646e-21]","[5.7322998046875, -22.15966796875, -2.0224151611328125]","[6.651573181152344, -23.123910903930664, -1.9823875427246094]","[620.8677978515625, 1625.2418212890625, 1.164523720741272]","[5.667332649230957, -22.653329849243164, -2.0224151611328125]",pedestrian,0.06599561125040054,False,False,211,True,True,True,False,False,False,True,5,-1,True,True,True,True,b73d145dba9145689b3ff2621c381fe4,pedestrian,True,1.3539314753668006,0.6015606478537233,True,False,13,0,0,True,False
r2_b_50iter,compound,recovery_1_5,fcbccedd61424f1b85dcbf8f897f9754,de7593d76648450e947ba0c203dee1b0,1533151609.947025,13,5,681,propagated,defer,recover,3.0,0.47960036993026733,2.5345869064331055,0.03836802765727043,0.0,0.9737833738327026,1.0,0.7752722501754761,"[0.2847321033477783, 0.0, 0.31419146060943604, 0.0, 0.40107646584510803, 0.0]","[0.0, 0.0, 0.0, 0.999974250793457, 8.86676951359968e-21, 0.0]","[-9.25140380859375, -22.92730712890625, -2.104686737060547]","[-8.104785919189453, -22.833404541015625, -2.035616636276245]","[630.5383911132812, 1636.3912353515625, 1.2507859468460083]","[-9.25140380859375, -22.92730712890625, -2.104686737060547]",pedestrian,0.05775447562336922,False,False,246,True,True,True,False,False,False,True,6,-1,True,True,True,True,e833662c5eb64d2580f877fee97117c5,pedestrian,True,0.2544668145891572,0.2700392796195568,True,False,13,0,0,True,False
r2_b_50iter,compound,recovery_1_5,fcbccedd61424f1b85dcbf8f897f9754,de7593d76648450e947ba0c203dee1b0,1533151609.947025,13,5,686,propagated,defer,recover,1.0,0.517856240272522,0.8178043365478516,0.041428498923778534,0.0,0.9904152750968933,1.0,0.7523327469825745,"[0.1725279539823532, 0.2787395715713501, 0.0, 0.0, 0.0, 0.5487325191497803]","[0.0, 0.0, 0.0, 0.9999768733978271, 0.0, 2.876405460483511e-07]","[7.45794677734375, -14.875244140625, -1.57391357421875]","[8.13641357421875, -14.625343322753906, -1.528791904449463]","[626.4534912109375, 1618.651611328125, 1.091538906097412]","[7.466423511505127, -14.450346946716309, -1.57391357421875]",pedestrian,0.05968295410275459,False,False,238,True,True,True,False,False,False,True,7,-1,True,True,True,True,16a95164fcdd44e99cf99a93dd13b017,pedestrian,True,0.9279892207975491,0.6059900689468569,True,False,13,0,0,True,False
r2_b_50iter,compound,recovery_1_5,fcbccedd61424f1b85dcbf8f897f9754,de7593d76648450e947ba0c203dee1b0,1533151609.947025,13,5,692,propagated,defer,recover,2.0,0.542124330997467,1.4566640853881836,0.043369945138692856,0.0,0.9820713400840759,1.0,0.6960155963897705,"[0.35780248045921326, 0.3004254698753357, 0.0, 0.0, 0.0, 0.34177207946777344]","[0.0, 0.0, 0.0, 0.9999724626541138, 0.0, 3.6059959814156717e-13]","[6.5623779296875, -16.92010498046875, -1.6995372772216797]","[7.400524139404297, -17.511390686035156, -1.6989352703094482]","[624.704345703125, 1621.0682373046875, 1.1027098894119263]","[6.527296543121338, -17.13450813293457, -1.6995372772216797]",pedestrian,0.06694052368402481,False,False,203,True,True,True,False,False,False,True,8,-1,True,True,True,True,bff8170575c24b5d8714061f5349892b,pedestrian,True,0.3747601108281149,0.36018136045338084,True,False,13,0,0,True,False
r2_b_50iter,compound,recovery_1_5,fcbccedd61424f1b85dcbf8f897f9754,de7593d76648450e947ba0c203dee1b0,1533151609.947025,13,5,694,propagated,defer,defer,2.0,0.5185140371322632,0.0,0.0,0.0,0.967031717300415,1.0,0.7555533051490784,"[0.0, 0.0, 0.0, 0.0, 0.0, 0.0]","[0.0, 0.0, 0.0, 0.9999501705169678, 2.6693827341663152e-33, 0.0]","[-11.09796142578125, -47.210662841796875, -3.553050994873047]","[-9.919368743896484, -47.556644439697266, -3.3279576301574707]","[612.6858520507812, 1653.6378173828125, 1.4636510610580444]","[-11.17823314666748, -47.758609771728516, -3.553050994873047]",pedestrian,0.23423568904399872,False,False,17,True,True,True,False,False,False,True,9,-1,False,False,False,True,7a0cca0f12d547518dd80d8df2c501bb,pedestrian,True,1.8664838317288617,0.5566178341946767,True,False,,0,0,False,False
r2_b_50iter,compound,recovery_1_5,fcbccedd61424f1b85dcbf8f897f9754,de7593d76648450e947ba0c203dee1b0,1533151609.947025,13,5,698,propagated,defer,recover,2.0,0.5003486275672913,1.9574918746948242,0.04002789035439491,0.0,0.9688524007797241,1.0,0.6841298937797546,"[0.20977890491485596, 0.0, 0.3651956617832184, 0.0, 0.42502543330192566, 0.0]","[0.0, 0.0, 0.0, 0.9999744892120361, 1.0735142635942552e-10, 0.0]","[-14.3736572265625, -24.590057373046875, -2.1994686126708984]","[-13.193714141845703, -25.24530601501465, -2.1972482204437256]","[631.94091796875, 1641.84765625, 1.2882640361785889]","[-14.441568374633789, -25.087181091308594, -2.1994686126708984]",pedestrian,0.03514450788497925,False,False,-1,False,True,True,False,False,False,True,10,-1,True,True,True,True,84b1b1dde33e44bea0d99dc3094fd49a,pedestrian,True,0.6217502135248929,0.21320199124494943,True,False,13,0,0,True,False
r2_b_50iter,compound,recovery_1_5,fcbccedd61424f1b85dcbf8f897f9754,de7593d76648450e947ba0c203dee1b0,1533151609.947025,13,5,705,propagated,defer,defer,1.0,0.36120542883872986,0.0,0.0,0.0,0.9356508851051331,1.0,0.685011625289917,"[0.0, 0.0, 0.0, 0.0, 0.0, 0.0]","[0.0, 0.0, 0.0, 0.9999784231185913, 3.562779515853265e-10, 0.0]","[-16.35552978515625, -26.87847900390625, -2.544015884399414]","[-14.565238952636719, -27.355297088623047, -2.461695909500122]","[631.1903686523438, 1644.2611083984375, 1.1654940843582153]","[-16.386981964111328, -27.344526290893555, -2.544015884399414]",pedestrian,0.07325907051563263,False,False,164,True,True,True,False,False,False,True,11,-1,False,False,False,True,c97be344ac4143ffa69b0b5ed22f31c2,pedestrian,True,0.9267035148798639,1.161904540133345,True,False,13,0,0,True,False
r2_b_50iter,compound,recovery_1_5,fcbccedd61424f1b85dcbf8f897f9754,de7593d76648450e947ba0c203dee1b0,1533151609.947025,13,5,706,propagated,defer,defer,5.0,0.5224571228027344,0.0,0.0,0.0,0.9745116829872131,1.0,0.7526666522026062,"[0.0, 0.0, 0.0, 0.0, 0.0, 0.0]","[0.0, 0.0, 0.0, 0.9999358654022217, 0.0, 2.0932541502542245e-22]","[9.70782470703125, -40.962310791015625, -2.8758392333984375]","[10.840747833251953, -41.036643981933594, -2.8322830200195312]","[604.411865234375, 1633.506591796875, 1.3465417623519897]","[9.707823753356934, -40.962310791015625, -2.8758392333984375]",traffic_cone,0.1722101867198944,False,False,40,True,True,True,False,False,False,True,12,-1,False,False,False,False,,,False,3.437681311301736,,False,True,,0,0,False,False
r2_b_50iter,compound,recovery_1_5,fcbccedd61424f1b85dcbf8f897f9754,de7593d76648450e947ba0c203dee1b0,1533151609.947025,13,5,720,propagated,defer,defer,1.0,0.33755627274513245,0.0,0.0,0.0,0.9536374807357788,1.0,0.7741076350212097,"[0.0, 0.0, 0.0, 0.0, 0.0, 0.0]","[0.0, 0.0, 0.0, 0.9999783039093018, 1.3625442440989843e-10, 0.0]","[-13.02947998046875, -21.51824951171875, -2.086568832397461]","[-11.908088684082031, -22.574560165405273, -2.0700652599334717]","[633.1712036132812, 1639.1484375, 1.2412893772125244]","[-13.02947998046875, -21.51824951171875, -2.086568832397461]",pedestrian,0.11243410408496857,False,False,83,True,True,True,False,False,False,True,13,-1,False,False,False,False,,,False,2.094616016434107,,False,True,,0,0,False,False
r2_b_50iter,compound,recovery_1_5,fcbccedd61424f1b85dcbf8f897f9754,de7593d76648450e947ba0c203dee1b0,1533151609.947025,13,5,729,propagated,defer,recover,2.0,0.44554170966148376,2.0189695358276367,0.035643335431814194,0.0,0.9621039032936096,1.0,0.6931778788566589,"[0.08234337717294693, 0.0, 0.3609945774078369, 0.0, 0.5566620826721191, 0.0]","[0.0, 0.0, 0.0, 0.9999806880950928, 1.4973290163311503e-08, 0.0]","[-16.67645263671875, -26.4981689453125, -2.4707565307617188]","[-15.497539520263672, -27.232751846313477, -2.517622470855713]","[631.8792114257812, 1644.9013671875, 1.1122260093688965]","[-16.67645263671875, -26.4981689453125, -2.4707565307617188]",pedestrian,0.023292042315006256,False,False,-1,False,True,True,False,False,False,True,14,-1,False,False,False,True,c97be344ac4143ffa69b0b5ed22f31c2,pedestrian,True,0.3647545244698438,1.0002805285637312e-07,True,False,13,0,0,True,False
r2_b_50iter,compound,recovery_1_5,fcbccedd61424f1b85dcbf8f897f9754,de7593d76648450e947ba0c203dee1b0,1533151609.947025,13,5,740,propagated,defer,defer,1.0,0.1846318244934082,0.0,0.0,0.0,0.9849055409431458,1.0,0.758897066116333,"[0.0, 0.0, 0.0, 0.0, 0.0, 0.0]","[0.0, 0.0, 0.0, 0.9999748468399048, 9.267827408621088e-05, 0.0]","[-32.4794921875, -48.074951171875, -4.18267822265625]","[-31.627098083496094, -47.893672943115234, -4.297824382781982]","[626.2907104492188, 1670.5693359375, 0.7465106248855591]","[-32.474151611328125, -48.066062927246094, -4.18267822265625]",pedestrian,0.016094587743282318,False,False,-1,False,True,True,False,False,False,True,15,-1,False,False,False,False,,,False,22.334678088891035,,False,True,,0,0,False,False
r2_b_50iter,compound,recovery_1_5,fcbccedd61424f1b85dcbf8f897f9754,de7593d76648450e947ba0c203dee1b0,1533151609.947025,13,5,742,propagated,defer,defer,3.0,0.41874435544013977,0.0,0.0,0.0,0.9723432660102844,1.0,0.7432552576065063,"[0.0, 0.0, 0.0, 0.0, 0.0, 0.0]","[0.0, 0.0, 0.0, 0.9999170303344727, 0.0, 1.1206678249319975e-32]","[4.964599609375, -38.42657470703125, -2.400127410888672]","[6.051067352294922, -38.895877838134766, -2.44085955619812]","[609.1365966796875, 1635.79931640625, 1.6596835851669312]","[4.964599609375, -38.42657470703125, -2.400127410888672]",pedestrian,0.16303464770317078,False,False,46,True,True,True,False,False,False,True,16,-1,False,False,False,False,,,False,3.8787671239006265,,False,True,,0,0,False,False
r2_b_50iter,compound,recovery_1_5,fcbccedd61424f1b85dcbf8f897f9754,de7593d76648450e947ba0c203dee1b0,1533151609.947025,13,5,756,propagated,defer,recover,1.0,0.3567921221256256,0.37398624420166016,0.028543369844555855,0.0,0.9750859141349792,1.0,0.7023534178733826,"[0.0, 0.0, 0.0, 0.0, 1.0, 0.0]","[0.0, 0.0, 0.0, 0.9999480247497559, 0.00017478689551353455, 0.0]","[-15.84613037109375, -21.257293701171875, -2.169321060180664]","[-14.881301879882812, -21.82253074645996, -2.274671792984009]","[635.6439819335938, 1640.9609375, 1.0235354900360107]","[-15.84613037109375, -21.257293701171875, -2.169321060180664]",pedestrian,0.02238079346716404,False,False,-1,False,True,True,False,False,False,True,17,-1,False,False,False,False,,,False,3.05766671157548,,False,True,,5,0,False,False
r2_b_50iter,compound,recovery_1_5,fcbccedd61424f1b85dcbf8f897f9754,de7593d76648450e947ba0c203dee1b0,1533151609.947025,13,5,759,propagated,defer,defer,2.0,0.4141344130039215,0.0,0.0,0.0,0.9640401005744934,1.0,0.7293604016304016,"[0.0, 0.0, 0.0, 0.0, 0.0, 0.0]","[0.0, 0.0, 0.0, 0.9999508857727051, 2.9921084432818207e-36, 0.0]","[-10.0087890625, -46.951019287109375, -3.6011829376220703]","[-8.785999298095703, -47.65687561035156, -3.3586103916168213]","[611.8820190429688, 1652.8328857421875, 1.4270247220993042]","[-10.104674339294434, -47.47419357299805, -3.6011829376220703]",pedestrian,0.1523975133895874,False,False,53,True,True,True,False,False,False,True,18,-1,False,False,False,True,7a0cca0f12d547518dd80d8df2c501bb,pedestrian,True,0.8913188003442964,0.5853684784246997,True,False,,0,0,False,False
r2_b_50iter,compound,recovery_1_5,fcbccedd61424f1b85dcbf8f897f9754,de7593d76648450e947ba0c203dee1b0,1533151609.947025,13,5,765,propagated,defer,recover,1.0,0.4510994851589203,0.9341239929199219,0.03608795627951622,0.0,0.9916198253631592,1.0,0.6825295686721802,"[0.021783150732517242, 0.0, 0.36969560384750366, 0.0, 0.6085213422775269, 0.0]","[0.0, 0.0, 0.0, 0.9999749660491943, 3.434107202338055e-05, 0.0]","[-18.0848388671875, -26.3680419921875, -2.506284713745117]","[-17.521636962890625, -26.674598693847656, -2.604274034500122]","[633.6001586914062, 1646.1033935546875, 1.0137547254562378]","[-18.0848388671875, -26.3680419921875, -2.506284713745117]",pedestrian,0.02197386510670185,False,False,-1,False,True,True,False,False,False,True,19,-1,False,False,False,False,,,False,2.1641919707185995,,False,True,,3,0,False,False
r2_b_50iter,compound,recovery_1_5,fcbccedd61424f1b85dcbf8f897f9754,de7593d76648450e947ba0c203dee1b0,1533151609.947025,13,5,766,propagated,defer,defer,1.0,0.460654079914093,0.0,0.0,0.0,0.9736112356185913,1.0,0.7600914239883423,"[0.0, 0.0, 0.0, 0.0, 0.0, 0.0]","[0.0, 0.0, 0.0, 0.9999512434005737, 2.4843373450391437e-30, 0.0]","[-11.4835205078125, -43.63116455078125, -3.3566112518310547]","[-10.558536529541016, -44.71350860595703, -3.157688856124878]","[615.28271484375, 1652.3046875, 1.469793677330017]","[-11.556658744812012, -44.1645622253418, -3.3566112518310547]",pedestrian,0.15400627255439758,False,False,52,True,True,True,False,False,False,True,20,-1,False,False,False,True,2f009793dd694578990c045dc8c77e31,pedestrian,True,1.6587505743881346,0.5181861545456803,True,False,,0,0,False,False
r2_b_50iter,compound,recovery_1_5,fcbccedd61424f1b85dcbf8f897f9754,de7593d76648450e947ba0c203dee1b0,1533151609.947025,13,5,768,propagated,defer,recover,2.0,0.37696388363838196,1.5206937789916992,0.03015710972249508,0.0,0.9605029821395874,1.0,0.7165449261665344,"[0.3309147357940674, 0.22128401696681976, 0.0, 0.0, 0.0, 0.44780123233795166]","[0.0, 0.0, 0.0, 0.9999707937240601, 0.0, 8.6571239543351e-15]","[6.11468505859375, -17.94195556640625, -1.7716083526611328]","[7.346138000488281, -18.76244354248047, -1.7756547927856445]","[623.7765502929688, 1621.912841796875, 1.1017805337905884]","[6.108592510223389, -18.06719398498535, -1.7716083526611328]",pedestrian,0.022064736112952232,False,False,-1,False,True,True,False,False,False,True,21,-1,True,True,True,True,4eb1a864acc24ef89aa487d5002cc071,pedestrian,True,0.20140227332911212,0.116883553004803,True,False,13,0,0,True,False
r2_b_50iter,compound,recovery_1_5,fcbccedd61424f1b85dcbf8f897f9754,de7593d76648450e947ba0c203dee1b0,1533151609.947025,13,5,772,propagated,defer,recover,1.0,0.5464845299720764,0.7906503677368164,0.04371876269578934,0.0,0.9842603206634521,1.0,0.6880542039871216,"[0.0, 0.0, 0.14991453289985657, 0.0, 0.850085437297821, 0.0]","[0.0, 0.0, 0.0, 0.9999529123306274, 0.00032789644319564104, 0.0]","[-20.38848876953125, -28.2808837890625, -2.6986255645751953]","[-19.762928009033203, -28.91130256652832, -2.765625476837158]","[633.3134765625, 1649.2608642578125, 1.010736346244812]","[-20.38848876953125, -28.2808837890625, -2.6986255645751953]",pedestrian,0.02002345211803913,False,False,-1,False,True,True,False,False,False,True,22,-1,False,False,False,False,,,False,4.8421865651651,,False,True,,5,0,False,False
r2_b_50iter,compound,recovery_1_5,fcbccedd61424f1b85dcbf8f897f9754,de7593d76648450e947ba0c203dee1b0,1533151609.947025,13,5,796,propagated,defer,defer,1.0,0.42944595217704773,0.0,0.0,0.0,0.9745126366615295,1.0,0.7589851021766663,"[0.0, 0.0, 0.0, 0.0, 0.0, 0.0]","[0.0, 0.0, 0.0, 0.9999507665634155, 2.5924494758053774e-35, 0.0]","[-9.880615234375, -45.541351318359375, -3.580608367919922]","[-8.879180908203125, -46.232337951660156, -3.261716842651367]","[613.0381469726562, 1651.989990234375, 1.4392491579055786]","[-9.958097457885742, -46.07379913330078, -3.580608367919922]",pedestrian,0.13626685738563538,False,False,65,True,True,True,False,False,False,True,23,-1,False,False,False,False,,,False,2.222787358658845,,False,True,,0,0,False,False
r2_b_50iter,compound,recovery_1_5,fcbccedd61424f1b85dcbf8f897f9754,de7593d76648450e947ba0c203dee1b0,1533151609.947025,13,5,813,propagated,defer,recover,1.0,0.3597537875175476,0.877655029296875,0.02878030203282833,0.0,0.9822005033493042,1.0,0.7193503379821777,"[0.011549455113708973, 0.0, 0.3799975514411926, 0.0, 0.6084529757499695, 0.0]","[0.0, 0.0, 0.0, 0.9999812841415405, 2.482244781276677e-06, 0.0]","[-17.76458740234375, -26.752105712890625, -2.5171661376953125]","[-16.834266662597656, -26.92209243774414, -2.5771303176879883]","[632.97119140625, 1645.7322998046875, 1.0483938455581665]","[-17.76458740234375, -26.752105712890625, -2.5171661376953125]",pedestrian,0.015378359705209732,False,False,-1,False,True,True,False,False,False,True,24,-1,False,False,False,True,c97be344ac4143ffa69b0b5ed22f31c2,pedestrian,True,1.4665215999369468,1.846411141907209e-07,True,False,13,0,0,True,False
r2_b_50iter,compound,recovery_1_5,fcbccedd61424f1b85dcbf8f897f9754,de7593d76648450e947ba0c203dee1b0,1533151609.947025,13,5,814,propagated,defer,recover,1.0,0.3676093816757202,1.025771141052246,0.02940874919295311,0.0,0.9811838865280151,1.0,0.6932941675186157,"[0.09355135262012482, 0.0, 0.3585800528526306, 0.0, 0.5478686690330505, 0.0]","[0.0, 0.0, 0.0, 0.9999475479125977, 0.00020202240557409823, 0.0]","[-16.2935791015625, -22.27789306640625, -2.2628345489501953]","[-15.336891174316406, -22.446950912475586, -2.3398795127868652]","[635.4542236328125, 1641.712646484375, 1.0007591247558594]","[-16.2935791015625, -22.27789306640625, -2.2628345489501953]",pedestrian,0.016201453283429146,False,False,-1,False,True,True,False,False,False,True,25,-1,False,False,False,False,,,False,2.862318027646724,,False,True,,5,0,False,False
r2_b_50iter,compound,recovery_1_5,fcbccedd61424f1b85dcbf8f897f9754,de7593d76648450e947ba0c203dee1b0,1533151609.947025,13,5,820,propagated,defer,recover,1.0,0.47851619124412537,0.6365900039672852,0.03828129544854164,0.0,0.9709433317184448,1.0,0.6835545301437378,"[0.0, 0.0, 0.003288443898782134, 0.0, 0.9967116117477417, 0.0]","[0.0, 0.0, 0.0, 0.9999557733535767, 0.00025033715064637363, 0.0]","[-19.9410400390625, -27.2606201171875, -2.600238800048828]","[-18.764617919921875, -27.550037384033203, -2.6816446781158447]","[633.7216186523438, 1647.6207275390625, 1.0022685527801514]","[-19.9410400390625, -27.2606201171875, -2.600238800048828]",pedestrian,0.017500046640634537,False,False,-1,False,True,True,False,False,False,True,26,-1,False,False,False,False,,,False,3.4620824556358665,,False,True,,5,0,False,False
r2_b_50iter,compound,recovery_1_5,fcbccedd61424f1b85dcbf8f897f9754,de7593d76648450e947ba0c203dee1b0,1533151609.947025,13,5,821,propagated,defer,recover,2.0,0.41286134719848633,0.4726390838623047,0.03302890807390213,0.0,0.9701644778251648,1.0,0.7040359973907471,"[0.0, 1.5184135744450824e-19, 0.0, 0.0, 0.0, 1.0]","[0.0, 0.0, 0.0, 0.9999737739562988, 0.0, 1.23360369660679e-16]","[5.15362548828125, -16.792083740234375, -1.6999778747558594]","[6.295299530029297, -17.353572845458984, -1.6965007781982422]","[625.5332641601562, 1621.816162109375, 1.1074159145355225]","[5.101613521575928, -17.05426597595215, -1.6999778747558594]",pedestrian,0.01819620281457901,False,False,-1,False,True,True,False,False,False,True,27,-1,True,True,True,True,0e9b314c6a1f41189116b67fb257d8ba,pedestrian,True,0.438893914882627,0.07388984086702644,True,False,13,0,0,True,False
r2_b_50iter,compound,recovery_1_5,fcbccedd61424f1b85dcbf8f897f9754,de7593d76648450e947ba0c203dee1b0,1533151609.947025,13,5,822,propagated,defer,recover,1.0,0.4460948407649994,0.6983060836791992,0.03568758815526962,0.0,0.9815289974212646,1.0,0.7121739983558655,"[0.0, 0.0, 0.17194955050945282, 0.0, 0.828050434589386, 0.0]","[0.0, 0.0, 0.0, 0.9999778270721436, 1.3328131899470463e-05, 0.0]","[-19.7486572265625, -29.0526123046875, -2.6609344482421875]","[-18.79940414428711, -29.210968017578125, -2.7385644912719727]","[632.4676513671875, 1648.7110595703125, 1.0454885959625244]","[-19.7486572265625, -29.0526123046875, -2.6609344482421875]",pedestrian,0.01545774843543768,False,False,-1,False,True,True,False,False,False,True,28,-1,False,False,False,False,,,False,4.14724205187155,,False,True,,5,0,False,False
r2_b_50iter,compound,recovery_1_5,fcbccedd61424f1b85dcbf8f897f9754,de7593d76648450e947ba0c203dee1b0,1533151609.947025,13,5,830,propagated,defer,defer,1.0,0.4012073874473572,0.0,0.0,0.0,0.9002613425254822,1.0,0.755668580532074,"[0.0, 0.0, 0.0, 0.0, 0.0, 0.0]","[0.0, 0.0, 0.0, 0.9999411106109619, 0.0, 0.0]","[-4.7579345703125, -36.06072998046875, -3.3821468353271484]","[-3.3225784301757812, -38.99030303955078, -2.6672818660736084]","[615.0580444335938, 1643.06884765625, 1.538967251777649]","[-4.980915546417236, -40.401824951171875, -3.3821468353271484]",traffic_cone,0.0006950721144676208,False,False,-1,False,True,True,False,False,False,True,29,-1,False,False,False,True,cf11445013d14ce98d71c50b898e0744,car,False,1.1450200985831365,1.3321842058928488,False,True,,0,0,False,False
r2_b_50iter,compound,recovery_1_5,fcbccedd61424f1b85dcbf8f897f9754,de7593d76648450e947ba0c203dee1b0,1533151609.947025,13,5,843,propagated,defer,recover,1.0,0.42575913667678833,0.6827163696289062,0.034060731530189514,0.0,0.9922826886177063,1.0,0.7201051115989685,"[0.0, 0.0, 0.16760271787643433, 0.0, 0.8323973417282104, 0.0]","[0.0, 0.0, 0.0, 0.9999799728393555, 2.5204337816830957e-06, 0.0]","[-18.66021728515625, -28.79705810546875, -2.640840530395508]","[-18.25006103515625, -29.259117126464844, -2.7159059047698975]","[632.079833984375, 1648.3189697265625, 1.0651559829711914]","[-18.66021728515625, -28.79705810546875, -2.640840530395508]",pedestrian,0.01419390831142664,False,False,-1,False,True,True,False,False,False,True,30,-1,False,False,False,False,,,False,3.7350278329944,,False,True,,0,0,False,False
r2_b_50iter,compound,recovery_1_5,fcbccedd61424f1b85dcbf8f897f9754,de7593d76648450e947ba0c203dee1b0,1533151609.947025,13,5,848,propagated,defer,defer,1.0,0.3809819519519806,0.0,0.0,0.0,0.9804491400718689,1.0,0.7538729906082153,"[0.0, 0.0, 0.0, 0.0, 0.0, 0.0]","[0.0, 0.0, 0.0, 0.9999779462814331, 1.7962117908609798e-06, 0.0]","[-29.0870361328125, -45.904693603515625, -4.001432418823242]","[-28.692625045776367, -46.81594467163086, -4.037297248840332]","[625.2484130859375, 1667.6151123046875, 0.9106985330581665]","[-29.0870361328125, -45.904693603515625, -4.001432418823242]",pedestrian,0.049666959792375565,False,False,-1,False,True,True,False,False,False,True,31,-1,False,False,False,False,,,False,19.2390759599982,,False,True,,0,0,False,False
r2_b_50iter,compound,recovery_1_5,fcbccedd61424f1b85dcbf8f897f9754,de7593d76648450e947ba0c203dee1b0,1533151609.947025,13,5,854,propagated,defer,defer,1.0,0.30701181292533875,0.0,0.0,0.0,0.9882307648658752,1.0,0.7221313118934631,"[0.0, 0.0, 0.0, 0.0, 0.0, 0.0]","[0.0, 0.0, 0.0, 0.9999758005142212, 3.1613276405551005e-06, 0.0]","[-31.96722412109375, -50.253143310546875, -4.218681335449219]","[-31.25093650817871, -50.53341293334961, -4.236931324005127]","[624.0274047851562, 1671.9637451171875, 0.9616907835006714]","[-31.96722412109375, -50.253143310546875, -4.218681335449219]",pedestrian,0.0424523651599884,False,False,-1,False,True,True,False,False,False,True,32,-1,False,False,False,False,,,False,22.676461112510818,,False,True,,0,0,False,False
r2_b_50iter,compound,recovery_1_5,fcbccedd61424f1b85dcbf8f897f9754,de7593d76648450e947ba0c203dee1b0,1533151609.947025,13,5,877,propagated,defer,recover,1.0,0.41675543785095215,0.14691495895385742,0.03334043547511101,0.0,0.976635754108429,1.0,0.7647058963775635,"[0.0, 0.0, 0.0, 0.0, 1.0, 0.0]","[0.0, 0.0, 0.0, 0.9999724626541138, 0.0001359789166599512, 0.0]","[-32.3509521484375, -46.6630859375, -4.1981658935546875]","[-31.469646453857422, -47.29951858520508, -4.216307640075684]","[626.6488037109375, 1670.0650634765625, 0.7905505895614624]","[-32.3509521484375, -46.6630859375, -4.1981658935546875]",pedestrian,0.012100058607757092,False,False,-1,False,True,True,False,False,False,True,33,-1,False,False,False,False,,,False,22.060775975566262,,False,True,,0,0,False,False
r2_b_50iter,compound,recovery_1_5,fcbccedd61424f1b85dcbf8f897f9754,de7593d76648450e947ba0c203dee1b0,1533151609.947025,13,5,883,propagated,defer,defer,4.0,0.36713916063308716,0.0,0.0,0.0,0.9995131492614746,1.0,0.680042028427124,"[0.0, 0.0, 0.0, 0.0, 0.0, 0.0]","[0.0, 0.0, 0.0, 0.9999516010284424, 4.1359425058103994e-24, 0.0]","[-12.1917724609375, -39.681427001953125, -2.919271469116211]","[-12.086166381835938, -39.86985778808594, -2.827892303466797]","[619.9891967773438, 1650.368408203125, 1.5245686769485474]","[-12.211166381835938, -39.88924789428711, -2.919271469116211]",pedestrian,0.0987863838672638,False,False,103,True,True,True,False,False,False,True,34,-1,False,False,False,False,,,False,4.074041227469874,,False,True,,0,0,False,False
r2_b_50iter,compound,recovery_1_5,fcbccedd61424f1b85dcbf8f897f9754,de7593d76648450e947ba0c203dee1b0,1533151609.947025,13,5,884,propagated,defer,recover,1.0,0.3883676826953888,0.5182380676269531,0.03106941469013691,0.0,0.9687008261680603,1.0,0.6949338912963867,"[0.0, 0.0, 0.0756215900182724, 0.0, 0.9243783354759216, 0.0]","[0.0, 0.0, 0.0, 0.9999821186065674, 5.629534030049399e-07, 0.0]","[-16.10137939453125, -24.071044921875, -2.304037094116211]","[-14.873432159423828, -24.37472915649414, -2.347419023513794]","[633.678466796875, 1642.5885009765625, 1.1039847135543823]","[-16.133596420288086, -24.383665084838867, -2.304037094116211]",pedestrian,0.008698279969394207,False,False,-1,False,True,True,False,False,False,True,35,-1,True,True,True,True,84b1b1dde33e44bea0d99dc3094fd49a,pedestrian,True,1.9737696939649938,0.7093080490053304,True,False,13,0,0,True,False
r2_b_50iter,compound,recovery_1_5,fcbccedd61424f1b85dcbf8f897f9754,de7593d76648450e947ba0c203dee1b0,1533151609.947025,13,5,893,propagated,defer,defer,3.0,0.4415132403373718,0.0,0.0,0.0,0.9095441102981567,1.0,0.7492923736572266,"[0.0, 0.0, 0.0, 0.0, 0.0, 0.0]","[0.0, 0.0, 0.0, 0.9999434947967529, 0.0, 0.0]","[-6.48846435546875, -35.55743408203125, -3.225994110107422]","[-4.914752960205078, -39.406978607177734, -2.7174363136291504]","[615.756103515625, 1644.56005859375, 1.5308295488357544]","[-7.002298355102539, -39.75927734375, -3.225994110107422]",bicycle,0.0015609211986884475,False,False,-1,False,True,True,False,False,False,True,36,-1,False,False,False,False,,,False,2.5005080207439008,,False,True,,0,0,False,False
r2_b_50iter,compound,recovery_1_5,fcbccedd61424f1b85dcbf8f897f9754,f753d3f87e5b40af87ff2cbf7c8e7082,1533151610.446899,14,5,2,base,defer,defer,0.0,0.37481895089149475,0.0,0.0,0.0,0.0,1.0,0.7558945417404175,"[0.0, 0.0, 0.0, 0.0, 0.0, 0.0]","[0.0, 0.0, 0.0, 0.9999393224716187, 4.158081750761844e-32, 0.0]","[0.0, 0.0, 0.0]","[-10.327884674072266, -47.1475830078125, -3.0906736850738525]","[614.7992553710938, 1652.3543701171875, 1.726976990699768]","[0.0, 0.0, 0.0]",pedestrian,0.13357140123844147,False,False,48,True,False,False,False,False,True,True,-1,-1,False,False,False,True,2b5c84ef9b6e417aabc0ee048e3c4ca0,pedestrian,True,1.5793298266113776,0.5993592420002463,True,False,,0,0,False,False
r2_b_50iter,compound,recovery_1_5,fcbccedd61424f1b85dcbf8f897f9754,f753d3f87e5b40af87ff2cbf7c8e7082,1533151610.446899,14,5,10,base,defer,defer,0.0,0.5066975355148315,0.0,0.0,0.0,0.0,1.0,0.6997069716453552,"[0.0, 0.0, 0.0, 0.0, 0.0, 0.0]","[0.0, 0.0, 0.0, 0.9999624490737915, 0.0, 9.143314571628197e-20]","[0.0, 0.0, 0.0]","[6.344524383544922, -20.34760856628418, -1.7802317142486572]","[624.7433471679688, 1622.37548828125, 1.1730810403823853]","[0.0, 0.0, 0.0]",pedestrian,0.7054460048675537,False,False,2,True,False,False,False,False,True,True,-1,-1,True,True,True,True,135bbe9c408f42dc8731b501122e9973,pedestrian,True,0.9802467958729248,0.3209799559144748,True,False,14,0,0,True,False
r2_b_50iter,compound,recovery_1_5,fcbccedd61424f1b85dcbf8f897f9754,f753d3f87e5b40af87ff2cbf7c8e7082,1533151610.446899,14,5,13,base,defer,defer,0.0,0.391531378030777,0.0,0.0,0.0,0.0,1.0,0.7547005414962769,"[0.0, 0.0, 0.0, 0.0, 0.0, 0.0]","[0.0, 0.0, 0.0, 0.9999117851257324, 0.0, 5.607223031463501e-33]","[0.0, 0.0, 0.0]","[6.464759826660156, -42.57200241088867, -2.5853171348571777]","[607.5807495117188, 1636.5089111328125, 1.7006789445877075]","[0.0, 0.0, 0.0]",pedestrian,0.12225321680307388,False,False,57,True,False,False,False,False,True,True,-1,-1,False,False,False,False,,,False,2.11280292653722,,False,True,,0,0,False,False
r2_b_50iter,compound,recovery_1_5,fcbccedd61424f1b85dcbf8f897f9754,f753d3f87e5b40af87ff2cbf7c8e7082,1533151610.446899,14,5,20,base,defer,defer,0.0,0.31576430797576904,0.0,0.0,0.0,0.0,1.0,0.7137200832366943,"[0.0, 0.0, 0.0, 0.0, 0.0, 0.0]","[0.0, 0.0, 0.0, 0.9999847412109375, 3.3818143947428325e-06, 0.0]","[0.0, 0.0, 0.0]","[-17.18946075439453, -27.340885162353516, -2.7677955627441406]","[634.4036865234375, 1644.9666748046875, 0.9659757614135742]","[0.0, 0.0, 0.0]",pedestrian,0.11285606771707535,False,False,67,True,False,False,False,False,True,True,-1,-1,False,False,False,False,,,False,2.3757093465599164,,False,True,,0,0,False,False
r2_b_50iter,compound,recovery_1_5,fcbccedd61424f1b85dcbf8f897f9754,f753d3f87e5b40af87ff2cbf7c8e7082,1533151610.446899,14,5,44,base,defer,defer,0.0,0.41053491830825806,0.0,0.0,0.0,0.0,1.0,0.6846351027488708,"[0.0, 0.0, 0.0, 0.0, 0.0, 0.0]","[0.0, 0.0, 0.0, 0.999982476234436, 1.218522902490804e-05, 0.0]","[0.0, 0.0, 0.0]","[-19.557416915893555, -30.48940086364746, -3.035574436187744]","[633.4932250976562, 1648.8087158203125, 0.9236866235733032]","[0.0, 0.0, 0.0]",pedestrian,0.09290961176156998,False,False,94,True,False,False,False,False,True,True,-1,-1,False,False,False,False,,,False,4.461527248952469,,False,True,,4,0,False,False
r2_b_50iter,compound,recovery_1_5,fcbccedd61424f1b85dcbf8f897f9754,f753d3f87e5b40af87ff2cbf7c8e7082,1533151610.446899,14,5,50,base,defer,defer,0.0,0.37992995977401733,0.0,0.0,0.0,0.0,1.0,0.7754030823707581,"[0.0, 0.0, 0.0, 0.0, 0.0, 0.0]","[0.0, 0.0, 0.0, 0.9999349117279053, 1.1913262163880742e-34, 0.0]","[0.0, 0.0, 0.0]","[-9.610416412353516, -48.80585479736328, -3.1218318939208984]","[613.0662231445312, 1652.8631591796875, 1.784389853477478]","[0.0, 0.0, 0.0]",pedestrian,0.14814984798431396,False,False,42,True,False,False,False,False,True,True,-1,-1,False,False,False,False,,,False,2.682231193197966,,False,True,,0,0,False,False
r2_b_50iter,compound,recovery_1_5,fcbccedd61424f1b85dcbf8f897f9754,f753d3f87e5b40af87ff2cbf7c8e7082,1533151610.446899,14,5,62,base,defer,defer,0.0,0.3968041241168976,0.0,0.0,0.0,0.0,1.0,0.7778512239456177,"[0.0, 0.0, 0.0, 0.0, 0.0, 0.0]","[0.0, 0.0, 0.0, 0.9999164342880249, 0.0, 1.1119290529911908e-32]","[0.0, 0.0, 0.0]","[6.245567321777344, -40.248722076416016, -2.5101075172424316]","[609.5068359375, 1635.1905517578125, 1.639743685722351]","[0.0, 0.0, 0.0]",pedestrian,0.12347489595413208,False,False,56,True,False,False,False,False,True,True,-1,-1,False,False,False,False,,,False,4.319684604384097,,False,True,,0,0,False,False
r2_b_50iter,compound,recovery_1_5,fcbccedd61424f1b85dcbf8f897f9754,f753d3f87e5b40af87ff2cbf7c8e7082,1533151610.446899,14,5,122,base,defer,defer,0.0,0.44763267040252686,0.0,0.0,0.0,0.0,1.0,0.8149363994598389,"[0.0, 0.0, 0.0, 0.0, 0.0, 0.0]","[0.0, 0.0, 0.0, 0.9999730587005615, 7.940967761826956e-13, 0.0]","[0.0, 0.0, 0.0]","[-11.84170913696289, -24.65549087524414, -2.1302120685577393]","[633.0648803710938, 1639.1126708984375, 1.359667181968689]","[0.0, 0.0, 0.0]",pedestrian,0.07676255702972412,False,False,136,True,False,False,False,False,True,True,-1,-1,False,False,False,False,,,False,2.550990511623283,,False,True,,0,0,False,False
r2_b_50iter,compound,recovery_1_5,fcbccedd61424f1b85dcbf8f897f9754,f753d3f87e5b40af87ff2cbf7c8e7082,1533151610.446899,14,5,162,base,defer,defer,0.0,0.4776778817176819,0.0,0.0,0.0,0.0,1.0,0.6952607035636902,"[0.0, 0.0, 0.0, 0.0, 0.0, 0.0]","[0.0, 0.0, 0.0, 0.9999579191207886, 0.0, 4.938495953753258e-22]","[0.0, 0.0, 0.0]","[6.083831787109375, -21.74591636657715, -1.825688123703003]","[623.8353881835938, 1623.470458984375, 1.21555757522583]","[0.0, 0.0, 0.0]",pedestrian,0.26242196559906006,False,False,21,True,False,False,False,False,True,True,-1,-1,True,True,True,True,78fc00fbc8fa4c8ba304d3165d719b92,pedestrian,True,0.053849308926904954,0.5004555685655743,True,False,14,0,0,True,False
r2_b_50iter,compound,recovery_1_5,fcbccedd61424f1b85dcbf8f897f9754,f753d3f87e5b40af87ff2cbf7c8e7082,1533151610.446899,14,5,237,base,defer,defer,0.0,0.4017144739627838,0.0,0.0,0.0,0.0,1.0,0.717803955078125,"[0.0, 0.0, 0.0, 0.0, 0.0, 0.0]","[0.0, 0.0, 0.0, 0.9999641180038452, 0.0, 6.564797832285426e-17]","[0.0, 0.0, 0.0]","[7.214813232421875, -20.336200714111328, -1.806391954421997]","[624.194091796875, 1621.700927734375, 1.1330064535140991]","[0.0, 0.0, 0.0]",pedestrian,0.4266543388366699,False,False,6,True,False,False,False,False,True,True,-1,-1,True,True,True,True,2c9deea58db742879c21342d4685e0ce,pedestrian,True,0.6805158501040403,0.4479881476736267,True,False,14,0,0,True,False
r2_b_50iter,compound,recovery_1_5,fcbccedd61424f1b85dcbf8f897f9754,f753d3f87e5b40af87ff2cbf7c8e7082,1533151610.446899,14,5,255,base,defer,defer,0.0,0.47956356406211853,0.0,0.0,0.0,0.0,1.0,0.7999833226203918,"[0.0, 0.0, 0.0, 0.0, 0.0, 0.0]","[0.0, 0.0, 0.0, 0.99993896484375, 0.0, 0.0]","[0.0, 0.0, 0.0]","[-4.876514434814453, -45.45035171508789, -3.021773099899292]","[612.6150512695312, 1647.0799560546875, 1.6107624769210815]","[0.0, 0.0, 0.0]",bicycle,0.005652174353599548,False,False,-1,False,False,False,False,False,True,True,-1,-1,False,False,False,False,,,False,2.852001957347828,,False,True,,0,0,False,False
r2_b_50iter,compound,recovery_1_5,fcbccedd61424f1b85dcbf8f897f9754,f753d3f87e5b40af87ff2cbf7c8e7082,1533151610.446899,14,5,261,base,defer,defer,0.0,0.3916266858577728,0.0,0.0,0.0,0.0,1.0,0.7137376666069031,"[0.0, 0.0, 0.0, 0.0, 0.0, 0.0]","[0.0, 0.0, 0.0, 0.9999749660491943, 1.5739566094907786e-08, 0.0]","[0.0, 0.0, 0.0]","[-28.691150665283203, -51.19894790649414, -4.218003273010254]","[623.4027099609375, 1669.102783203125, 1.125019907951355]","[0.0, 0.0, 0.0]",pedestrian,0.01856827735900879,False,False,-1,False,False,False,False,False,True,True,-1,-1,False,False,False,False,,,False,19.744974935892195,,False,True,,0,0,False,False
r2_b_50iter,compound,recovery_1_5,fcbccedd61424f1b85dcbf8f897f9754,f753d3f87e5b40af87ff2cbf7c8e7082,1533151610.446899,14,5,298,base,defer,defer,0.0,0.4986134171485901,0.0,0.0,0.0,0.0,1.0,0.7427538633346558,"[0.0, 0.0, 0.0, 0.0, 0.0, 0.0]","[0.0, 0.0, 0.0, 0.9999442100524902, 0.001779613783583045, 0.0]","[0.0, 0.0, 0.0]","[-33.74003601074219, -48.268104553222656, -4.488948345184326]","[628.873779296875, 1671.1240234375, 0.7558532953262329]","[0.0, 0.0, 0.0]",pedestrian,0.045126210898160934,False,False,-1,False,False,False,False,False,True,True,-1,-1,False,False,False,False,,,False,24.14207708242899,,False,True,,0,0,False,False
r2_b_50iter,compound,recovery_1_5,fcbccedd61424f1b85dcbf8f897f9754,f753d3f87e5b40af87ff2cbf7c8e7082,1533151610.446899,14,5,314,base,defer,defer,0.0,0.40920770168304443,0.0,0.0,0.0,0.0,1.0,0.7370151281356812,"[0.0, 0.0, 0.0, 0.0, 0.0, 0.0]","[0.0, 0.0, 0.0, 0.9999749660491943, 9.492724314941192e-12, 0.0]","[0.0, 0.0, 0.0]","[-14.957511901855469, -30.070236206054688, -2.5894088745117188]","[630.8869018554688, 1644.9853515625, 1.2736626863479614]","[0.0, 0.0, 0.0]",pedestrian,0.10582643747329712,False,False,74,True,False,False,False,False,True,True,-1,-1,False,False,False,True,081c19290123437ba6a3617344bbb55d,pedestrian,True,1.2389096565668822,1.031890219136872,True,False,,0,0,False,False
r2_b_50iter,compound,recovery_1_5,fcbccedd61424f1b85dcbf8f897f9754,f753d3f87e5b40af87ff2cbf7c8e7082,1533151610.446899,14,5,342,base,defer,defer,0.0,0.3544284403324127,0.0,0.0,0.0,0.0,1.0,0.7195841670036316,"[0.0, 0.0, 0.0, 0.0, 0.0, 0.0]","[0.0, 0.0, 0.0, 0.9999474287033081, 1.1087892781927857e-31, 0.0]","[0.0, 0.0, 0.0]","[-10.977561950683594, -49.33927917480469, -3.3798062801361084]","[613.5225219726562, 1654.266845703125, 1.5797659158706665]","[0.0, 0.0, 0.0]",pedestrian,0.016868535429239273,False,False,-1,False,False,False,False,False,True,True,-1,-1,False,False,False,False,,,False,3.3268807956536928,,False,True,,0,0,False,False
r2_b_50iter,compound,recovery_1_5,fcbccedd61424f1b85dcbf8f897f9754,f753d3f87e5b40af87ff2cbf7c8e7082,1533151610.446899,14,5,386,base,defer,defer,0.0,0.336788535118103,0.0,0.0,0.0,0.0,1.0,0.6977187991142273,"[0.0, 0.0, 0.0, 0.0, 0.0, 0.0]","[0.0, 0.0, 0.0, 0.9999520778656006, 0.0, 7.262047001234084e-22]","[0.0, 0.0, 0.0]","[6.96881103515625, -24.98470115661621, -1.9890809059143066]","[620.7774047851562, 1624.8660888671875, 1.2332292795181274]","[0.0, 0.0, 0.0]",pedestrian,0.1361924111843109,False,False,45,True,False,False,False,False,True,True,-1,-1,True,True,False,True,1bf77b2cec7b435593052cad0182316c,pedestrian,True,0.9914260625829162,0.9571189543643392,True,False,14,0,0,True,False
r2_b_50iter,compound,recovery_1_5,fcbccedd61424f1b85dcbf8f897f9754,f753d3f87e5b40af87ff2cbf7c8e7082,1533151610.446899,14,5,433,base,defer,defer,0.0,0.43893614411354065,0.0,0.0,0.0,0.0,1.0,0.7565463185310364,"[0.0, 0.0, 0.0, 0.0, 0.0, 0.0]","[0.0, 0.0, 0.0, 0.9999791383743286, 5.736992534366436e-06, 0.0]","[0.0, 0.0, 0.0]","[-29.93470573425293, -47.8062858581543, -4.216372966766357]","[626.8024291992188, 1667.8924560546875, 0.9421385526657104]","[0.0, 0.0, 0.0]",pedestrian,0.026105035096406937,False,False,-1,False,False,False,False,False,True,True,-1,-1,False,False,False,False,,,False,20.304068398641835,,False,True,,0,0,False,False
r2_b_50iter,compound,recovery_1_5,fcbccedd61424f1b85dcbf8f897f9754,f753d3f87e5b40af87ff2cbf7c8e7082,1533151610.446899,14,5,467,base,defer,defer,0.0,0.26338884234428406,0.0,0.0,0.0,0.0,1.0,0.694184422492981,"[0.0, 0.0, 0.0, 0.0, 0.0, 0.0]","[0.0, 0.0, 0.0, 0.9999699592590332, 0.0, 1.4645584793320058e-16]","[0.0, 0.0, 0.0]","[7.684349060058594, -21.387088775634766, -1.9720497131347656]","[623.0810546875, 1622.019287109375, 1.0235313177108765]","[0.0, 0.0, 0.0]",pedestrian,0.00683846790343523,False,False,-1,False,False,False,False,False,True,True,-1,-1,True,True,True,True,2c9deea58db742879c21342d4685e0ce,pedestrian,True,0.48681853358435456,0.7487194811939633,True,False,14,0,0,True,False
r2_b_50iter,compound,recovery_1_5,fcbccedd61424f1b85dcbf8f897f9754,f753d3f87e5b40af87ff2cbf7c8e7082,1533151610.446899,14,5,476,base,defer,defer,0.0,0.3993566036224365,0.0,0.0,0.0,0.0,1.0,0.808377742767334,"[0.0, 0.0, 0.0, 0.0, 0.0, 0.0]","[0.0, 0.0, 0.0, 0.9999328851699829, 0.0, 7.719036991138007e-25]","[0.0, 0.0, 0.0]","[9.977527618408203, -42.55023956298828, -2.875021457672119]","[605.3385620117188, 1633.8111572265625, 1.3566209077835083]","[0.0, 0.0, 0.0]",traffic_cone,0.09217870235443115,False,False,96,True,False,False,False,False,True,True,-1,-1,False,False,False,False,,,False,2.731626691835042,,False,True,,0,0,False,False
r2_b_50iter,compound,recovery_1_5,fcbccedd61424f1b85dcbf8f897f9754,f753d3f87e5b40af87ff2cbf7c8e7082,1533151610.446899,14,5,530,base,defer,defer,0.0,0.3194214701652527,0.0,0.0,0.0,0.0,1.0,0.7180885672569275,"[0.0, 0.0, 0.0, 0.0, 0.0, 0.0]","[0.0, 0.0, 0.0, 0.9999504089355469, 1.429779427922554e-24, 0.0]","[0.0, 0.0, 0.0]","[-12.671585083007812, -42.6884880065918, -2.988943099975586]","[619.7252197265625, 1651.303466796875, 1.5968295335769653]","[0.0, 0.0, 0.0]",pedestrian,0.016320280730724335,False,False,-1,False,False,False,False,False,True,True,-1,-1,False,False,False,False,,,False,4.166031044839876,,False,True,,0,0,False,False
r2_b_50iter,compound,recovery_1_5,fcbccedd61424f1b85dcbf8f897f9754,f753d3f87e5b40af87ff2cbf7c8e7082,1533151610.446899,14,5,567,base,defer,defer,0.0,0.4281676709651947,0.0,0.0,0.0,0.0,1.0,0.6544649004936218,"[0.0, 0.0, 0.0, 0.0, 0.0, 0.0]","[0.0, 0.0, 0.0, 0.9999712705612183, 1.8073881150396098e-12, 0.0]","[0.0, 0.0, 0.0]","[-13.030658721923828, -26.838436126708984, -2.258162021636963]","[632.1458740234375, 1641.42578125, 1.381034255027771]","[0.0, 0.0, 0.0]",pedestrian,0.603077232837677,False,False,3,True,False,False,False,False,True,True,-1,-1,True,True,True,True,0af15fef1ea54711846a22c13ab87a73,pedestrian,True,0.4109242669577566,0.1551744822105708,True,False,14,0,0,True,False
r2_b_50iter,compound,recovery_1_5,fcbccedd61424f1b85dcbf8f897f9754,f753d3f87e5b40af87ff2cbf7c8e7082,1533151610.446899,14,5,587,base,defer,defer,0.0,0.46983596682548523,0.0,0.0,0.0,0.0,1.0,0.7184652090072632,"[0.0, 0.0, 0.0, 0.0, 0.0, 0.0]","[0.0, 0.0, 0.0, 0.999972939491272, 9.516717545920983e-05, 0.0]","[0.0, 0.0, 0.0]","[-19.3148250579834, -28.90809440612793, -2.946275234222412]","[634.5548095703125, 1647.608642578125, 0.9142690896987915]","[0.0, 0.0, 0.0]",pedestrian,0.10872795432806015,False,False,71,True,False,False,False,False,True,True,-1,-1,False,False,False,False,,,False,3.921419148302041,,False,True,,2,0,False,False
r2_b_50iter,compound,recovery_1_5,fcbccedd61424f1b85dcbf8f897f9754,f753d3f87e5b40af87ff2cbf7c8e7082,1533151610.446899,14,5,602,base,defer,defer,0.0,0.44461074471473694,0.0,0.0,0.0,0.0,1.0,0.7295951247215271,"[0.0, 0.0, 0.0, 0.0, 0.0, 0.0]","[0.0, 0.0, 0.0, 0.9999675750732422, 0.0, 1.3659704948037301e-18]","[0.0, 0.0, 0.0]","[6.371143341064453, -19.300378799438477, -1.7660067081451416]","[625.530517578125, 1621.685791015625, 1.1240618228912354]","[0.0, 0.0, 0.0]",pedestrian,0.02128301002085209,False,False,-1,False,False,False,False,False,True,True,-1,-1,True,True,True,True,135bbe9c408f42dc8731b501122e9973,pedestrian,True,0.16236086302693492,0.3772452927109983,True,False,14,0,0,True,False
r2_b_50iter,compound,recovery_1_5,fcbccedd61424f1b85dcbf8f897f9754,f753d3f87e5b40af87ff2cbf7c8e7082,1533151610.446899,14,5,612,base,defer,defer,0.0,0.31832054257392883,0.0,0.0,0.0,0.0,1.0,0.6641460061073303,"[0.0, 0.0, 0.0, 0.0, 0.0, 0.0]","[0.0, 0.0, 0.0, 0.9999691247940063, 1.4881511685915436e-14, 0.0]","[0.0, 0.0, 0.0]","[-12.411354064941406, -27.806882858276367, -2.295241117477417]","[631.0048828125, 1641.570068359375, 1.392661452293396]","[0.0, 0.0, 0.0]",pedestrian,0.08596528321504593,False,False,110,True,False,False,False,False,True,True,-1,-1,True,True,True,True,dbed4cee903546d5b402f9ace1d3f399,pedestrian,True,0.7459660570359563,0.32650196651438196,True,False,14,0,0,True,False
r2_b_50iter,compound,recovery_1_5,fcbccedd61424f1b85dcbf8f897f9754,f753d3f87e5b40af87ff2cbf7c8e7082,1533151610.446899,14,5,667,propagated,defer,keep,0.0,0.4829268455505371,0.0,0.0,0.0,0.9867835640907288,1.0,0.6504834890365601,"[0.06042557582259178, 0.0, 0.32170069217681885, 0.1243664100766182, 0.4935073256492615, 0.0]","[0.0, 0.0, 0.0, 0.9999529123306274, 0.00022940120834391564, 0.0]","[-16.62799072265625, -23.396820068359375, -2.4750843048095703]","[-16.52765655517578, -24.203123092651367, -2.5460565090179443]","[636.396240234375, 1642.4444580078125, 0.9889942407608032]","[-16.62799072265625, -23.396820068359375, -2.4750843048095703]",pedestrian,0.04032919928431511,False,False,-1,False,False,False,False,False,True,True,25,-1,False,False,False,False,,,False,4.261536396522914,,False,True,,5,0,False,False
r2_b_50iter,compound,recovery_1_5,fcbccedd61424f1b85dcbf8f897f9754,f753d3f87e5b40af87ff2cbf7c8e7082,1533151610.446899,14,5,678,propagated,defer,defer,0.0,0.3507336378097534,0.0,0.0,0.0,0.9928503632545471,1.0,0.7411163449287415,"[0.0, 0.0, 0.0, 0.9999988675117493, 0.0, 1.1296298225715873e-06]","[0.0, 0.0, 0.0, 0.9999703168869019, 0.0, 1.1520731959535624e-06]","[8.84661865234375, -16.52545166015625, -1.6439933776855469]","[9.312591552734375, -16.37689208984375, -1.597736120223999]","[625.8975830078125, 1617.5518798828125, 1.0717791318893433]","[8.83880615234375, -16.01336669921875, -1.6439933776855469]",pedestrian,0.022602548822760582,False,False,-1,False,False,False,False,False,True,True,7,-1,False,False,False,False,,,False,2.129811391029121,,False,True,,0,0,False,False
r2_b_50iter,compound,recovery_1_5,fcbccedd61424f1b85dcbf8f897f9754,f753d3f87e5b40af87ff2cbf7c8e7082,1533151610.446899,14,5,692,propagated,defer,defer,0.0,0.3280867040157318,0.0,0.0,0.0,0.5347276329994202,1.0,0.7594237327575684,"[0.0, 0.0, 0.0, 1.0, 0.0, 0.0]","[0.0, 0.0, 0.0, 0.9999251365661621, 0.0, 0.0]","[-4.02410888671875, -44.78338623046875, -3.0972023010253906]","[-2.5954055786132812, -45.88969421386719, -2.856750726699829]","[610.8237915039062, 1645.599853515625, 1.7670100927352905]","[-3.8252205848693848, -51.34218215942383, -3.0972023010253906]",traffic_cone,0.00011100825940957293,False,False,-1,False,False,False,False,False,True,True,-1,-1,False,False,False,True,b5be02d305d14d3ca7b4cd5146b99fcb,car,False,0.8873235913400377,3.0296471898174273,False,True,,0,0,False,False
r2_b_50iter,compound,recovery_1_5,fcbccedd61424f1b85dcbf8f897f9754,f753d3f87e5b40af87ff2cbf7c8e7082,1533151610.446899,14,5,733,propagated,defer,defer,0.0,0.41189372539520264,0.0,0.0,0.0,0.9956803321838379,1.0,0.7492591738700867,"[0.0, 0.0, 0.0, 1.0, 5.945261273544161e-35, 0.0]","[0.0, 0.0, 0.0, 0.9999394416809082, 1.0228021259802063e-35, 0.0]","[-9.07977294921875, -49.631591796875, -3.5139026641845703]","[-9.504138946533203, -50.578792572021484, -3.311473846435547]","[611.630615234375, 1653.9227294921875, 1.6998270750045776]","[-9.110343933105469, -50.43596649169922, -3.5139026641845703]",pedestrian,0.011350221931934357,False,False,-1,False,False,False,False,False,True,True,-1,-1,False,False,False,True,82a62ee4c5bc4e44a889b406e868444d,pedestrian,True,1.4679890909741187,0.5797088171205643,True,False,,0,0,False,False
r2_b_50iter,compound,recovery_1_5,fcbccedd61424f1b85dcbf8f897f9754,f753d3f87e5b40af87ff2cbf7c8e7082,1533151610.446899,14,5,775,propagated,recover,defer,0.0,0.34140580892562866,0.0,0.0,0.004507218487560749,0.9771287441253662,1.0,0.7682621479034424,"[0.0, 0.0, 0.0, 1.0, 1.116442360809197e-20, 0.0]","[0.0, 0.0, 0.0, 0.9999727010726929, 9.141490563656613e-23, 0.0]","[-8.18170166015625, -24.184661865234375, -2.2014713287353516]","[-8.261299133300781, -25.25727653503418, -2.199474811553955]","[630.308837890625, 1636.75, 1.271994948387146]","[-8.18170166015625, -24.184661865234375, -2.2014713287353516]",pedestrian,0.08872099220752716,True,True,1,True,False,True,True,True,False,True,6,6,True,True,True,True,492dd3a15f894562b56ba7a00b39e47b,pedestrian,True,0.5033497740432586,0.7548261943807767,True,False,14,0,0,True,False
r2_b_50iter,compound,recovery_1_5,fcbccedd61424f1b85dcbf8f897f9754,f753d3f87e5b40af87ff2cbf7c8e7082,1533151610.446899,14,5,776,propagated,defer,keep,0.0,0.38874441385269165,0.0,0.0,0.0,0.9907347559928894,1.0,0.67618727684021,"[0.0, 0.0, 0.07342734932899475, 0.1954285055398941, 0.73114413022995, 0.0]","[0.0, 0.0, 0.0, 0.9999618530273438, 0.00013714091619476676, 0.0]","[-16.62786865234375, -23.396270751953125, -2.483856201171875]","[-16.195030212402344, -23.92087745666504, -2.537328004837036]","[636.4002685546875, 1642.00830078125, 0.9757015705108643]","[-16.62786865234375, -23.396270751953125, -2.483856201171875]",pedestrian,0.017593909054994583,False,False,-1,False,False,False,False,False,True,True,17,-1,False,False,False,False,,,False,4.392938062036316,,False,True,,5,0,False,False
r2_b_50iter,compound,recovery_1_5,fcbccedd61424f1b85dcbf8f897f9754,f753d3f87e5b40af87ff2cbf7c8e7082,1533151610.446899,14,5,779,propagated,defer,defer,0.0,0.3213503658771515,0.0,0.0,0.0,0.9953615665435791,1.0,0.6992562413215637,"[0.0, 0.0, 0.0, 1.0, 4.451129742566451e-11, 0.0]","[0.0, 0.0, 0.0, 0.999972939491272, 3.2825486578035024e-13, 0.0]","[-14.32623291015625, -29.290008544921875, -2.604299545288086]","[-14.264015197753906, -30.41338348388672, -2.5704658031463623]","[630.1803588867188, 1644.670654296875, 1.3025683164596558]","[-14.314756393432617, -29.935115814208984, -2.604299545288086]",pedestrian,0.010149679146707058,False,False,-1,False,False,False,False,False,True,True,-1,-1,False,False,False,True,081c19290123437ba6a3617344bbb55d,pedestrian,True,1.8806385616798855,1.3680978377117836,True,False,,0,0,False,False
r2_b_50iter,compound,recovery_1_5,fcbccedd61424f1b85dcbf8f897f9754,f753d3f87e5b40af87ff2cbf7c8e7082,1533151610.446899,14,5,781,propagated,defer,keep,0.0,0.481756329536438,0.0,0.0,0.0,0.9960420727729797,1.0,0.6894370913505554,"[0.0, 0.0, 0.06652694195508957, 0.1948094666004181, 0.7386636137962341, 0.0]","[0.0, 0.0, 0.0, 0.9999740123748779, 6.819840200478211e-05, 0.0]","[-19.1875, -28.12060546875, -2.8363380432128906]","[-18.902626037597656, -28.462703704833984, -2.846541166305542]","[634.6364135742188, 1647.002685546875, 0.9808082580566406]","[-19.1875, -28.12060546875, -2.8363380432128906]",pedestrian,0.017462152987718582,False,False,-1,False,False,False,False,False,True,True,19,-1,False,False,False,False,,,False,3.534558035628918,,False,True,,2,0,False,False
r2_b_50iter,compound,recovery_1_5,fcbccedd61424f1b85dcbf8f897f9754,f753d3f87e5b40af87ff2cbf7c8e7082,1533151610.446899,14,5,819,propagated,defer,defer,0.0,0.33427688479423523,0.0,0.0,0.0,0.9176326394081116,1.0,0.7503656148910522,"[0.0, 0.0, 0.0, 1.0, 2.390243667889276e-37, 0.0]","[0.0, 0.0, 0.0, 0.9999432563781738, 1.9781721017514105e-36, 0.0]","[-9.3365478515625, -52.44671630859375, -3.6263866424560547]","[-9.324317932128906, -51.19902038574219, -3.4248814582824707]","[611.035400390625, 1654.1861572265625, 1.6210929155349731]","[-9.381241798400879, -53.261558532714844, -3.6263866424560547]",pedestrian,0.004388107918202877,False,False,-1,False,False,False,False,False,True,True,-1,-1,False,False,False,True,82a62ee4c5bc4e44a889b406e868444d,pedestrian,True,1.2366766308658697,0.6528842496720725,True,False,,0,0,False,False
r2_b_50iter,compound,recovery_1_5,fcbccedd61424f1b85dcbf8f897f9754,f753d3f87e5b40af87ff2cbf7c8e7082,1533151610.446899,14,5,829,propagated,recover,defer,0.0,0.3804873824119568,0.0,0.0,0.003191829426214099,0.9940752387046814,1.0,0.6830949187278748,"[0.0, 0.0, 0.0, 1.0, 1.963655106573814e-11, 0.0]","[0.0, 0.0, 0.0, 0.9999719858169556, 2.87103457327631e-13, 0.0]","[-13.43115234375, -27.249755859375, -2.406330108642578]","[-13.341434478759766, -28.437076568603516, -2.3968188762664795]","[631.1129150390625, 1642.69189453125, 1.343268871307373]","[-13.425737380981445, -27.898632049560547, -2.406330108642578]",pedestrian,0.07527734339237213,True,True,0,True,False,True,True,True,False,True,1,1,True,True,True,True,0af15fef1ea54711846a22c13ab87a73,pedestrian,True,1.2923095025469753,0.2834154903022864,True,False,14,0,0,True,False
r2_b_50iter,compound,recovery_1_5,fcbccedd61424f1b85dcbf8f897f9754,f753d3f87e5b40af87ff2cbf7c8e7082,1533151610.446899,14,5,853,propagated,defer,defer,0.0,0.28968098759651184,0.0,0.0,0.0,0.973377525806427,1.0,0.728233814239502,"[0.0, 0.0, 0.0, 0.9999357461929321, 6.420569843612611e-05, 0.0]","[0.0, 0.0, 0.0, 0.9999799728393555, 7.670916602364741e-06, 0.0]","[-30.9613037109375, -48.2911376953125, -4.398141860961914]","[-31.108625411987305, -49.443199157714844, -4.41269063949585]","[626.2904052734375, 1669.848876953125, 0.862289547920227]","[-30.961305618286133, -48.2911376953125, -4.398141860961914]",pedestrian,0.003652986604720354,False,False,-1,False,False,False,False,False,True,True,-1,-1,False,False,False,False,,,False,21.703270521733355,,False,True,,0,0,False,False
r2_b_50iter,compound,recovery_1_5,fcbccedd61424f1b85dcbf8f897f9754,f753d3f87e5b40af87ff2cbf7c8e7082,1533151610.446899,14,5,862,propagated,defer,keep,0.0,0.48368752002716064,0.0,0.0,0.0,0.9919155836105347,1.0,0.7077284455299377,"[0.0, 0.0, 2.7655480039356917e-07, 0.21030579507350922, 0.7896938920021057, 0.0]","[0.0, 0.0, 0.0, 0.9999773502349854, 3.9201389881782234e-05, 0.0]","[-20.85174560546875, -30.803497314453125, -3.010343551635742]","[-20.5649356842041, -31.371885299682617, -3.033507823944092]","[633.4609375, 1650.1458740234375, 0.9940532445907593]","[-20.85174560546875, -30.803497314453125, -3.010343551635742]",pedestrian,0.013946187682449818,False,False,-1,False,False,False,False,False,True,True,-1,-1,False,False,False,False,,,False,5.735840950243871,,False,True,,4,0,False,False
r2_b_50iter,compound,recovery_1_5,fcbccedd61424f1b85dcbf8f897f9754,f753d3f87e5b40af87ff2cbf7c8e7082,1533151610.446899,14,5,892,propagated,defer,defer,0.0,0.38290828466415405,0.0,0.0,0.0,0.9821687340736389,1.0,0.7435386180877686,"[0.0, 0.0, 0.0, 0.9999995827674866, 4.201476997423015e-07, 0.0]","[0.0, 0.0, 0.0, 0.9999810457229614, 9.838679204676737e-09, 0.0]","[-18.48291015625, -32.082550048828125, -3.079364776611328]","[-18.547508239746094, -33.02660369873047, -3.014578104019165]","[630.900390625, 1649.6513671875, 1.081407904624939]","[-18.48291015625, -32.082550048828125, -3.079364776611328]",pedestrian,0.003729113843291998,False,False,-1,False,False,False,False,False,True,True,-1,-1,False,False,False,False,,,False,5.198132924116973,,False,True,,0,0,False,False
r2_b_50iter,compound,recovery_1_5,325cef682f064c55a255f2625c533b75,61a7bd24f88a46c2963280d8b13ac675,1538984239.948316,53,5,680,propagated,defer,recover,1.0,0.5398164987564087,1.2210731506347656,0.04318531975150108,0.0,0.9752410054206848,1.0,0.7617447972297668,"[0.0874171108007431, 0.0, 0.3073740303516388, 0.0, 0.6052088737487793, 0.0]","[0.0, 0.0, 0.0, 0.9999972581863403, 1.8058489148486956e-09, 0.0]","[-7.63262939453125, -14.50909423828125, -1.6881637573242188]","[-7.561363220214844, -12.746826171875, -1.5782759189605713]","[716.54345703125, 1787.5357666015625, 1.1512960195541382]","[-7.678365707397461, -13.85487174987793, -1.6881637573242188]",pedestrian,0.05662616714835167,False,False,145,True,True,True,False,False,False,True,0,-1,False,False,False,True,293abeb43b2a439abcd4ff08b981eeb9,pedestrian,True,1.4255509377932327,0.20601934327540394,True,False,13,0,0,True,False
r2_b_50iter,compound,recovery_1_5,325cef682f064c55a255f2625c533b75,61a7bd24f88a46c2963280d8b13ac675,1538984239.948316,53,5,729,propagated,defer,defer,4.0,0.336174339056015,0.0,0.0,0.0,0.9886780977249146,1.0,0.682367205619812,"[0.0, 0.0, 0.0, 0.0, 0.0, 0.0]","[0.0, 0.0, 0.0, 0.9999973773956299, 0.0, 0.0]","[4.259033203125, -42.25531005859375, -4.092533111572266]","[4.9913330078125, -42.07644271850586, -4.12521505355835]","[732.9468994140625, 1815.0064697265625, 0.39183151721954346]","[4.259032249450684, -42.25531005859375, -4.092533111572266]",car,0.0020424886606633663,False,False,-1,False,True,True,False,False,False,True,1,-1,False,False,False,False,,,False,7.275108573898412,,False,True,,0,0,False,False
r2_b_50iter,compound,recovery_1_5,325cef682f064c55a255f2625c533b75,61a7bd24f88a46c2963280d8b13ac675,1538984239.948316,53,5,837,propagated,defer,defer,1.0,0.3252854347229004,0.0,0.0,0.0,0.9844681024551392,1.0,0.78575199842453,"[0.0, 0.0, 0.0, 0.0, 0.0, 0.0]","[0.0, 0.0, 0.0, 0.9999957084655762, 4.6011795312413464e-15, 0.0]","[-12.0535888671875, -27.33172607421875, -2.749805450439453]","[-12.076835632324219, -26.47469711303711, -2.531521797180176]","[730.3248291015625, 1791.9886474609375, 1.155726671218872]","[-12.053589820861816, -27.33172607421875, -2.749805450439453]",pedestrian,0.10811294615268707,False,False,65,True,True,True,False,False,False,True,2,-1,False,False,False,False,,,False,3.4595745551597687,,False,True,,0,0,False,False
r2_b_50iter,compound,recovery_1_5,325cef682f064c55a255f2625c533b75,61a7bd24f88a46c2963280d8b13ac675,1538984239.948316,53,5,852,propagated,defer,defer,4.0,0.31903696060180664,0.0,0.0,0.0,0.989703893661499,1.0,0.6841222047805786,"[0.0, 0.0, 0.0, 0.0, 0.0, 0.0]","[0.0, 0.0, 0.0, 0.9999973773956299, 0.0, 0.0]","[3.4503173828125, -41.6702880859375, -4.012836456298828]","[3.6506729125976562, -40.979400634765625, -4.015164852142334]","[732.8453979492188, 1813.2744140625, 0.4451826810836792]","[3.4503164291381836, -41.6702880859375, -4.012836456298828]",bicycle,0.0019006107468158007,False,False,-1,False,True,True,False,False,False,True,3,-1,False,False,False,False,,,False,6.737017345864761,,False,True,,0,0,False,False
r2_b_50iter,compound,recovery_1_5,325cef682f064c55a255f2625c533b75,61a7bd24f88a46c2963280d8b13ac675,1538984239.948316,53,5,870,propagated,defer,defer,1.0,0.23464104533195496,0.0,0.0,0.0,0.9748303890228271,1.0,0.7906436324119568,"[0.0, 0.0, 0.0, 0.0, 0.0, 0.0]","[0.0, 0.0, 0.0, 0.9999959468841553, 5.412175885271186e-15, 0.0]","[-13.30596923828125, -30.73846435546875, -3.0374069213867188]","[-13.498741149902344, -29.6451473236084, -2.8322548866271973]","[733.735595703125, 1792.7130126953125, 1.080783724784851]","[-13.305970191955566, -30.73846435546875, -3.0374069213867188]",pedestrian,0.04851599410176277,False,False,162,True,True,True,False,False,False,True,4,-1,False,False,False,True,0b4e0eb8ab06454d8904248794faa095,pedestrian,True,0.08666286794032234,1.2581971506794408e-06,True,False,,0,0,False,False
r2_b_50iter,compound,recovery_1_5,325cef682f064c55a255f2625c533b75,61a7bd24f88a46c2963280d8b13ac675,1538984239.948316,53,5,886,propagated,defer,defer,1.0,0.3703630864620209,0.0,0.0,0.0,0.9812355637550354,1.0,0.787357747554779,"[0.0, 0.0, 0.0, 0.0, 0.0, 0.0]","[0.0, 0.0, 0.0, 0.9999934434890747, 5.045274698602691e-24, 0.0]","[-10.000732421875, -31.307861328125, -2.8306312561035156]","[-9.760971069335938, -30.407936096191406, -2.548170566558838]","[732.1326904296875, 1796.1741943359375, 1.3706609010696411]","[-10.000733375549316, -31.307861328125, -2.8306312561035156]",pedestrian,0.16874080896377563,False,False,45,True,True,True,False,False,False,True,5,-1,True,False,False,True,26ae4a920a9c4457909454cd8a84c959,pedestrian,True,1.3545937528140137,1.3009482733572366e-06,True,False,13,0,0,True,False
r2_b_50iter,compound,recovery_1_5,325cef682f064c55a255f2625c533b75,609d5177362340458a3bfd4949cd1e64,1538984240.448191,54,5,13,base,defer,defer,0.0,0.31719622015953064,0.0,0.0,0.0,0.0,1.0,0.6846703290939331,"[0.0, 0.0, 0.0, 0.0, 0.0, 0.0]","[0.0, 0.0, 0.0, 0.9999954700469971, 0.0, 9.91109929432148e-37]","[0.0, 0.0, 0.0]","[6.388984680175781, -40.82352066040039, -3.485762596130371]","[733.222412109375, 1809.716552734375, 1.3000162839889526]","[0.0, 0.0, 0.0]",car,0.010043052956461906,False,False,-1,False,False,False,False,False,True,True,-1,-1,False,False,False,False,,,False,6.903517457067616,,False,True,,0,0,False,False
r2_b_50iter,compound,recovery_1_5,325cef682f064c55a255f2625c533b75,609d5177362340458a3bfd4949cd1e64,1538984240.448191,54,5,23,base,defer,defer,0.0,0.38176026940345764,0.0,0.0,0.0,0.0,1.0,0.6449869275093079,"[0.0, 0.0, 0.0, 0.0, 0.0, 0.0]","[0.0, 0.0, 0.0, 0.9999947547912598, 0.0, 6.691038079398936e-27]","[0.0, 0.0, 0.0]","[10.624805450439453, -43.068153381347656, -3.4929723739624023]","[733.25048828125, 1814.5081787109375, 1.4405790567398071]","[0.0, 0.0, 0.0]",car,0.008164878003299236,False,False,-1,False,False,False,False,False,True,True,-1,-1,False,False,False,False,,,False,6.9887564642674835,,False,True,,0,0,False,False
r2_b_50iter,compound,recovery_1_5,325cef682f064c55a255f2625c533b75,609d5177362340458a3bfd4949cd1e64,1538984240.448191,54,5,362,base,defer,defer,0.0,0.3397267758846283,0.0,0.0,0.0,0.0,1.0,0.8176705837249756,"[0.0, 0.0, 0.0, 0.0, 0.0, 0.0]","[0.0, 0.0, 0.0, 0.9999953508377075, 1.0184567916812474e-28, 0.0]","[0.0, 0.0, 0.0]","[-8.068649291992188, -30.151683807373047, -2.744058132171631]","[730.4161376953125, 1791.9517822265625, 1.313266634941101]","[0.0, 0.0, 0.0]",pedestrian,0.02317146584391594,False,False,-1,False,False,False,False,False,True,True,-1,-1,False,False,False,False,,,False,3.377053270670727,,False,True,,0,0,False,False
r2_b_50iter,compound,recovery_1_5,325cef682f064c55a255f2625c533b75,609d5177362340458a3bfd4949cd1e64,1538984240.448191,54,5,507,base,defer,defer,0.0,0.29211950302124023,0.0,0.0,0.0,0.0,1.0,0.7934050559997559,"[0.0, 0.0, 0.0, 0.0, 0.0, 0.0]","[0.0, 0.0, 0.0, 0.999994158744812, 3.427709207485911e-28, 0.0]","[0.0, 0.0, 0.0]","[-9.045867919921875, -33.325439453125, -2.8494443893432617]","[733.6812744140625, 1792.5517578125, 1.4464536905288696]","[0.0, 0.0, 0.0]",pedestrian,0.031238865107297897,False,False,-1,False,False,False,False,False,True,True,-1,-1,False,False,False,True,32beeedcb9c44706802f47214e2c1d8f,pedestrian,True,0.08702478753411423,2.6164835823372976e-06,True,False,,0,0,False,False
r2_b_50iter,compound,recovery_1_5,325cef682f064c55a255f2625c533b75,609d5177362340458a3bfd4949cd1e64,1538984240.448191,54,5,684,propagated,defer,defer,0.0,0.3887113630771637,0.0,0.0,0.0,0.9851208329200745,1.0,0.7600621581077576,"[0.0, 0.0, 0.0, 1.0, 3.96801534298519e-26, 0.0]","[0.0, 0.0, 0.0, 0.9999927282333374, 0.0, 0.0]","[-5.06585693359375, -32.3555908203125, -2.725879669189453]","[-4.228813171386719, -32.52793502807617, -2.587306022644043]","[730.7325439453125, 1796.447998046875, 1.6287232637405396]","[-5.065857410430908, -32.3555908203125, -2.725879669189453]",pedestrian,0.019823871552944183,False,False,-1,False,False,False,False,False,True,True,5,-1,True,False,False,True,a146d0e0204643deb471d728e0243ddc,pedestrian,True,1.5790353410802593,1.4551927433396982e-06,True,False,14,0,0,True,False
r2_b_50iter,compound,recovery_1_5,325cef682f064c55a255f2625c533b75,609d5177362340458a3bfd4949cd1e64,1538984240.448191,54,5,849,propagated,defer,defer,0.0,0.36860325932502747,0.0,0.0,0.0,0.9966853260993958,1.0,0.7181775569915771,"[0.0, 0.0, 0.0, 1.0, 1.5773830852605641e-10, 0.0]","[0.0, 0.0, 0.0, 0.9999969005584717, 2.0943817290994857e-21, 0.0]","[-5.22613525390625, -15.3819580078125, -1.7429046630859375]","[-5.361499786376953, -14.377666473388672, -1.5598435401916504]","[715.1368408203125, 1787.043212890625, 1.3189963102340698]","[-5.359435081481934, -14.741662979125977, -1.7429046630859375]",pedestrian,0.010562741197645664,False,False,-1,False,False,False,False,False,True,True,-1,-1,False,False,False,False,,,False,2.227713279009009,,False,True,,0,0,False,False
